
> wild-guardians-africa@0.1.0 test
> node --test tests

TAP version 13
# Subtest: QA-017/019: eight canonical plant commands charge 309 and create only the approved checkpoints
ok 1 - QA-017/019: eight canonical plant commands charge 309 and create only the approved checkpoints
  ---
  duration_ms: 7.9662
  ...
# Subtest: QA-009/018: attended millet and banana require 140/570 daylight seconds across an accelerated night
ok 2 - QA-009/018: attended millet and banana require 140/570 daylight seconds across an accelerated night
  ---
  duration_ms: 675.9926
  ...
# Subtest: QA-019: physical care completes exactly the canonical number of waterings for every species, with no water charge
ok 3 - QA-019: physical care completes exactly the canonical number of waterings for every species, with no water charge
  ---
  duration_ms: 1387.4895
  ...
# Subtest: QA-015/020/021: one large step preserves banana checkpoint debt and freezes at 23.75 daylight seconds overdue
ok 4 - QA-015/020/021: one large step preserves banana checkpoint debt and freezes at 23.75 daylight seconds overdue
  ---
  duration_ms: 13.0952
  ...
# Subtest: QA-022: ten seconds of remaining banana tolerance survive the full night then run out in daylight
ok 5 - QA-022: ten seconds of remaining banana tolerance survive the full night then run out in daylight
  ---
  duration_ms: 35.9989
  ...
# Subtest: QA-023: a mature unrequested plant remains stable through four dawns without water or deterioration
ok 6 - QA-023: a mature unrequested plant remains stable through four dawns without water or deterioration
  ---
  duration_ms: 451.1384
  ...
# Subtest: QA-024: first-care debt gates growth and long-tolerance cassava waits below maturity until final watering
ok 7 - QA-024: first-care debt gates growth and long-tolerance cassava waits below maturity until final watering
  ---
  duration_ms: 172.9141
  ...
# Subtest: QA-015: large real frames stop at each dawn and charge only an explicitly confirmed daily contract once
ok 8 - QA-015: large real frames stop at each dawn and charge only an explicitly confirmed daily contract once
  ---
  duration_ms: 389.1533
  ...
# Subtest: QA-029/031: Growth cannot cure dry pre-existing debt; manual watering resumes its 1.5 rate
ok 9 - QA-029/031: Growth cannot cure dry pre-existing debt; manual watering resumes its 1.5 rate
  ---
  duration_ms: 6.2948
  ...
# Subtest: QA-024/029: Growth on a newly paid sprout never completes its initial sowing/watering task
ok 10 - QA-024/029: Growth on a newly paid sprout never completes its initial sowing/watering task
  ---
  duration_ms: 3.2025
  ...
# Subtest: QA-030/032: a checkpoint at the exact Growth expiry is satisfied once with no deferred water task
ok 11 - QA-030/032: a checkpoint at the exact Growth expiry is satisfied once with no deferred water task
  ---
  duration_ms: 6.5335
  ...
# Subtest: QA-030: each canonical species satisfies only the threshold crossed within the 30-second Growth effect
ok 12 - QA-030: each canonical species satisfies only the threshold crossed within the 30-second Growth effect
  ---
  duration_ms: 206.4398
  ...
# Subtest: QA-029/031: an actual worker waters dry sunflower during Growth, then the next checkpoint is satisfied by magic
ok 13 - QA-029/031: an actual worker waters dry sunflower during Growth, then the next checkpoint is satisfied by magic
  ---
  duration_ms: 35.6849
  ...
# Subtest: QA-025/026/028: mixed group harvest reserves distinct plants for two workers and pays each delivered crate once
ok 14 - QA-025/026/028: mixed group harvest reserves distinct plants for two workers and pays each delivered crate once
  ---
  duration_ms: 121.7712
  ...
# Subtest: QA-027: group request inserts nearest-to-centre first while retaining an older watering task ahead of it
ok 15 - QA-027: group request inserts nearest-to-centre first while retaining an older watering task ahead of it
  ---
  duration_ms: 0.7527
  ...
# Subtest: QA-033: Multiply requested before harvest does not reward a pickup after the effect expires
ok 16 - QA-033: Multiply requested before harvest does not reward a pickup after the effect expires
  ---
  duration_ms: 14.9362
  ...
# Subtest: QA-034: male pickup within Multiply fixes one 21.6-valued crate, rounds delivery to 22 and survives reload
ok 17 - QA-034: male pickup within Multiply fixes one 21.6-valued crate, rounds delivery to 22 and survives reload
  ---
  duration_ms: 39.3631
  ...
# Subtest: QA-011: accelerated night splits at raid arrival before moving the animal at normal speed
ok 18 - QA-011: accelerated night splits at raid arrival before moving the animal at normal speed
  ---
  duration_ms: 12.4931
  ...
# Subtest: QA-011: one real frame straddling raid arrival matches two frames split at its boundary
ok 19 - QA-011: one real frame straddling raid arrival matches two frames split at its boundary
  ---
  duration_ms: 1.9912
  ...
# Subtest: QA-009/010/015: 300 real daytime seconds and 60 calm-night seconds reach one blocked dawn
ok 20 - QA-009/010/015: 300 real daytime seconds and 60 calm-night seconds reach one blocked dawn
  ---
  duration_ms: 232.6535
  ...
# Subtest: QA-009/010: fractional daylight-to-night frame uses each side of the boundary at its own speed
ok 21 - QA-009/010: fractional daylight-to-night frame uses each side of the boundary at its own speed
  ---
  duration_ms: 0.5529
  ...
# Subtest: QA-010: a full calm night preserves growth and remaining water tolerance
ok 22 - QA-010: a full calm night preserves growth and remaining water tolerance
  ---
  duration_ms: 22.3608
  ...
# Subtest: QA-012/013: only the last animal leaving restores accelerated night and emits one end
ok 23 - QA-012/013: only the last animal leaving restores accelerated night and emits one end
  ---
  duration_ms: 1.313
  ...
# Subtest: QA-007/014: blocked real-time advances preserve every field until all pause causes clear
ok 24 - QA-007/014: blocked real-time advances preserve every field until all pause causes clear
  ---
  duration_ms: 0.8184
  ...
# Subtest: QA-037: all four profiles charge age wages once and preserve sex-independent contracts
ok 25 - QA-037: all four profiles charge age wages once and preserve sex-independent contracts
  ---
  duration_ms: 11.8948
  ...
# Subtest: QA-039: confirming zero staff advances a recoverable farm without fictitious production
ok 26 - QA-039: confirming zero staff advances a recoverable farm without fictitious production
  ---
  duration_ms: 46.5789
  ...
# Subtest: QA-040: real hiring with 100/20/0 living plants allocates six staff 4/1/1
ok 27 - QA-040: real hiring with 100/20/0 living plants allocates six staff 4/1/1
  ---
  duration_ms: 25.5455
  ...
# Subtest: QA-041: scarce staff cover the most populated centers before assigning seconds
ok 28 - QA-041: scarce staff cover the most populated centers before assigning seconds
  ---
  duration_ms: 6.2659
  ...
# Subtest: QA-042: tied scarcity uses creation order regardless of structure array order
ok 29 - QA-042: tied scarcity uses creation order regardless of structure array order
  ---
  duration_ms: 1.2495
  ...
# Subtest: QA-043: eight workers divide 3/3/2 among empty centers and create no work
ok 30 - QA-043: eight workers divide 3/3/2 among empty centers and create no work
  ---
  duration_ms: 75.262
  ...
# Subtest: QA-044: species price, growth and water count do not change equal plant weights
ok 31 - QA-044: species price, growth and water count do not change equal plant weights
  ---
  duration_ms: 23.1526
  ...
# Subtest: QA-045: vastly different village populations do not introduce a village-first quota
ok 32 - QA-045: vastly different village populations do not introduce a village-first quota
  ---
  duration_ms: 5.0141
  ...
# Subtest: QA-046: four-profile hiring preserves balanced mixtures through unequal center quotas and save
ok 33 - QA-046: four-profile hiring preserves balanced mixtures through unequal center quotas and save
  ---
  duration_ms: 12.2185
  ...
# Subtest: QA-049/050/051: new crops and a midday center do not transfer existing staff or crop bindings
ok 34 - QA-049/050/051: new crops and a midday center do not transfer existing staff or crop bindings
  ---
  duration_ms: 49.1412
  ...
# Subtest: Sabana/Mapungubwe/712/olderFemale: sunflower farm sustains paid work, real deliveries and raids through night 100
ok 35 - Sabana/Mapungubwe/712/olderFemale: sunflower farm sustains paid work, real deliveries and raids through night 100
  ---
  duration_ms: 191267.6917
  ...
# Subtest: Sabana/Mapungubwe/712/olderFemale: mixed eight-crop farm sustains paid work, real deliveries and raids through night 100
ok 36 - Sabana/Mapungubwe/712/olderFemale: mixed eight-crop farm sustains paid work, real deliveries and raids through night 100
  ---
  duration_ms: 138311.4295
  ...
# Subtest: warthog: exhausted native body detours around a worker without a hit, speed increase or invalid segment
ok 37 - warthog: exhausted native body detours around a worker without a hit, speed increase or invalid segment
  ---
  duration_ms: 19.2012
  ...
# Subtest: hyena: exhausted native body detours around a worker without a hit, speed increase or invalid segment
ok 38 - hyena: exhausted native body detours around a worker without a hit, speed increase or invalid segment
  ---
  duration_ms: 3.1882
  ...
# Subtest: buffalo: exhausted native body detours around a worker without a hit, speed increase or invalid segment
ok 39 - buffalo: exhausted native body detours around a worker without a hit, speed increase or invalid segment
  ---
  duration_ms: 2.0039
  ...
# Subtest: lion: exhausted native body detours around a worker without a hit, speed increase or invalid segment
ok 40 - lion: exhausted native body detours around a worker without a hit, speed increase or invalid segment
  ---
  duration_ms: 2.7483
  ...
# Subtest: rhino: exhausted native body detours around a worker without a hit, speed increase or invalid segment
ok 41 - rhino: exhausted native body detours around a worker without a hit, speed increase or invalid segment
  ---
  duration_ms: 1.6221
  ...
# Subtest: An occupied narrow static passage waits, keeps the exit, and resumes when the person reaches home
ok 42 - An occupied narrow static passage waits, keeps the exit, and resumes when the person reaches home
  ---
  duration_ms: 11.9382
  ...
# Subtest: Workers avoid a retreating beast in both movement directions and charge only travelled running metres
ok 43 - Workers avoid a retreating beast in both movement directions and charge only travelled running metres
  ---
  duration_ms: 6.6115
  ...
# Subtest: A worker blocked by a retreating body spends no reserve or gait time, then resumes the same paid route
ok 44 - A worker blocked by a retreating body spends no reserve or gait time, then resumes the same paid route
  ---
  duration_ms: 16.8322
  ...
# Subtest: Two native animals crossing opposite ways maintain separation and both finish
ok 45 - Two native animals crossing opposite ways maintain separation and both finish
  ---
  duration_ms: 3.3186
  ...
# Subtest: Saving midway through a detour preserves its route and deterministic motion
ok 46 - Saving midway through a detour preserves its route and deterministic motion
  ---
  duration_ms: 3.3771
  ...
# Subtest: Physical clearance preserves active encounters but protects incapacitated people and exhausted states
ok 47 - Physical clearance preserves active encounters but protects incapacitated people and exhausted states
  ---
  duration_ms: 0.5207
  ...
# Subtest: Legacy overlaps may escape continuously but cannot move deeper or across the other body
ok 48 - Legacy overlaps may escape continuously but cannot move deeper or across the other body
  ---
  duration_ms: 0.2758
  ...
# Subtest: Crowded crop approaches are recomputed outside the other native bodies and the raid completes
ok 49 - Crowded crop approaches are recomputed outside the other native bodies and the raid completes
  ---
  duration_ms: 74.1036
  ...
# Subtest: user source is preserved byte-for-byte and extracted function bodies are authentic
ok 50 - user source is preserved byte-for-byte and extracted function bodies are authentic
  ---
  duration_ms: 80.4882
  ...
# Subtest: toon composes with native vertex deformation, preserves textures and depth materials
ok 51 - toon composes with native vertex deformation, preserves textures and depth materials
  ---
  duration_ms: 4.6087
  ...
# Subtest: transparent VFX, basic overlays and painted water keep their native shader paths
ok 52 - transparent VFX, basic overlays and painted water keep their native shader paths
  ---
  duration_ms: 2.3357
  ...
# Subtest: very low ground receives authentic toon bands without Three lighting or shadow dependencies
ok 53 - very low ground receives authentic toon bands without Three lighting or shadow dependencies
  ---
  duration_ms: 0.8544
  ...
# Subtest: growth: native blessing lasts its approved simulated duration without hearts, extra gameplay or lost reload phase
ok 54 - growth: native blessing lasts its approved simulated duration without hearts, extra gameplay or lost reload phase
  ---
  duration_ms: 333.603
  ...
# Subtest: multiply: native blessing lasts its approved simulated duration without hearts, extra gameplay or lost reload phase
ok 55 - multiply: native blessing lasts its approved simulated duration without hearts, extra gameplay or lost reload phase
  ---
  duration_ms: 137.5242
  ...
# Subtest: warthog/Right_Hand_Sword_Slash: complete native duration, one hit, saved progress and physical retreat
ok 56 - warthog/Right_Hand_Sword_Slash: complete native duration, one hit, saved progress and physical retreat
  ---
  duration_ms: 11.3801
  ...
# Subtest: warthog/Charged_Upward_Slash: complete native duration, one hit, saved progress and physical retreat
ok 57 - warthog/Charged_Upward_Slash: complete native duration, one hit, saved progress and physical retreat
  ---
  duration_ms: 0.7735
  ...
# Subtest: warthog/Weapon_Combo: complete native duration, one hit, saved progress and physical retreat
ok 58 - warthog/Weapon_Combo: complete native duration, one hit, saved progress and physical retreat
  ---
  duration_ms: 1.1931
  ...
# Subtest: warthog/Weapon_Combo_2: complete native duration, one hit, saved progress and physical retreat
ok 59 - warthog/Weapon_Combo_2: complete native duration, one hit, saved progress and physical retreat
  ---
  duration_ms: 0.6928
  ...
# Subtest: hyena/Right_Hand_Sword_Slash: complete native duration, one hit, saved progress and physical retreat
ok 60 - hyena/Right_Hand_Sword_Slash: complete native duration, one hit, saved progress and physical retreat
  ---
  duration_ms: 0.5831
  ...
# Subtest: hyena/Charged_Upward_Slash: complete native duration, one hit, saved progress and physical retreat
ok 61 - hyena/Charged_Upward_Slash: complete native duration, one hit, saved progress and physical retreat
  ---
  duration_ms: 0.5223
  ...
# Subtest: hyena/Weapon_Combo: complete native duration, one hit, saved progress and physical retreat
ok 62 - hyena/Weapon_Combo: complete native duration, one hit, saved progress and physical retreat
  ---
  duration_ms: 0.9851
  ...
# Subtest: hyena/Weapon_Combo_2: complete native duration, one hit, saved progress and physical retreat
ok 63 - hyena/Weapon_Combo_2: complete native duration, one hit, saved progress and physical retreat
  ---
  duration_ms: 0.74
  ...
# Subtest: buffalo/Right_Hand_Sword_Slash: complete native duration, one hit, saved progress and physical retreat
ok 64 - buffalo/Right_Hand_Sword_Slash: complete native duration, one hit, saved progress and physical retreat
  ---
  duration_ms: 2.3692
  ...
# Subtest: buffalo/Charged_Upward_Slash: complete native duration, one hit, saved progress and physical retreat
ok 65 - buffalo/Charged_Upward_Slash: complete native duration, one hit, saved progress and physical retreat
  ---
  duration_ms: 1.1916
  ...
# Subtest: buffalo/Weapon_Combo: complete native duration, one hit, saved progress and physical retreat
ok 66 - buffalo/Weapon_Combo: complete native duration, one hit, saved progress and physical retreat
  ---
  duration_ms: 0.6659
  ...
# Subtest: buffalo/Weapon_Combo_2: complete native duration, one hit, saved progress and physical retreat
ok 67 - buffalo/Weapon_Combo_2: complete native duration, one hit, saved progress and physical retreat
  ---
  duration_ms: 0.6795
  ...
# Subtest: lion/Right_Hand_Sword_Slash: complete native duration, one hit, saved progress and physical retreat
ok 68 - lion/Right_Hand_Sword_Slash: complete native duration, one hit, saved progress and physical retreat
  ---
  duration_ms: 0.573
  ...
# Subtest: lion/Charged_Upward_Slash: complete native duration, one hit, saved progress and physical retreat
ok 69 - lion/Charged_Upward_Slash: complete native duration, one hit, saved progress and physical retreat
  ---
  duration_ms: 0.5943
  ...
# Subtest: lion/Weapon_Combo: complete native duration, one hit, saved progress and physical retreat
ok 70 - lion/Weapon_Combo: complete native duration, one hit, saved progress and physical retreat
  ---
  duration_ms: 0.8465
  ...
# Subtest: lion/Weapon_Combo_2: complete native duration, one hit, saved progress and physical retreat
ok 71 - lion/Weapon_Combo_2: complete native duration, one hit, saved progress and physical retreat
  ---
  duration_ms: 3.268
  ...
# Subtest: rhino/Right_Hand_Sword_Slash: complete native duration, one hit, saved progress and physical retreat
ok 72 - rhino/Right_Hand_Sword_Slash: complete native duration, one hit, saved progress and physical retreat
  ---
  duration_ms: 1.1219
  ...
# Subtest: rhino/Charged_Upward_Slash: complete native duration, one hit, saved progress and physical retreat
ok 73 - rhino/Charged_Upward_Slash: complete native duration, one hit, saved progress and physical retreat
  ---
  duration_ms: 0.8023
  ...
# Subtest: rhino/Weapon_Combo: complete native duration, one hit, saved progress and physical retreat
ok 74 - rhino/Weapon_Combo: complete native duration, one hit, saved progress and physical retreat
  ---
  duration_ms: 0.6559
  ...
# Subtest: rhino/Weapon_Combo_2: complete native duration, one hit, saved progress and physical retreat
ok 75 - rhino/Weapon_Combo_2: complete native duration, one hit, saved progress and physical retreat
  ---
  duration_ms: 0.5856
  ...
# Subtest: An invalidated target cannot be replaced underneath a committed attack or receive phantom damage
ok 76 - An invalidated target cannot be replaced underneath a committed attack or receive phantom damage
  ---
  duration_ms: 0.5343
  ...
# Subtest: Exhausting a budget during an attack finishes its presentation without granting another hit
ok 77 - Exhausting a budget during an attack finishes its presentation without granting another hit
  ---
  duration_ms: 0.4066
  ...
# Subtest: Shield contact consumes one completed attack without damage, and blocking pause freezes the clip phase
ok 78 - Shield contact consumes one completed attack without damage, and blocking pause freezes the clip phase
  ---
  duration_ms: 1.4541
  ...
# Subtest: warthog: original GLB hash, in-place tracks, nonlooping poses and animated foot grounding
ok 79 - warthog: original GLB hash, in-place tracks, nonlooping poses and animated foot grounding
  ---
  duration_ms: 5928.2444
  ...
# Subtest: hyena: original GLB hash, in-place tracks, nonlooping poses and animated foot grounding
ok 80 - hyena: original GLB hash, in-place tracks, nonlooping poses and animated foot grounding
  ---
  duration_ms: 4693.1379
  ...
# Subtest: buffalo: original GLB hash, in-place tracks, nonlooping poses and animated foot grounding
ok 81 - buffalo: original GLB hash, in-place tracks, nonlooping poses and animated foot grounding
  ---
  duration_ms: 3683.5681
  ...
# Subtest: lion: original GLB hash, in-place tracks, nonlooping poses and animated foot grounding
ok 82 - lion: original GLB hash, in-place tracks, nonlooping poses and animated foot grounding
  ---
  duration_ms: 8383.4231
  ...
# Subtest: rhino: original GLB hash, in-place tracks, nonlooping poses and animated foot grounding
ok 83 - rhino: original GLB hash, in-place tracks, nonlooping poses and animated foot grounding
  ---
  duration_ms: 3859.128
  ...
# Subtest: chunk clip preserves the original half-open FS predicate and biome exceptions
ok 84 - chunk clip preserves the original half-open FS predicate and biome exceptions
  ---
  duration_ms: 297.36
  ...
# Subtest: adjacent chunks carry independent bounds through LOD while retaining shared atlas material and solid shadow geometry
ok 85 - adjacent chunks carry independent bounds through LOD while retaining shared atlas material and solid shadow geometry
  ---
  duration_ms: 17.2806
  ...
# Subtest: clip shader composes once with coverage and African Toon without enabling clipping on shadow material
ok 86 - clip shader composes once with coverage and African Toon without enabling clipping on shadow material
  ---
  duration_ms: 3.0698
  ...
# Subtest: full native chunk boxes match the original plane culling and remain independent of reduced render geometry
ok 87 - full native chunk boxes match the original plane culling and remain independent of reduced render geometry
  ---
  duration_ms: 61.9514
  ...
# Subtest: global groups retain native matrices and per-instance coverage, cull main chunks but keep shadow populations
ok 88 - global groups retain native matrices and per-instance coverage, cull main chunks but keep shadow populations
  ---
  duration_ms: 62.2413
  ...
# Subtest: clip exceptions, hidden chunks and vegetation retain the original pass eligibility
ok 89 - clip exceptions, hidden chunks and vegetation retain the original pass eligibility
  ---
  duration_ms: 35.3347
  ...
# Subtest: retired groups release their own buffers once, preserve borrowed arrays and switch back to individual drawing
ok 90 - retired groups release their own buffers once, preserve borrowed arrays and switch back to individual drawing
  ---
  duration_ms: 7.2498
  ...
# Subtest: light volume retains offscreen casters, excludes remote/clip chunks and follows focus independently of color
ok 91 - light volume retains offscreen casters, excludes remote/clip chunks and follows focus independently of color
  ---
  duration_ms: 10.1487
  ...
# Subtest: shadow selection includes bounds of the final native variant even if they exceed LOD0
ok 92 - shadow selection includes bounds of the final native variant even if they exceed LOD0
  ---
  duration_ms: 3.3369
  ...
# (node:20416) ExperimentalWarning: Importing JSON modules is an experimental feature and might change at any time
# (Use `node --trace-warnings ...` to show where the warning was created)
# Subtest: native distance selection matches the complete lab method across categories, qualities, size and three-dimensional eye poses
ok 93 - native distance selection matches the complete lab method across categories, qualities, size and three-dimensional eye poses
  ---
  duration_ms: 147.8529
  ...
# Subtest: render bins preserve authored transforms and coverage through level changes, retaining full logical geometry
ok 94 - render bins preserve authored transforms and coverage through level changes, retaining full logical geometry
  ---
  duration_ms: 16.0361
  ...
# Subtest: short vegetation distance culling does not remove logical instances and reappears when the camera returns
ok 95 - short vegetation distance culling does not remove logical instances and reappears when the camera returns
  ---
  duration_ms: 2.968
  ...
# Subtest: native shadow population combines color bins once using the final original variant and stable GPU matrices
ok 96 - native shadow population combines color bins once using the final original variant and stable GPU matrices
  ---
  duration_ms: 56.0798
  ...
# Subtest: shadow proxies enter only the shadow traversal and restore borrowed resources even on an exception
ok 97 - shadow proxies enter only the shadow traversal and restore borrowed resources even on an exception
  ---
  duration_ms: 11.5654
  ...
# Subtest: disabled, cached and empty-light passes do not add proxies; hidden color batches and grass never cast
ok 98 - disabled, cached and empty-light passes do not add proxies; hidden color batches and grass never cast
  ---
  duration_ms: 10.2574
  ...
# (node:6348) ExperimentalWarning: Importing JSON modules is an experimental feature and might change at any time
# (Use `node --trace-warnings ...` to show where the warning was created)
# Subtest: all 120 original surface classifications and every LOD tangent buffer match the native recipes
ok 99 - all 120 original surface classifications and every LOD tangent buffer match the native recipes
  ---
  duration_ms: 3600.676
  ...
# Subtest: native atlas loading preserves shared color/normal/MR maps, per-asset materials and per-LOD tangent handedness
ok 100 - native atlas loading preserves shared color/normal/MR maps, per-asset materials and per-LOD tangent handedness
  ---
  duration_ms: 3125.2406
  ...
# Subtest: native surface uniforms and atlas channels compose with cel shading and per-instance coverage
ok 101 - native surface uniforms and atlas channels compose with cel shading and per-instance coverage
  ---
  duration_ms: 9.4137
  ...
# Subtest: warthog: four clips present one committed logical hit with independent decorative contacts, pause and reload
ok 102 - warthog: four clips present one committed logical hit with independent decorative contacts, pause and reload
  ---
  duration_ms: 482.8894
  ...
# Subtest: hyena: four clips present one committed logical hit with independent decorative contacts, pause and reload
ok 103 - hyena: four clips present one committed logical hit with independent decorative contacts, pause and reload
  ---
  duration_ms: 406.2336
  ...
# Subtest: buffalo: four clips present one committed logical hit with independent decorative contacts, pause and reload
ok 104 - buffalo: four clips present one committed logical hit with independent decorative contacts, pause and reload
  ---
  duration_ms: 481.98
  ...
# Subtest: lion: four clips present one committed logical hit with independent decorative contacts, pause and reload
ok 105 - lion: four clips present one committed logical hit with independent decorative contacts, pause and reload
  ---
  duration_ms: 322.5523
  ...
# Subtest: rhino: four clips present one committed logical hit with independent decorative contacts, pause and reload
ok 106 - rhino: four clips present one committed logical hit with independent decorative contacts, pause and reload
  ---
  duration_ms: 350.9268
  ...
# Subtest: Shield hit metadata places the contact on its actual edge and survives shield expiry and raid removal
ok 107 - Shield hit metadata places the contact on its actual edge and survives shield expiry and raid removal
  ---
  duration_ms: 91.9921
  ...
# Subtest: Invalidated targets and exhausted attacks release visuals without inventing a completed impact
ok 108 - Invalidated targets and exhausted attacks release visuals without inventing a completed impact
  ---
  duration_ms: 27.1043
  ...
# Subtest: Different attack IDs coexist through dissipating tails; legacy/malformed metadata cannot replay damage
ok 109 - Different attack IDs coexist through dissipating tails; legacy/malformed metadata cannot replay damage
  ---
  duration_ms: 0.8326
  ...
# Subtest: Legacy center hit facts recover native culture and yaw from the retained structure without changing damage
ok 110 - Legacy center hit facts recover native culture and yaw from the retained structure without changing damage
  ---
  duration_ms: 3.6606
  ...
# (node:32604) ExperimentalWarning: Importing JSON modules is an experimental feature and might change at any time
# (Use `node --trace-warnings ...` to show where the warning was created)
# Subtest: Every gameplay sound resolves to a one-shot in the supplied SFX lab
ok 111 - Every gameplay sound resolves to a one-shot in the supplied SFX lab
  ---
  duration_ms: 62.7647
  ...
# Subtest: Leaving a scene while a sound decodes cannot start playback afterwards
ok 112 - Leaving a scene while a sound decodes cannot start playback afterwards
  ---
  duration_ms: 0.691
  ...
# Subtest: Loading a save suppresses historical sound events while new events still play
ok 113 - Loading a save suppresses historical sound events while new events still play
  ---
  duration_ms: 1.3789
  ...
# Subtest: five native center envelopes contain intact/interior and falling vertices throughout collapse
ok 114 - five native center envelopes contain intact/interior and falling vertices throughout collapse
  ---
  duration_ms: 8692.0052
  ...
# Subtest: all five DEST cultures share HDR resources with cel debris, retain native depth and use lab exposure
ok 115 - all five DEST cultures share HDR resources with cel debris, retain native depth and use lab exposure
  ---
  duration_ms: 13.4935
  ...
# Subtest: removing world fog also removes it from DEST buildings, debris and smoke
ok 116 - removing world fog also removes it from DEST buildings, debris and smoke
  ---
  duration_ms: 5.6462
  ...
# Subtest: Five native center templates retain original textures, proportions, UVs and world footprint
ok 117 - Five native center templates retain original textures, proportions, UVs and world footprint
  ---
  duration_ms: 10.896
  ...
# Subtest: Collapse displays all native 3.2 seconds after an oversized hit and restores intact on repair
ok 118 - Collapse displays all native 3.2 seconds after an oversized hit and restores intact on repair
  ---
  duration_ms: 217.8439
  ...
# Subtest: Separate houses keep independent damage masks, shader time and interior depth guard
ok 119 - Separate houses keep independent damage masks, shader time and interior depth guard
  ---
  duration_ms: 97.1999
  ...
# Subtest: Opening pass invalidates on damage, view, transform and resolution and restores renderer on failure
ok 120 - Opening pass invalidates on damage, view, transform and resolution and restores renderer on failure
  ---
  duration_ms: 3.9058
  ...
# Subtest: Original visual raycast tracks displaced houses and leaves ruins selectable for reconstruction
ok 121 - Original visual raycast tracks displaced houses and leaves ruins selectable for reconstruction
  ---
  duration_ms: 776.5622
  ...
# Subtest: Removing a center disposes private materials while shared native templates remain reusable
ok 122 - Removing a center disposes private materials while shared native templates remain reusable
  ---
  duration_ms: 3.0062
  ...
# Subtest: Five paid centers clear their native damage only when the real rounded repair debit executes
ok 123 - Five paid centers clear their native damage only when the real rounded repair debit executes
  ---
  duration_ms: 484.6793
  ...
# Subtest: Real blocking pauses and a saved collapse retain identical native geometry phase and shader time
ok 124 - Real blocking pauses and a saved collapse retain identical native geometry phase and shader time
  ---
  duration_ms: 160.3096
  ...
# Subtest: GPU particle instances preserve native shapes, upload layouts, softness scale and paused clocks
ok 125 - GPU particle instances preserve native shapes, upload layouts, softness scale and paused clocks
  ---
  duration_ms: 9.2393
  ...
# Subtest: Smoke captures actual opaque material shaders, excludes transparency, skips quiet scenes and restores failure state
ok 126 - Smoke captures actual opaque material shaders, excludes transparency, skips quiet scenes and restores failure state
  ---
  duration_ms: 85.8486
  ...
# Subtest: Native debris support follows Float32 rendered terrain triangles on both sides of grid diagonals
ok 127 - Native debris support follows Float32 rendered terrain triangles on both sides of grid diagonals
  ---
  duration_ms: 300.6117
  ...
# Subtest: Particle meshes remain presentation only and release geometry, materials and emitters on center removal
ok 128 - Particle meshes remain presentation only and release geometry, materials and emitters on center removal
  ---
  duration_ms: 4.65
  ...
# Subtest: centers consume shared fractional atmosphere rather than inferring night from sun intensity
ok 129 - centers consume shared fractional atmosphere rather than inferring night from sun intensity
  ---
  duration_ms: 1.7547
  ...
# Subtest: sabana/mapungubwe: legal minimal campaign reaches night 100, reloads active raid and continues postgame
ok 130 - sabana/mapungubwe: legal minimal campaign reaches night 100, reloads active raid and continues postgame
  ---
  duration_ms: 22303.892
  ...
# Subtest: sabana/saheliana: legal minimal campaign reaches night 100, reloads active raid and continues postgame
ok 131 - sabana/saheliana: legal minimal campaign reaches night 100, reloads active raid and continues postgame
  ---
  duration_ms: 17048.8008
  ...
# Subtest: sabana/suajili: legal minimal campaign reaches night 100, reloads active raid and continues postgame
ok 132 - sabana/suajili: legal minimal campaign reaches night 100, reloads active raid and continues postgame
  ---
  duration_ms: 10363.1401
  ...
# Subtest: sabana/musgum: legal minimal campaign reaches night 100, reloads active raid and continues postgame
ok 133 - sabana/musgum: legal minimal campaign reaches night 100, reloads active raid and continues postgame
  ---
  duration_ms: 7676.3147
  ...
# Subtest: sabana/etiope: legal minimal campaign reaches night 100, reloads active raid and continues postgame
ok 134 - sabana/etiope: legal minimal campaign reaches night 100, reloads active raid and continues postgame
  ---
  duration_ms: 12756.7755
  ...
# Subtest: gran-rio/mapungubwe: legal minimal campaign reaches night 100, reloads active raid and continues postgame
ok 135 - gran-rio/mapungubwe: legal minimal campaign reaches night 100, reloads active raid and continues postgame
  ---
  duration_ms: 6051.7307
  ...
# Subtest: gran-rio/saheliana: legal minimal campaign reaches night 100, reloads active raid and continues postgame
ok 136 - gran-rio/saheliana: legal minimal campaign reaches night 100, reloads active raid and continues postgame
  ---
  duration_ms: 8389.6662
  ...
# Subtest: gran-rio/suajili: legal minimal campaign reaches night 100, reloads active raid and continues postgame
ok 137 - gran-rio/suajili: legal minimal campaign reaches night 100, reloads active raid and continues postgame
  ---
  duration_ms: 6488.734
  ...
# Subtest: gran-rio/musgum: legal minimal campaign reaches night 100, reloads active raid and continues postgame
ok 138 - gran-rio/musgum: legal minimal campaign reaches night 100, reloads active raid and continues postgame
  ---
  duration_ms: 6739.4888
  ...
# Subtest: gran-rio/etiope: legal minimal campaign reaches night 100, reloads active raid and continues postgame
ok 139 - gran-rio/etiope: legal minimal campaign reaches night 100, reloads active raid and continues postgame
  ---
  duration_ms: 6317.2447
  ...
# Subtest: manglares/mapungubwe: legal minimal campaign reaches night 100, reloads active raid and continues postgame
ok 140 - manglares/mapungubwe: legal minimal campaign reaches night 100, reloads active raid and continues postgame
  ---
  duration_ms: 2634.9527
  ...
# Subtest: manglares/saheliana: legal minimal campaign reaches night 100, reloads active raid and continues postgame
ok 141 - manglares/saheliana: legal minimal campaign reaches night 100, reloads active raid and continues postgame
  ---
  duration_ms: 2537.2576
  ...
# Subtest: manglares/suajili: legal minimal campaign reaches night 100, reloads active raid and continues postgame
ok 142 - manglares/suajili: legal minimal campaign reaches night 100, reloads active raid and continues postgame
  ---
  duration_ms: 2659.7117
  ...
# Subtest: manglares/musgum: legal minimal campaign reaches night 100, reloads active raid and continues postgame
ok 143 - manglares/musgum: legal minimal campaign reaches night 100, reloads active raid and continues postgame
  ---
  duration_ms: 3062.7527
  ...
# Subtest: manglares/etiope: legal minimal campaign reaches night 100, reloads active raid and continues postgame
ok 144 - manglares/etiope: legal minimal campaign reaches night 100, reloads active raid and continues postgame
  ---
  duration_ms: 3759.7169
  ...
# Subtest: volcanes/mapungubwe: legal minimal campaign reaches night 100, reloads active raid and continues postgame
ok 145 - volcanes/mapungubwe: legal minimal campaign reaches night 100, reloads active raid and continues postgame
  ---
  duration_ms: 7049.2398
  ...
# Subtest: volcanes/saheliana: legal minimal campaign reaches night 100, reloads active raid and continues postgame
ok 146 - volcanes/saheliana: legal minimal campaign reaches night 100, reloads active raid and continues postgame
  ---
  duration_ms: 10016.2849
  ...
# Subtest: volcanes/suajili: legal minimal campaign reaches night 100, reloads active raid and continues postgame
ok 147 - volcanes/suajili: legal minimal campaign reaches night 100, reloads active raid and continues postgame
  ---
  duration_ms: 6330.1508
  ...
# Subtest: volcanes/musgum: legal minimal campaign reaches night 100, reloads active raid and continues postgame
ok 148 - volcanes/musgum: legal minimal campaign reaches night 100, reloads active raid and continues postgame
  ---
  duration_ms: 9680.9197
  ...
# Subtest: volcanes/etiope: legal minimal campaign reaches night 100, reloads active raid and continues postgame
ok 149 - volcanes/etiope: legal minimal campaign reaches night 100, reloads active raid and continues postgame
  ---
  duration_ms: 40134.6272
  ...
# Subtest: gran-canon/mapungubwe: legal minimal campaign reaches night 100, reloads active raid and continues postgame
ok 150 - gran-canon/mapungubwe: legal minimal campaign reaches night 100, reloads active raid and continues postgame
  ---
  duration_ms: 1863.3209
  ...
# Subtest: gran-canon/saheliana: legal minimal campaign reaches night 100, reloads active raid and continues postgame
ok 151 - gran-canon/saheliana: legal minimal campaign reaches night 100, reloads active raid and continues postgame
  ---
  duration_ms: 1420.2911
  ...
# Subtest: gran-canon/suajili: legal minimal campaign reaches night 100, reloads active raid and continues postgame
ok 152 - gran-canon/suajili: legal minimal campaign reaches night 100, reloads active raid and continues postgame
  ---
  duration_ms: 1539.8466
  ...
# Subtest: gran-canon/musgum: legal minimal campaign reaches night 100, reloads active raid and continues postgame
ok 153 - gran-canon/musgum: legal minimal campaign reaches night 100, reloads active raid and continues postgame
  ---
  duration_ms: 1724.4133
  ...
# Subtest: gran-canon/etiope: legal minimal campaign reaches night 100, reloads active raid and continues postgame
ok 154 - gran-canon/etiope: legal minimal campaign reaches night 100, reloads active raid and continues postgame
  ---
  duration_ms: 2080.9607
  ...
# Subtest: desierto/mapungubwe: legal minimal campaign reaches night 100, reloads active raid and continues postgame
ok 155 - desierto/mapungubwe: legal minimal campaign reaches night 100, reloads active raid and continues postgame
  ---
  duration_ms: 2071.5734
  ...
# Subtest: desierto/saheliana: legal minimal campaign reaches night 100, reloads active raid and continues postgame
ok 156 - desierto/saheliana: legal minimal campaign reaches night 100, reloads active raid and continues postgame
  ---
  duration_ms: 2053.6978
  ...
# Subtest: desierto/suajili: legal minimal campaign reaches night 100, reloads active raid and continues postgame
ok 157 - desierto/suajili: legal minimal campaign reaches night 100, reloads active raid and continues postgame
  ---
  duration_ms: 1450.8163
  ...
# Subtest: desierto/musgum: legal minimal campaign reaches night 100, reloads active raid and continues postgame
ok 158 - desierto/musgum: legal minimal campaign reaches night 100, reloads active raid and continues postgame
  ---
  duration_ms: 1681.7991
  ...
# Subtest: desierto/etiope: legal minimal campaign reaches night 100, reloads active raid and continues postgame
ok 159 - desierto/etiope: legal minimal campaign reaches night 100, reloads active raid and continues postgame
  ---
  duration_ms: 2003.8268
  ...
# Subtest: suajili: native GLB scale, rotated collision, service routes and paid delivery agree
ok 160 - suajili: native GLB scale, rotated collision, service routes and paid delivery agree
  ---
  duration_ms: 2565.9746
  ...
# Subtest: etiope: native GLB scale, rotated collision, service routes and paid delivery agree
ok 161 - etiope: native GLB scale, rotated collision, service routes and paid delivery agree
  ---
  duration_ms: 2018.8835
  ...
# Subtest: mapungubwe: native GLB scale, rotated collision, service routes and paid delivery agree
ok 162 - mapungubwe: native GLB scale, rotated collision, service routes and paid delivery agree
  ---
  duration_ms: 1650.4183
  ...
# Subtest: saheliana: native GLB scale, rotated collision, service routes and paid delivery agree
ok 163 - saheliana: native GLB scale, rotated collision, service routes and paid delivery agree
  ---
  duration_ms: 1882.4612
  ...
# Subtest: musgum: native GLB scale, rotated collision, service routes and paid delivery agree
ok 164 - musgum: native GLB scale, rotated collision, service routes and paid delivery agree
  ---
  duration_ms: 1986.1311
  ...
# (node:6212) ExperimentalWarning: Importing JSON modules is an experimental feature and might change at any time
# (Use `node --trace-warnings ...` to show where the warning was created)
# Subtest: real worker returns identical native terrain, water and populations in all biomes and transfers both buffers
ok 165 - real worker returns identical native terrain, water and populations in all biomes and transfers both buffers
  ---
  duration_ms: 7770.5345
  ...
# Subtest: queue dispatches one nearest scored request and ignores late IDs without completing the active job
ok 166 - queue dispatches one nearest scored request and ignores late IDs without completing the active job
  ---
  duration_ms: 2.4401
  ...
# Subtest: travel and forced rebuild discard obsolete responses and regenerate the current epoch
ok 167 - travel and forced rebuild discard obsolete responses and regenerate the current epoch
  ---
  duration_ms: 0.5882
  ...
# Subtest: worker failure preserves pending work in asynchronous local mode and dispose cancels it
ok 168 - worker failure preserves pending work in asynchronous local mode and dispose cancels it
  ---
  duration_ms: 1.0887
  ...
# Subtest: generation and installation failures settle waiters and coordinate mismatches never enter the world
ok 169 - generation and installation failures settle waiters and coordinate mismatches never enter the world
  ---
  duration_ms: 1.7815
  ...
# Subtest: scene installs transferred data without regenerating terrain or navigation population on the main thread
ok 170 - scene installs transferred data without regenerating terrain or navigation population on the main thread
  ---
  duration_ms: 360.5097
  ...
# Subtest: initial readiness follows the native nine-chunk threshold while the outer queue continues
ok 171 - initial readiness follows the native nine-chunk threshold while the outer queue continues
  ---
  duration_ms: 1.5209
  ...
# Subtest: native contact pixels match the original rasterizer across biomes, bounds and filtered instances
ok 172 - native contact pixels match the original rasterizer across biomes, bounds and filtered instances
  ---
  duration_ms: 706.2919
  ...
# Subtest: contacts ignore grass and disabled layers, clamp radii and take the darkest overlapping stamp
ok 173 - contacts ignore grass and disabled layers, clamp radii and take the darkest overlapping stamp
  ---
  duration_ms: 7.2508
  ...
# Subtest: resident contact texture is stable, updates on streaming or removal and releases its owner resource
ok 174 - resident contact texture is stable, updates on streaming or removal and releases its owner resource
  ---
  duration_ms: 5.7205
  ...
# Subtest: A harvest begun before shift end completes its native action and physical transport across dawn
ok 175 - A harvest begun before shift end completes its native action and physical transport across dawn
  ---
  duration_ms: 157.4683
  ...
# Subtest: A delivery crossing dawn retains its carrier, position and unpaid value through zero hiring and reload
ok 176 - A delivery crossing dawn retains its carrier, position and unpaid value through zero hiring and reload
  ---
  duration_ms: 9.9739
  ...
# Subtest: A busy person cannot be hired twice; only the new daily contract is charged
ok 177 - A busy person cannot be hired twice; only the new daily contract is charged
  ---
  duration_ms: 2.4164
  ...
# Subtest: An expired carrier finishes its chain but cannot take ordinary tasks from the new day
ok 178 - An expired carrier finishes its chain but cannot take ordinary tasks from the new day
  ---
  duration_ms: 10.0582
  ...
# Subtest: Replaying a hiring transaction from the previous day leaves hiring open and grants no free new contract
ok 179 - Replaying a hiring transaction from the previous day leaves hiring open and grants no free new contract
  ---
  duration_ms: 1.6906
  ...
# Subtest: Cargo coordinates follow the actual carrier after every movement step
ok 180 - Cargo coordinates follow the actual carrier after every movement step
  ---
  duration_ms: 0.8087
  ...
# Subtest: Losing the carrier center drops the box at its physical position without paying or deleting it
ok 181 - Losing the carrier center drops the box at its physical position without paying or deleting it
  ---
  duration_ms: 1.091
  ...
# Subtest: Snapshot validation rejects orphaned, duplicated or inconsistent carrier links
ok 182 - Snapshot validation rejects orphaned, duplicated or inconsistent carrier links
  ---
  duration_ms: 43.2606
  ...
# Subtest: Fractional wallet balances and settled ledger entries are rejected while a pending harvest formula remains valid
ok 183 - Fractional wallet balances and settled ledger entries are rejected while a pending harvest formula remains valid
  ---
  duration_ms: 1.6999
  ...
# Subtest: New harvest provenance survives reload and rejects an orphan, species mismatch, living source or duplicated yield
ok 184 - New harvest provenance survives reload and rejects an orphan, species mismatch, living source or duplicated yield
  ---
  duration_ms: 3.043
  ...
# Subtest: A corrupt latest carrier relation falls back to the last valid saved snapshot
ok 185 - A corrupt latest carrier relation falls back to the last valid saved snapshot
  ---
  duration_ms: 1.8978
  ...
# Subtest: Generated balance matches authoritative received JSON exactly
ok 186 - Generated balance matches authoritative received JSON exactly
  ---
  duration_ms: 41.41
  ...
# Subtest: Ledger rounds an exact repair fraction upward only at settlement
ok 187 - Ledger rounds an exact repair fraction upward only at settlement
  ---
  duration_ms: 1.3371
  ...
# Subtest: Money formatter never changes accounting
ok 188 - Money formatter never changes accounting
  ---
  duration_ms: 44.0111
  ...
# Subtest: Global allocation: 60/30/10, seven workers -> 4/2/1
ok 189 - Global allocation: 60/30/10, seven workers -> 4/2/1
  ---
  duration_ms: 0.9476
  ...
# Subtest: Stable equal residues and empty centers retain base assignment
ok 190 - Stable equal residues and empty centers retain base assignment
  ---
  duration_ms: 0.3312
  ...
# Subtest: Scarce workforce covers highest plant weights before adding a second worker
ok 191 - Scarce workforce covers highest plant weights before adding a second worker
  ---
  duration_ms: 0.3516
  ...
# Subtest: Zero weights divide without fictitious plants; no centers divide nowhere
ok 192 - Zero weights divide without fictitious plants; no centers divide nowhere
  ---
  duration_ms: 0.3426
  ...
# Subtest: Allocation conserves every worker over 3000 seeded scenarios
ok 193 - Allocation conserves every worker over 3000 seeded scenarios
  ---
  duration_ms: 290.1001
  ...
# Subtest: Hiring rejects negatives and unknown profiles; balanced profiles preserve totals
ok 194 - Hiring rejects negatives and unknown profiles; balanced profiles preserve totals
  ---
  duration_ms: 1.4609
  ...
# Subtest: mijo: first combined task gates growth; mandatory watering gates maturity
ok 195 - mijo: first combined task gates growth; mandatory watering gates maturity
  ---
  duration_ms: 1.0022
  ...
# Subtest: mijo: magic satisfies only crossed checkpoints, no initial water debt
ok 196 - mijo: magic satisfies only crossed checkpoints, no initial water debt
  ---
  duration_ms: 0.3176
  ...
# Subtest: girasol: first combined task gates growth; mandatory watering gates maturity
ok 197 - girasol: first combined task gates growth; mandatory watering gates maturity
  ---
  duration_ms: 0.3301
  ...
# Subtest: girasol: magic satisfies only crossed checkpoints, no initial water debt
ok 198 - girasol: magic satisfies only crossed checkpoints, no initial water debt
  ---
  duration_ms: 0.1778
  ...
# Subtest: sorgo: first combined task gates growth; mandatory watering gates maturity
ok 199 - sorgo: first combined task gates growth; mandatory watering gates maturity
  ---
  duration_ms: 0.1324
  ...
# Subtest: sorgo: magic satisfies only crossed checkpoints, no initial water debt
ok 200 - sorgo: magic satisfies only crossed checkpoints, no initial water debt
  ---
  duration_ms: 0.1274
  ...
# Subtest: maiz: first combined task gates growth; mandatory watering gates maturity
ok 201 - maiz: first combined task gates growth; mandatory watering gates maturity
  ---
  duration_ms: 0.1464
  ...
# Subtest: maiz: magic satisfies only crossed checkpoints, no initial water debt
ok 202 - maiz: magic satisfies only crossed checkpoints, no initial water debt
  ---
  duration_ms: 0.2002
  ...
# Subtest: batata: first combined task gates growth; mandatory watering gates maturity
ok 203 - batata: first combined task gates growth; mandatory watering gates maturity
  ---
  duration_ms: 0.3473
  ...
# Subtest: batata: magic satisfies only crossed checkpoints, no initial water debt
ok 204 - batata: magic satisfies only crossed checkpoints, no initial water debt
  ---
  duration_ms: 0.1729
  ...
# Subtest: algodon: first combined task gates growth; mandatory watering gates maturity
ok 205 - algodon: first combined task gates growth; mandatory watering gates maturity
  ---
  duration_ms: 0.3363
  ...
# Subtest: algodon: magic satisfies only crossed checkpoints, no initial water debt
ok 206 - algodon: magic satisfies only crossed checkpoints, no initial water debt
  ---
  duration_ms: 0.1298
  ...
# Subtest: yuca: first combined task gates growth; mandatory watering gates maturity
ok 207 - yuca: first combined task gates growth; mandatory watering gates maturity
  ---
  duration_ms: 0.1361
  ...
# Subtest: yuca: magic satisfies only crossed checkpoints, no initial water debt
ok 208 - yuca: magic satisfies only crossed checkpoints, no initial water debt
  ---
  duration_ms: 0.1089
  ...
# Subtest: platano: first combined task gates growth; mandatory watering gates maturity
ok 209 - platano: first combined task gates growth; mandatory watering gates maturity
  ---
  duration_ms: 0.138
  ...
# Subtest: platano: magic satisfies only crossed checkpoints, no initial water debt
ok 210 - platano: magic satisfies only crossed checkpoints, no initial water debt
  ---
  duration_ms: 0.1129
  ...
# Subtest: Growth magic does not clear earlier water debt
ok 211 - Growth magic does not clear earlier water debt
  ---
  duration_ms: 0.1932
  ...
# Subtest: Contiguous harvest selection does not include distant same-species plants
ok 212 - Contiguous harvest selection does not include distant same-species plants
  ---
  duration_ms: 0.4562
  ...
# Subtest: FIFO chooses oldest task, proximity chooses its worker and reserves atomically
ok 213 - FIFO chooses oldest task, proximity chooses its worker and reserves atomically
  ---
  duration_ms: 0.7529
  ...
# Subtest: Threat boundaries and attraction are live plant base values
ok 214 - Threat boundaries and attraction are live plant base values
  ---
  duration_ms: 0.3718
  ...
# Subtest: Every reachable threat budget has unique legal unordered compositions
ok 215 - Every reachable threat budget has unique legal unordered compositions
  ---
  duration_ms: 3.2578
  ...
# Subtest: Building collapse thresholds remain distinct and irreversible
ok 216 - Building collapse thresholds remain distinct and irreversible
  ---
  duration_ms: 0.332
  ...
# Subtest: Permission matrix handles stacked pauses, night, raid and center recovery
ok 217 - Permission matrix handles stacked pauses, night, raid and center recovery
  ---
  duration_ms: 0.304
  ...
# Subtest: Economic dawn thresholds and linear unlimited village costs
ok 218 - Economic dawn thresholds and linear unlimited village costs
  ---
  duration_ms: 0.5029
  ...
# Subtest: Snapshots reject malformed data, roundtrip random state and isolate slots
ok 219 - Snapshots reject malformed data, roundtrip random state and isolate slots
  ---
  duration_ms: 3.2786
  ...
# Subtest: mature plants and paused morphs keep both buffer versions stable; wind changes through the shared uniform alone
ok 220 - mature plants and paused morphs keep both buffer versions stable; wind changes through the shared uniform alone
  ---
  duration_ms: 162.8951
  ...
# Subtest: growth within a stage uploads only growth components while the position and rotation remain untouched
ok 221 - growth within a stage uploads only growth components while the position and rotation remain untouched
  ---
  duration_ms: 58.0197
  ...
# Subtest: slot changes, height and recentering update matrices, retain unchanged growth, and clamp visible count to capacity
ok 222 - slot changes, height and recentering update matrices, retain unchanged growth, and clamp visible count to capacity
  ---
  duration_ms: 42.1883
  ...
# Subtest: multiple updates before a GPU draw retain earlier dirty ranges and never upload the unused capacity
ok 223 - multiple updates before a GPU draw retain earlier dirty ranges and never upload the unused capacity
  ---
  duration_ms: 14.1722
  ...
# Subtest: DEST extraction and five original GLBs retain audited source hashes
ok 224 - DEST extraction and five original GLBs retain audited source hashes
  ---
  duration_ms: 606.8521
  ...
# Subtest: Original GLSL masks, opening-depth guard and collapse programs are retained verbatim
ok 225 - Original GLSL masks, opening-depth guard and collapse programs are retained verbatim
  ---
  duration_ms: 2.7654
  ...
# Subtest: All original triangle pivots follow exact native trajectories and six damage stages
ok 226 - All original triangle pivots follow exact native trajectories and six damage stages
  ---
  duration_ms: 303.4647
  ...
# Subtest: Only native Sahelian roof patch adds geometry; original UVs and buffers stay unchanged
ok 227 - Only native Sahelian roof patch adds geometry; original UVs and buffers stay unchanged
  ---
  duration_ms: 128.8124
  ...
# Subtest: Eight fitted damage sites and footprint ash regenerate deterministically after repair
ok 228 - Eight fitted damage sites and footprint ash regenerate deterministically after repair
  ---
  duration_ms: 6841.0598
  ...
# Subtest: Native particle shaders and fragment geometry retain source hashes and exact source code
ok 229 - Native particle shaders and fragment geometry retain source hashes and exact source code
  ---
  duration_ms: 77.2243
  ...
# Subtest: All five houses reproduce original ash scatter, emissions, gravity, bounce, friction and upload data
ok 230 - All five houses reproduce original ash scatter, emissions, gravity, bounce, friction and upload data
  ---
  duration_ms: 3219.1604
  ...
# Subtest: Original smoke quality caps and 340-fragment cap remain bounded under repeated structural bursts
ok 231 - Original smoke quality caps and 340-fragment cap remain bounded under repeated structural bursts
  ---
  duration_ms: 1152.4509
  ...
# Subtest: Loaded collapse does not replay bursts; zero elapsed freezes particles and full repair clears emitters
ok 232 - Loaded collapse does not replay bursts; zero elapsed freezes particles and full repair clears emitters
  ---
  duration_ms: 1.944
  ...
# Subtest: Raid destruction reassigns only displaced employees locally without another wage
ok 233 - Raid destruction reassigns only displaced employees locally without another wage
  ---
  duration_ms: 8.6965
  ...
# Subtest: Returning and already home displaced workers remain recoverable by a new center after reload
ok 234 - Returning and already home displaced workers remain recoverable by a new center after reload
  ---
  duration_ms: 85.6748
  ...
# Subtest: Rebuilt center recovers displaced contracts while surviving staff keep assignments
ok 235 - Rebuilt center recovers displaced contracts while surviving staff keep assignments
  ---
  duration_ms: 1.4462
  ...
# Subtest: Worker arrival reconstructs a ruined center and recovers its displaced staff without rebalance
ok 236 - Worker arrival reconstructs a ruined center and recovers its displaced staff without rebalance
  ---
  duration_ms: 3.761
  ...
# Subtest: Recovery excludes incapacitated, expired, shift-ended and foreign-village workers
ok 237 - Recovery excludes incapacitated, expired, shift-ended and foreign-village workers
  ---
  duration_ms: 1.2095
  ...
# Subtest: New construction during an active attack cannot recall fleeing employees
ok 238 - New construction during an active attack cannot recall fleeing employees
  ---
  duration_ms: 0.8664
  ...
# Subtest: A rejected frontal encounter rolls once, but later physical overlap makes the hit mandatory
ok 239 - A rejected frontal encounter rolls once, but later physical overlap makes the hit mandatory
  ---
  duration_ms: 5.4377
  ...
# Subtest: A non-overlapping passage behind the animal never rolls or spends a hit
ok 240 - A non-overlapping passage behind the animal never rolls or spends a hit
  ---
  duration_ms: 0.4395
  ...
# Subtest: One continuing encounter hits once; leaving and returning permits the second hit of the same animal
ok 241 - One continuing encounter hits once; leaving and returning permits the second hit of the same animal
  ---
  duration_ms: 0.6581
  ...
# Subtest: Saving inside a rejected encounter preserves its roll and resumes without frame-by-frame retries
ok 242 - Saving inside a rejected encounter preserves its roll and resumes without frame-by-frame retries
  ---
  duration_ms: 2.4469
  ...
# Subtest: Continuous relative trajectories detect an overlap even when both endpoints lie outside the encounter radius
ok 243 - Continuous relative trajectories detect an overlap even when both endpoints lie outside the encounter radius
  ---
  duration_ms: 0.6359
  ...
# Subtest: Physical pushes check their whole path and turn along a wall instead of crossing it
ok 244 - Physical pushes check their whole path and turn along a wall instead of crossing it
  ---
  duration_ms: 0.4451
  ...
# Subtest: A completely blocked push keeps the worker on valid terrain and does not jump to a valid far endpoint
ok 245 - A completely blocked push keeps the worker on valid terrain and does not jump to a valid far endpoint
  ---
  duration_ms: 0.3866
  ...
# Subtest: Retreating animals and exhausted hit budgets cannot create a free worker hit
ok 246 - Retreating animals and exhausted hit budgets cannot create a free worker hit
  ---
  duration_ms: 0.4459
  ...
# Subtest: Recovery remains attached to the injured person during re-hiring and clears on the following day
ok 247 - Recovery remains attached to the injured person during re-hiring and clears on the following day
  ---
  duration_ms: 103.0068
  ...
# Subtest: Valid frontal encounters preserve the approved sixty-percent probability across a reproducible sample
ok 248 - Valid frontal encounters preserve the approved sixty-percent probability across a reproducible sample
  ---
  duration_ms: 113.4732
  ...
# Subtest: Raid survivors return walking even with urgent tasks, and resume ordinary running only after arrival
ok 249 - Raid survivors return walking even with urgent tasks, and resume ordinary running only after arrival
  ---
  duration_ms: 18.3695
  ...
# Subtest: endpoint guard leaves the complete received mix, UVs, LOD, scale and fill intact
ok 250 - endpoint guard leaves the complete received mix, UVs, LOD, scale and fill intact
  ---
  duration_ms: 5.2777
  ...
# Subtest: Standard, Basic and painted fluid share a live endpoint switch without changing depth or recompiling
ok 251 - Standard, Basic and painted fluid share a live endpoint switch without changing depth or recompiling
  ---
  duration_ms: 5.3169
  ...
# Subtest: native destruction and debris also use one guarded HDR recipe with the original mixed path
ok 252 - native destruction and debris also use one guarded HDR recipe with the original mixed path
  ---
  duration_ms: 0.4584
  ...
# Subtest: noise adapter preserves every authored operation outside its uniform guard and rejects source drift
ok 253 - noise adapter preserves every authored operation outside its uniform guard and rejects source drift
  ---
  duration_ms: 3.5379
  ...
# Subtest: both ground qualities and volcanic objects share a live diagnostic uniform without recompilation
ok 254 - both ground qualities and volcanic objects share a live diagnostic uniform without recompilation
  ---
  duration_ms: 2.4918
  ...
# (node:12488) ExperimentalWarning: Importing JSON modules is an experimental feature and might change at any time
# (Use `node --trace-warnings ...` to show where the warning was created)
# Subtest: HDR environment bytes match original radiance compression for both panoramas
ok 255 - HDR environment bytes match original radiance compression for both panoramas
  ---
  duration_ms: 801.0983
  ...
# Subtest: complete Fresnel, environment BRDF and fluid branch retain user shader constants
ok 256 - complete Fresnel, environment BRDF and fluid branch retain user shader constants
  ---
  duration_ms: 1.2246
  ...
# Subtest: water binds common night and yaw, keeps native exposure and avoids a second tone curve
ok 257 - water binds common night and yaw, keeps native exposure and avoids a second tone curve
  ---
  duration_ms: 5.2936
  ...
# Subtest: Native footprint preserves walkable space outside its building edges
ok 258 - Native footprint preserves walkable space outside its building edges
  ---
  duration_ms: 2.4051
  ...
# Subtest: Building overlap includes crossing edges and containment
ok 259 - Building overlap includes crossing edges and containment
  ---
  duration_ms: 0.8374
  ...
# Subtest: Full occupied interior is checked for water, not just building bounds
ok 260 - Full occupied interior is checked for water, not just building bounds
  ---
  duration_ms: 0.6567
  ...
# Subtest: Large props beside the native footprint survive; occupied props block placement
ok 261 - Large props beside the native footprint survive; occupied props block placement
  ---
  duration_ms: 1.8982
  ...
# Subtest: Asynchronous initial search preserves deterministic positions and suppression
ok 262 - Asynchronous initial search preserves deterministic positions and suppression
  ---
  duration_ms: 4.2171
  ...
# Subtest: Departure search restores existing obstacles even if route evaluation fails
ok 263 - Departure search restores existing obstacles even if route evaluation fails
  ---
  duration_ms: 0.9163
  ...
# Subtest: A route blocked after reservation releases its worker without deleting the task or starting an action
ok 264 - A route blocked after reservation releases its worker without deleting the task or starting an action
  ---
  duration_ms: 30.9114
  ...
# Subtest: Repair settles its rounded current price exactly once on arrival, without an extra animation delay
ok 265 - Repair settles its rounded current price exactly once on arrival, without an extra animation delay
  ---
  duration_ms: 24.7045
  ...
# Subtest: Funds spent after requesting repair cancel execution at arrival without partial payment
ok 266 - Funds spent after requesting repair cancel execution at arrival without partial payment
  ---
  duration_ms: 1.6958
  ...
# Subtest: Surviving repair order becomes full reconstruction and does not wait for collapse to finish
ok 267 - Surviving repair order becomes full reconstruction and does not wait for collapse to finish
  ---
  duration_ms: 1.5832
  ...
# Subtest: Starting an attack immediately cancels manual repair orders and releases the worker
ok 268 - Starting an attack immediately cancels manual repair orders and releases the worker
  ---
  duration_ms: 2.0355
  ...
# Subtest: Postgame founding uses complete native village, valid departure, exact linear costs and persistent state
ok 269 - Postgame founding uses complete native village, valid departure, exact linear costs and persistent state
  ---
  duration_ms: 87.6019
  ...
# Subtest: A village without a walkable departure is rejected before charging or founding
ok 270 - A village without a walkable departure is rejected before charging or founding
  ---
  duration_ms: 16.1616
  ...
# Subtest: 30 canonical combinations validate and each new game starts isolated at 1000
ok 271 - 30 canonical combinations validate and each new game starts isolated at 1000
  ---
  duration_ms: 4.3774
  ...
# Subtest: First day center/plant/tutorial hiring sequence and payment idempotency
ok 272 - First day center/plant/tutorial hiring sequence and payment idempotency
  ---
  duration_ms: 0.8369
  ...
# Subtest: Invalid placement makes no economic or world modification
ok 273 - Invalid placement makes no economic or world modification
  ---
  duration_ms: 0.6698
  ...
# Subtest: Workers physically plant, water and harvest; only crate delivery pays
ok 274 - Workers physically plant, water and harvest; only crate delivery pays
  ---
  duration_ms: 61.1572
  ...
# Subtest: Stacked pauses freeze crops and spell clocks
ok 275 - Stacked pauses freeze crops and spell clocks
  ---
  duration_ms: 1.9872
  ...
# Subtest: Manual harvest orders survive queue reconstruction, manual repairs do not
ok 276 - Manual harvest orders survive queue reconstruction, manual repairs do not
  ---
  duration_ms: 0.9727
  ...
# Subtest: New midday center does not move plants or employees
ok 277 - New midday center does not move plants or employees
  ---
  duration_ms: 1.5012
  ...
# Subtest: Growth/multiply permissions, area nonoverlap, cooldown from activation and expiry
ok 278 - Growth/multiply permissions, area nonoverlap, cooldown from activation and expiry
  ---
  duration_ms: 6.646
  ...
# Subtest: Night 1 is calm, night 2 exactly one tutorial warthog with zero attraction
ok 279 - Night 1 is calm, night 2 exactly one tutorial warthog with zero attraction
  ---
  duration_ms: 0.6036
  ...
# Subtest: Raid drops a carried crate, frees tasks and preserves its value
ok 280 - Raid drops a carried crate, frees tasks and preserves its value
  ---
  duration_ms: 1.0972
  ...
# Subtest: Combo attack counts one logical hit; active raid survives roundtrip
ok 281 - Combo attack counts one logical hit; active raid survives roundtrip
  ---
  duration_ms: 2.3799
  ...
# Subtest: Attack crossing dawn prevents events, hiring and night completion until departure
ok 282 - Attack crossing dawn prevents events, hiring and night completion until departure
  ---
  duration_ms: 1.9828
  ...
# Subtest: Final raid defeat takes precedence over hundredth night victory
ok 283 - Final raid defeat takes precedence over hundredth night victory
  ---
  duration_ms: 1.1129
  ...
# Subtest: Hundredth completed night wins only after economic check; postgame suppresses attacks
ok 284 - Hundredth completed night wins only after economic check; postgame suppresses attacks
  ---
  duration_ms: 0.5345
  ...
# Subtest: Event frost leaves mature plants intact; favorable growth keeps mandatory water debt
ok 285 - Event frost leaves mature plants intact; favorable growth keeps mandatory water debt
  ---
  duration_ms: 0.5099
  ...
# Subtest: Plague consumes half remaining tolerance without killing plants or changing coins
ok 286 - Plague consumes half remaining tolerance without killing plants or changing coins
  ---
  duration_ms: 0.4109
  ...
# Subtest: Partition clips triangles into frame and leaf while retaining interpolated texture coordinates
ok 287 - Partition clips triangles into frame and leaf while retaining interpolated texture coordinates
  ---
  duration_ms: 2.6452
  ...
# Subtest: Every closed native leaf preserves total source surface area, bounds and regional pivots
ok 288 - Every closed native leaf preserves total source surface area, bounds and regional pivots
  ---
  duration_ms: 1707.0864
  ...
# Subtest: Opening is a rigid hinge rotation: frames remain fixed and normals do not accumulate rotation
ok 289 - Opening is a rigid hinge rotation: frames remain fixed and normals do not accumulate rotation
  ---
  duration_ms: 2116.5069
  ...
# Subtest: Full original gate geometry leaves a swept controller corridor when the leaf is open
ok 290 - Full original gate geometry leaves a swept controller corridor when the leaf is open
  ---
  duration_ms: 1282.1692
  ...
# Subtest: Production mesh applies opening changes without changing health, opacity or the closed source bridge
ok 291 - Production mesh applies opening changes without changing health, opacity or the closed source bridge
  ---
  duration_ms: 1360.5618
  ...
# Subtest: Gate frames retain original mesh hashes and the height of all four exported bodies
ok 292 - Gate frames retain original mesh hashes and the height of all four exported bodies
  ---
  duration_ms: 813.0634
  ...
# Subtest: Worker controllers pass through open native arches while their pillars remain solid
ok 293 - Worker controllers pass through open native arches while their pillars remain solid
  ---
  duration_ms: 5.9782
  ...
# Subtest: Short modules preserve their actual opening width instead of ignoring the whole gate
ok 294 - Short modules preserve their actual opening width instead of ignoring the whole gate
  ---
  duration_ms: 0.6208
  ...
# Subtest: Frame transforms are cached and update when placement or scale changes
ok 295 - Frame transforms are cached and update when placement or scale changes
  ---
  duration_ms: 0.6895
  ...
# Subtest: Convex frame projection retains side boundaries and a positive controller clearance
ok 296 - Convex frame projection retains side boundaries and a positive controller clearance
  ---
  duration_ms: 0.6013
  ...
# Subtest: Every original triangle below native body height is covered by the physical frame projection
ok 297 - Every original triangle below native body height is covered by the physical frame projection
  ---
  duration_ms: 178.347
  ...
# Subtest: Workers request a near crossing and wait without spending run distance or movement phases
ok 298 - Workers request a near crossing and wait without spending run distance or movement phases
  ---
  duration_ms: 6.7634
  ...
# Subtest: All four native profiles wait in Idle and preserve the crate carrying pose
ok 299 - All four native profiles wait in Idle and preserve the crate carrying pose
  ---
  duration_ms: 0.6434
  ...
# Subtest: Pauses, preparation and end states freeze leaf clocks; closing waits for body occupancy
ok 300 - Pauses, preparation and end states freeze leaf clocks; closing waits for body occupancy
  ---
  duration_ms: 0.9556
  ...
# Subtest: Passing beside a closed gate does not request opening or stop a worker
ok 301 - Passing beside a closed gate does not request opening or stop a worker
  ---
  duration_ms: 0.5588
  ...
# Subtest: Collapsing gates hold crossing until rubble; legacy occupants restore a safe open pose
ok 302 - Collapsing gates hold crossing until rubble; legacy occupants restore a safe open pose
  ---
  duration_ms: 0.4416
  ...
# Subtest: Physical collision uses current leaf phase while route planning includes the opened leaf
ok 303 - Physical collision uses current leaf phase while route planning includes the opened leaf
  ---
  duration_ms: 63.1035
  ...
# Subtest: Paid workers cross three original leaf materials without penetrating a closing or moving leaf
ok 304 - Paid workers cross three original leaf materials without penetrating a closing or moving leaf
  ---
  duration_ms: 1887.5771
  ...
# Subtest: Opening and waiting persist exactly through save/reload and reject malformed phases
ok 305 - Opening and waiting persist exactly through save/reload and reject malformed phases
  ---
  duration_ms: 61.8849
  ...
# Subtest: Encounter pushes cannot drive a worker through a closed gate or its moving sweep
ok 306 - Encounter pushes cannot drive a worker through a closed gate or its moving sweep
  ---
  duration_ms: 27.1329
  ...
# Subtest: A large locomotion step approaches safely and cannot jump through a closed leaf
ok 307 - A large locomotion step approaches safely and cannot jump through a closed leaf
  ---
  duration_ms: 2.5191
  ...
# Subtest: Fractional gate portals connect enclosed grid regions and retain exact swept collisions
ok 308 - Fractional gate portals connect enclosed grid regions and retain exact swept collisions
  ---
  duration_ms: 1126.1263
  ...
# Subtest: zarzas: a real harvested crate waits, crosses and charges only on delivery
ok 309 - zarzas: a real harvested crate waits, crosses and charges only on delivery
  ---
  duration_ms: 456.6379
  ...
# Subtest: empalizada: a real harvested crate waits, crosses and charges only on delivery
ok 310 - empalizada: a real harvested crate waits, crosses and charges only on delivery
  ---
  duration_ms: 316.7628
  ...
# Subtest: reforzado: a real harvested crate waits, crosses and charges only on delivery
ok 311 - reforzado: a real harvested crate waits, crosses and charges only on delivery
  ---
  duration_ms: 263.6103
  ...
# Subtest: unsupported extension or counter leaves the renderer untouched
ok 312 - unsupported extension or counter leaves the renderer untouched
  ---
  duration_ms: 26.4165
  ...
# Subtest: pending queries never read a result early and retain full numeric precision
ok 313 - pending queries never read a result early and retain full numeric precision
  ---
  duration_ms: 1.7711
  ...
# Subtest: disjoint clears previously collected samples and outstanding queries
ok 314 - disjoint clears previously collected samples and outstanding queries
  ---
  duration_ms: 0.4597
  ...
# Subtest: backpressure bounds resources without blocking and does not steal another timer
ok 315 - backpressure bounds resources without blocking and does not steal another timer
  ---
  duration_ms: 0.4013
  ...
# Subtest: allocation failures skip timing without creating a pending measurement
ok 316 - allocation failures skip timing without creating a pending measurement
  ---
  duration_ms: 0.3136
  ...
# Subtest: context loss invalidates samples and does not end a lost-context query
ok 317 - context loss invalidates samples and does not end a lost-context query
  ---
  duration_ms: 0.4529
  ...
# Subtest: dispose closes active queries, releases pending resources exactly once, and blocks later polling
ok 318 - dispose closes active queries, releases pending resources exactly once, and blocks later polling
  ---
  duration_ms: 0.3162
  ...
# Subtest: invalid numeric results are discarded rather than shown as zero
ok 319 - invalid numeric results are discarded rather than shown as zero
  ---
  duration_ms: 0.4195
  ...
# Subtest: explicitly disabled profiling performs no extension or query calls
ok 320 - explicitly disabled profiling performs no extension or query calls
  ---
  duration_ms: 0.2838
  ...
# Subtest: ground surface, Fresnel and BRDF preserve the supplied shader recipes
ok 321 - ground surface, Fresnel and BRDF preserve the supplied shader recipes
  ---
  duration_ms: 4.7732
  ...
# Subtest: both ground quality paths share surface, HDR and native wet lighting without altering object surfaces
ok 322 - both ground quality paths share surface, HDR and native wet lighting without altering object surfaces
  ---
  duration_ms: 4.3219
  ...
# Subtest: Lifecycle preserves original transition timings in both motion modes
ok 323 - Lifecycle preserves original transition timings in both motion modes
  ---
  duration_ms: 5.8908
  ...
# Subtest: Entrance leads to reading and rest without closing or advancing text
ok 324 - Entrance leads to reading and rest without closing or advancing text
  ---
  duration_ms: 0.6735
  ...
# Subtest: Closing performs farewell and native exit, repeated hide calls do not restart it
ok 325 - Closing performs farewell and native exit, repeated hide calls do not restart it
  ---
  duration_ms: 0.5407
  ...
# Subtest: New message cancels withdrawal and cannot be closed by a stale transition
ok 326 - New message cancels withdrawal and cannot be closed by a stale transition
  ---
  duration_ms: 0.3761
  ...
# Subtest: Reduced motion still has explicit entry and exit and native neutral poses
ok 327 - Reduced motion still has explicit entry and exit and native neutral poses
  ---
  duration_ms: 1.2816
  ...
# Subtest: Extracted renderer and native source retain their registered hashes
ok 328 - Extracted renderer and native source retain their registered hashes
  ---
  duration_ms: 4.9419
  ...
# Subtest: Native greeting curves match the original V8 source at every sampled phase
ok 329 - Native greeting curves match the original V8 source at every sampled phase
  ---
  duration_ms: 10.5232
  ...
# Subtest: Native speak curves match the original V8 source at every sampled phase
ok 330 - Native speak curves match the original V8 source at every sampled phase
  ---
  duration_ms: 5.7051
  ...
# Subtest: Native acknowledge curves match the original V8 source at every sampled phase
ok 331 - Native acknowledge curves match the original V8 source at every sampled phase
  ---
  duration_ms: 6.3234
  ...
# Subtest: Native curious curves match the original V8 source at every sampled phase
ok 332 - Native curious curves match the original V8 source at every sampled phase
  ---
  duration_ms: 3.5373
  ...
# Subtest: Native warning curves match the original V8 source at every sampled phase
ok 333 - Native warning curves match the original V8 source at every sampled phase
  ---
  duration_ms: 3.9137
  ...
# Subtest: Native reveal curves match the original V8 source at every sampled phase
ok 334 - Native reveal curves match the original V8 source at every sampled phase
  ---
  duration_ms: 4.4277
  ...
# Subtest: Native idle curves match the original V8 source at every sampled phase
ok 335 - Native idle curves match the original V8 source at every sampled phase
  ---
  duration_ms: 2.6334
  ...
# Subtest: Native farewell curves match the original V8 source at every sampled phase
ok 336 - Native farewell curves match the original V8 source at every sampled phase
  ---
  duration_ms: 3.2946
  ...
# Subtest: Native ornament springs remain finite across reading, rest and gesture changes
ok 337 - Native ornament springs remain finite across reading, rest and gesture changes
  ---
  duration_ms: 152.9543
  ...
# (node:8724) ExperimentalWarning: Importing JSON modules is an experimental feature and might change at any time
# (Use `node --trace-warnings ...` to show where the warning was created)
# Subtest: Native hand source, reproducible module and all six original textures retain registered hashes
ok 338 - Native hand source, reproducible module and all six original textures retain registered hashes
  ---
  duration_ms: 205.8155
  ...
# Subtest: Native tap pivot and motion exactly match V8 across camera orientations
ok 339 - Native tap pivot and motion exactly match V8 across camera orientations
  ---
  duration_ms: 135.8321
  ...
# Subtest: Native press pivot and motion exactly match V8 across camera orientations
ok 340 - Native press pivot and motion exactly match V8 across camera orientations
  ---
  duration_ms: 82.8044
  ...
# Subtest: Native pinch pivot and motion exactly match V8 across camera orientations
ok 341 - Native pinch pivot and motion exactly match V8 across camera orientations
  ---
  duration_ms: 117.2003
  ...
# Subtest: Native point pivot and motion exactly match V8 across camera orientations
ok 342 - Native point pivot and motion exactly match V8 across camera orientations
  ---
  duration_ms: 72.982
  ...
# Subtest: Native drag pivot and motion exactly match V8 across camera orientations
ok 343 - Native drag pivot and motion exactly match V8 across camera orientations
  ---
  duration_ms: 173.836
  ...
# Subtest: Native open pivot and motion exactly match V8 across camera orientations
ok 344 - Native open pivot and motion exactly match V8 across camera orientations
  ---
  duration_ms: 42.3069
  ...
# Subtest: Quad protection catches a building crossing the middle while every corner lies outside its footprint
ok 345 - Quad protection catches a building crossing the middle while every corner lies outside its footprint
  ---
  duration_ms: 1.5595
  ...
# Subtest: Target rings, dashed contact lines and drag corridor reuse the original native effect geometry
ok 346 - Target rings, dashed contact lines and drag corridor reuse the original native effect geometry
  ---
  duration_ms: 76.914
  ...
# Subtest: Terrain protection includes interior ridges between low quad corners
ok 347 - Terrain protection includes interior ridges between low quad corners
  ---
  duration_ms: 3.1923
  ...
# Subtest: Terrain adapter permits negative elevations and follows moving targets without lifting to world zero
ok 348 - Terrain adapter permits negative elevations and follows moving targets without lifting to world zero
  ---
  duration_ms: 1.3192
  ...
# Subtest: Day-one hand targets map six kinds to actual entities and never modify game state
ok 349 - Day-one hand targets map six kinds to actual entities and never modify game state
  ---
  duration_ms: 1.4323
  ...
# Subtest: The delivery hand follows the actual carrier instead of introducing a demonstration cart
ok 350 - The delivery hand follows the actual carrier instead of introducing a demonstration cart
  ---
  duration_ms: 0.4234
  ...
# Subtest: Production renderer uses a depth-tested four-vertex quad, follows targets and removes all resources
ok 351 - Production renderer uses a depth-tested four-vertex quad, follows targets and removes all resources
  ---
  duration_ms: 18.4096
  ...
# (node:13912) ExperimentalWarning: Importing JSON modules is an experimental feature and might change at any time
# (Use `node --trace-warnings ...` to show where the warning was created)
# Subtest: native canyon and desert horizons preserve every original position, normal and color byte
ok 352 - native canyon and desert horizons preserve every original position, normal and color byte
  ---
  duration_ms: 17512.809
  ...
# Subtest: streaming uses the eye and original resident radii, including negative boundaries
ok 353 - streaming uses the eye and original resident radii, including negative boundaries
  ---
  duration_ms: 36.6729
  ...
# Subtest: horizon resources survive static frames and are released once on travel, quality change and close
ok 354 - horizon resources survive static frames and are released once on travel, quality change and close
  ---
  duration_ms: 1642.0097
  ...
# Subtest: native half-open horizon clipping excludes resident canyon terrain and river while keeping desert apron
ok 355 - native half-open horizon clipping excludes resident canyon terrain and river while keeping desert apron
  ---
  duration_ms: 1996.5317
  ...
# Subtest: explicit language overrides browser preferences; unknown preferences fall back to English
ok 356 - explicit language overrides browser preferences; unknown preferences fall back to English
  ---
  duration_ms: 3.3322
  ...
# Subtest: browser preference order recognises regional English and Spanish variants
ok 357 - browser preference order recognises regional English and Spanish variants
  ---
  duration_ms: 0.2776
  ...
# Subtest: storage failure is safe and persistent override uses its own key
ok 358 - storage failure is safe and persistent override uses its own key
  ---
  duration_ms: 0.3186
  ...
# Subtest: catalog translates complete labels and leaves logical IDs and partial words intact
ok 359 - catalog translates complete labels and leaves logical IDs and partial words intact
  ---
  duration_ms: 103.1464
  ...
# Subtest: generated catalog matches its reviewed TSV source without stale translations
ok 360 - generated catalog matches its reviewed TSV source without stale translations
  ---
  duration_ms: 90.9315
  ...
# Subtest: audited library explanations are fully translated including semicolons and split markup text
ok 361 - audited library explanations are fully translated including semicolons and split markup text
  ---
  duration_ms: 70.1649
  ...
# Subtest: ARIA interpolation and language reversal keep source strings and user parameters
ok 362 - ARIA interpolation and language reversal keep source strings and user parameters
  ---
  duration_ms: 0.704
  ...
# Subtest: all tutorial messages have complete translations, including mechanics and campaign ending
ok 363 - all tutorial messages have complete translations, including mechanics and campaign ending
  ---
  duration_ms: 0.6391
  ...
# Subtest: catalog contains no empty messages, malformed placeholders or untranslated key markers
ok 364 - catalog contains no empty messages, malformed placeholders or untranslated key markers
  ---
  duration_ms: 127.9797
  ...
# Subtest: agricultural notices and quantitative labels interpolate names and singular/plural in both languages
ok 365 - agricultural notices and quantitative labels interpolate names and singular/plural in both languages
  ---
  duration_ms: 2.9219
  ...
# Subtest: All four native profiles alternate Idle and Alert and occasionally walk inside eight metres without running
ok 366 - All four native profiles alternate Idle and Alert and occasionally walk inside eight metres without running
  ---
  duration_ms: 223.0916
  ...
# Subtest: FIFO assignment interrupts an ambient route immediately without losing a reservation
ok 367 - FIFO assignment interrupts an ambient route immediately without losing a reservation
  ---
  duration_ms: 1.3487
  ...
# Subtest: Unreachable or nonlocal detours never become ambient movement
ok 368 - Unreachable or nonlocal detours never become ambient movement
  ---
  duration_ms: 4.9265
  ...
# Subtest: A changed navigation version invalidates a blocked paseo before moving
ok 369 - A changed navigation version invalidates a blocked paseo before moving
  ---
  duration_ms: 0.5741
  ...
# Subtest: Waiting in a village has a real anchor and freezes/resumes identically across pause and save
ok 370 - Waiting in a village has a real anchor and freezes/resumes identically across pause and save
  ---
  duration_ms: 150.9391
  ...
# Subtest: A waiting employee returns physically at shift end and does not prolong the contract
ok 371 - A waiting employee returns physically at shift end and does not prolong the contract
  ---
  duration_ms: 39.141
  ...
# Subtest: Receiving queued work prevents even one extra ambient step
ok 372 - Receiving queued work prevents even one extra ambient step
  ---
  duration_ms: 56.8137
  ...
# Subtest: Ambient paths stay inside the local radius and original terrain/building footprints
ok 373 - Ambient paths stay inside the local radius and original terrain/building footprints
  ---
  duration_ms: 17182.1181
  ...
# Subtest: youngMale: foot contacts reproduce original native toe trajectories and clip cycles
ok 374 - youngMale: foot contacts reproduce original native toe trajectories and clip cycles
  ---
  duration_ms: 811.7699
  ...
# Subtest: olderMale: foot contacts reproduce original native toe trajectories and clip cycles
ok 375 - olderMale: foot contacts reproduce original native toe trajectories and clip cycles
  ---
  duration_ms: 796.5656
  ...
# Subtest: olderFemale: foot contacts reproduce original native toe trajectories and clip cycles
ok 376 - olderFemale: foot contacts reproduce original native toe trajectories and clip cycles
  ---
  duration_ms: 492.36
  ...
# Subtest: youngFemale: foot contacts reproduce original native toe trajectories and clip cycles
ok 377 - youngFemale: foot contacts reproduce original native toe trajectories and clip cycles
  ---
  duration_ms: 477.0956
  ...
# Subtest: warthog: foot contacts reproduce original native toe trajectories and clip cycles
ok 378 - warthog: foot contacts reproduce original native toe trajectories and clip cycles
  ---
  duration_ms: 389.0005
  ...
# Subtest: hyena: foot contacts reproduce original native toe trajectories and clip cycles
ok 379 - hyena: foot contacts reproduce original native toe trajectories and clip cycles
  ---
  duration_ms: 333.3529
  ...
# Subtest: buffalo: foot contacts reproduce original native toe trajectories and clip cycles
ok 380 - buffalo: foot contacts reproduce original native toe trajectories and clip cycles
  ---
  duration_ms: 509.7965
  ...
# Subtest: lion: foot contacts reproduce original native toe trajectories and clip cycles
ok 381 - lion: foot contacts reproduce original native toe trajectories and clip cycles
  ---
  duration_ms: 356.7273
  ...
# Subtest: rhino: foot contacts reproduce original native toe trajectories and clip cycles
ok 382 - rhino: foot contacts reproduce original native toe trajectories and clip cycles
  ---
  duration_ms: 566.4987
  ...
# Subtest: Paid walking emits only measured single-step dust, freezes on pause and does not invent a trail after reload or a long jump
ok 383 - Paid walking emits only measured single-step dust, freezes on pause and does not invent a trail after reload or a long jump
  ---
  duration_ms: 274.5159
  ...
# Subtest: Waiting, falling, incapacitation, stationary animation and backwards time cannot generate footsteps
ok 384 - Waiting, falling, incapacitation, stationary animation and backwards time cannot generate footsteps
  ---
  duration_ms: 56.1879
  ...
# Subtest: warthog: real animal movement phases drive native dust independently of combat budgets
ok 385 - warthog: real animal movement phases drive native dust independently of combat budgets
  ---
  duration_ms: 188.4677
  ...
# Subtest: hyena: real animal movement phases drive native dust independently of combat budgets
ok 386 - hyena: real animal movement phases drive native dust independently of combat budgets
  ---
  duration_ms: 113.8991
  ...
# Subtest: buffalo: real animal movement phases drive native dust independently of combat budgets
ok 387 - buffalo: real animal movement phases drive native dust independently of combat budgets
  ---
  duration_ms: 59.6849
  ...
# Subtest: lion: real animal movement phases drive native dust independently of combat budgets
ok 388 - lion: real animal movement phases drive native dust independently of combat budgets
  ---
  duration_ms: 112.7062
  ...
# Subtest: rhino: real animal movement phases drive native dust independently of combat budgets
ok 389 - rhino: real animal movement phases drive native dust independently of combat budgets
  ---
  duration_ms: 90.9531
  ...
# Subtest: Calibration preserves all four original route speeds and the median physical reference journey
ok 390 - Calibration preserves all four original route speeds and the median physical reference journey
  ---
  duration_ms: 11.0655
  ...
# Subtest: Running consumes travelled metres and switches to walking inside the exhaustion step
ok 391 - Running consumes travelled metres and switches to walking inside the exhaustion step
  ---
  duration_ms: 0.8717
  ...
# Subtest: Short arrivals consume only their actual distance; blocked paths consume nothing
ok 392 - Short arrivals consume only their actual distance; blocked paths consume nothing
  ---
  duration_ms: 0.2681
  ...
# Subtest: Recovery forbids ordinary running but flight uses slowed Run without spending or replenishing the reserve
ok 393 - Recovery forbids ordinary running but flight uses slowed Run without spending or replenishing the reserve
  ---
  duration_ms: 0.3034
  ...
# Subtest: Carrying and unhurried walking keep their native gaits and do not spend running metres
ok 394 - Carrying and unhurried walking keep their native gaits and do not spend running metres
  ---
  duration_ms: 0.4263
  ...
# Subtest: Urgency uses tasks per available worker at the assigned center, with strict greater-than-two threshold
ok 395 - Urgency uses tasks per available worker at the assigned center, with strict greater-than-two threshold
  ---
  duration_ms: 0.5951
  ...
# Subtest: Running gait follows physical motion phase rather than hidden or paused wall time
ok 396 - Running gait follows physical motion phase rather than hidden or paused wall time
  ---
  duration_ms: 3.3976
  ...
# Subtest: Hiring replenishes each person once per day; saves and pauses preserve a partially consumed reserve
ok 397 - Hiring replenishes each person once per day; saves and pauses preserve a partially consumed reserve
  ---
  duration_ms: 7.3866
  ...
# Subtest: A distant arrival cannot extend the worker shift or teleport the worker to start a task
ok 398 - A distant arrival cannot extend the worker shift or teleport the worker to start a task
  ---
  duration_ms: 730.5735
  ...
# Subtest: paused frames do not traverse the graph or rewrite water clocks; late shared water is synchronized
ok 399 - paused frames do not traverse the graph or rewrite water clocks; late shared water is synchronized
  ---
  duration_ms: 10.7062
  ...
# Subtest: entering nested actors, instanced meshes and reparenting retain single shader composition and borrowed ownership
ok 400 - entering nested actors, instanced meshes and reparenting retain single shader composition and borrowed ownership
  ---
  duration_ms: 4.1244
  ...
# Subtest: explicit refresh handles material arrays, replacement and late metadata without stale references
ok 401 - explicit refresh handles material arrays, replacement and late metadata without stale references
  ---
  duration_ms: 2.2054
  ...
# Subtest: resident and unchanged-region horizon quality replacements are registered immediately
ok 402 - resident and unchanged-region horizon quality replacements are registered immediately
  ---
  duration_ms: 1033.4188
  ...
# Subtest: QA fallback preserves old traversal semantics and returning to the registry resynchronizes time
ok 403 - QA fallback preserves old traversal semantics and returning to the registry resynchronizes time
  ---
  duration_ms: 1.1789
  ...
# Subtest: temporary excluded pass roots never register nested materials or leave event listeners
ok 404 - temporary excluded pass roots never register nested materials or leave event listeners
  ---
  duration_ms: 1.0505
  ...
# Subtest: Five wall materials and gates produce one native debris composition only after a real unshielded hit, with pause and reload
ok 405 - Five wall materials and gates produce one native debris composition only after a real unshielded hit, with pause and reload
  ---
  duration_ms: 758.4031
  ...
# Subtest: Shield blocks, crop hits, centre hits and legacy/malformed facts cannot create material damage particles
ok 406 - Shield blocks, crop hits, centre hits and legacy/malformed facts cannot create material damage particles
  ---
  duration_ms: 4.2057
  ...
# Subtest: Contacts use the oriented outer face of shortened walls and scaled gates, including corner approaches
ok 407 - Contacts use the oriented outer face of shortened walls and scaled gates, including corner approaches
  ---
  duration_ms: 2.0766
  ...
# Subtest: closed outward geometry remains eligible across duplicated UV seams and rigid transforms
ok 408 - closed outward geometry remains eligible across duplicated UV seams and rigid transforms
  ---
  duration_ms: 9.916
  ...
# Subtest: open, inverted, inconsistent, duplicate and degenerate faces are rejected separately
ok 409 - open, inverted, inconsistent, duplicate and degenerate faces are rejected separately
  ---
  duration_ms: 2.7539
  ...
# Subtest: positive aggregate volume cannot conceal an inverted disconnected component
ok 410 - positive aggregate volume cannot conceal an inverted disconnected component
  ---
  duration_ms: 1.5877
  ...
# Subtest: exact welding preserves small real gaps and rejects malformed inputs
ok 411 - exact welding preserves small real gaps and rejects malformed inputs
  ---
  duration_ms: 1.4343
  ...
# Subtest: PCF preserves the original nine taps, slope compensation, bias and edge fade verbatim
ok 412 - PCF preserves the original nine taps, slope compensation, bias and edge fade verbatim
  ---
  duration_ms: 3.9691
  ...
# Subtest: shadow target keeps packed-color compatibility and native depth24 comparison through resizing
ok 413 - shadow target keeps packed-color compatibility and native depth24 comparison through resizing
  ---
  duration_ms: 3.3783
  ...
# Subtest: native depth pass applies polygon offset to custom and shared materials, restoring state on exception
ok 414 - native depth pass applies polygon offset to custom and shared materials, restoring state on exception
  ---
  duration_ms: 5.3767
  ...
# Subtest: disabled shadow passes do not allocate depth targets; shared uniforms follow enabled state and light VP
ok 415 - disabled shadow passes do not allocate depth targets; shared uniforms follow enabled state and light VP
  ---
  duration_ms: 9.983
  ...
# Subtest: Standard direct lighting uses native PCF while spot and point shadows keep their own source
ok 416 - Standard direct lighting uses native PCF while spot and point shadows keep their own source
  ---
  duration_ms: 0.4637
  ...
# Subtest: ground, actors and water share the same native depth sampler without replacing DEST custom-depth materials
ok 417 - ground, actors and water share the same native depth sampler without replacing DEST custom-depth materials
  ---
  duration_ms: 4.8276
  ...
# Subtest: independent water retains one valid fallback across shader recompiles and releases it with the material
ok 418 - independent water retains one valid fallback across shader recompiles and releases it with the material
  ---
  duration_ms: 1.2128
  ...
# Subtest: PCF reuse remains valid only while Three lighting leaves the sampled normal unchanged
ok 419 - PCF reuse remains valid only while Three lighting leaves the sampled normal unchanged
  ---
  duration_ms: 0.9712
  ...
# Subtest: A direct segment cannot tunnel through a small prop between valid sampled endpoints
ok 420 - A direct segment cannot tunnel through a small prop between valid sampled endpoints
  ---
  duration_ms: 9.9713
  ...
# Subtest: Directed edge caches retain collision semantics and invalidate when structures or shields change
ok 421 - Directed edge caches retain collision semantics and invalidate when structures or shields change
  ---
  duration_ms: 1.1907
  ...
# Subtest: Failed routes are reused only for identical endpoints and clear when an obstacle changes
ok 422 - Failed routes are reused only for identical endpoints and clear when an obstacle changes
  ---
  duration_ms: 1.6317
  ...
# Subtest: Exhaustively explored enclosed regions reject other unreachable targets without another flood search
ok 423 - Exhaustively explored enclosed regions reject other unreachable targets without another flood search
  ---
  duration_ms: 41.045
  ...
# Subtest: A search touching corridor bounds does not certify a globally closed region
ok 424 - A search touching corridor bounds does not certify a globally closed region
  ---
  duration_ms: 89.5169
  ...
# Subtest: Region reuse matches fresh searches across origins, endpoints, radii and actor permissions
ok 425 - Region reuse matches fresh searches across origins, endpoints, radii and actor permissions
  ---
  duration_ms: 2280.6151
  ...
# Subtest: A diagonal grid edge with valid corners still detours around an intervening prop
ok 426 - A diagonal grid edge with valid corners still detours around an intervening prop
  ---
  duration_ms: 1.3965
  ...
# Subtest: Fractional positions connect to a valid grid point even when their rounded start cell is blocked
ok 427 - Fractional positions connect to a valid grid point even when their rounded start cell is blocked
  ---
  duration_ms: 0.9599
  ...
# Subtest: Swept paths respect native polygon edges, rotated walls and worker-only gate passage
ok 428 - Swept paths respect native polygon edges, rotated walls and worker-only gate passage
  ---
  duration_ms: 1.3546
  ...
# Subtest: Every repair waypoint remains outside rotated native wall footprints and wider gates
ok 429 - Every repair waypoint remains outside rotated native wall footprints and wider gates
  ---
  duration_ms: 21.9781
  ...
# Subtest: Center repair paths go around the center footprint and reject a completely inaccessible destination
ok 430 - Center repair paths go around the center footprint and reject a completely inaccessible destination
  ---
  duration_ms: 0.9577
  ...
# Subtest: Wider searches find physical detours beyond the local corridor without reusing its cached failure
ok 431 - Wider searches find physical detours beyond the local corridor without reusing its cached failure
  ---
  duration_ms: 436.6774
  ...
# (node:26248) ExperimentalWarning: Importing JSON modules is an experimental feature and might change at any time
# (Use `node --trace-warnings ...` to show where the warning was created)
# Subtest: native volumes and viewing corridor match the original across rotation, scale, chunk offset and camera poses
ok 432 - native volumes and viewing corridor match the original across rotation, scale, chunk offset and camera poses
  ---
  duration_ms: 9.7081
  ...
# Subtest: coverage is independent per instance and chunk, excluding low vegetation, water and short props
ok 433 - coverage is independent per instance and chunk, excluding low vegetation, water and short props
  ---
  duration_ms: 8.4663
  ...
# Subtest: packages without explicit bounds use the full original mesh across reduced LODs and honor original group overrides
ok 434 - packages without explicit bounds use the full original mesh across reduced LODs and honor original group overrides
  ---
  duration_ms: 2.964
  ...
# Subtest: native fade rates clamp wall time, restore independently and do not dirty static frames
ok 435 - native fade rates clamp wall time, restore independently and do not dirty static frames
  ---
  duration_ms: 1.1063
  ...
# Subtest: streaming releases the private coverage geometry once while retaining another chunk and the source arrays
ok 436 - streaming releases the private coverage geometry once while retaining another chunk and the source arrays
  ---
  duration_ms: 3.2605
  ...
# Subtest: native ordered discard composes with cel shader and preserves opaque depth and original full shadows
ok 437 - native ordered discard composes with cel shader and preserves opaque depth and original full shadows
  ---
  duration_ms: 2.0521
  ...
# Subtest: olderMale: eight original-terrain crops pay only their physical deliveries and permit dawn hiring
ok 438 - olderMale: eight original-terrain crops pay only their physical deliveries and permit dawn hiring
  ---
  duration_ms: 17720.6583
  ...
# Subtest: olderMale: excessive first-day sowing cannot bypass the economic defeat check
ok 439 - olderMale: excessive first-day sowing cannot bypass the economic defeat check
  ---
  duration_ms: 11466.8373
  ...
# Subtest: olderFemale: eight original-terrain crops pay only their physical deliveries and permit dawn hiring
ok 440 - olderFemale: eight original-terrain crops pay only their physical deliveries and permit dawn hiring
  ---
  duration_ms: 7596.3462
  ...
# Subtest: olderFemale: excessive first-day sowing cannot bypass the economic defeat check
ok 441 - olderFemale: excessive first-day sowing cannot bypass the economic defeat check
  ---
  duration_ms: 5956.6846
  ...
# Subtest: youngMale: eight original-terrain crops pay only their physical deliveries and permit dawn hiring
ok 442 - youngMale: eight original-terrain crops pay only their physical deliveries and permit dawn hiring
  ---
  duration_ms: 5778.0432
  ...
# Subtest: youngMale: excessive first-day sowing cannot bypass the economic defeat check
ok 443 - youngMale: excessive first-day sowing cannot bypass the economic defeat check
  ---
  duration_ms: 5849.6913
  ...
# Subtest: youngFemale: eight original-terrain crops pay only their physical deliveries and permit dawn hiring
ok 444 - youngFemale: eight original-terrain crops pay only their physical deliveries and permit dawn hiring
  ---
  duration_ms: 11356.9892
  ...
# Subtest: youngFemale: excessive first-day sowing cannot bypass the economic defeat check
ok 445 - youngFemale: excessive first-day sowing cannot bypass the economic defeat check
  ---
  duration_ms: 7346.7829
  ...
# Subtest: warthog: native body radius controls entry, approach, shield exclusion and survives reload
ok 446 - warthog: native body radius controls entry, approach, shield exclusion and survives reload
  ---
  duration_ms: 38.3595
  ...
# Subtest: hyena: native body radius controls entry, approach, shield exclusion and survives reload
ok 447 - hyena: native body radius controls entry, approach, shield exclusion and survives reload
  ---
  duration_ms: 2.0155
  ...
# Subtest: buffalo: native body radius controls entry, approach, shield exclusion and survives reload
ok 448 - buffalo: native body radius controls entry, approach, shield exclusion and survives reload
  ---
  duration_ms: 0.7719
  ...
# Subtest: lion: native body radius controls entry, approach, shield exclusion and survives reload
ok 449 - lion: native body radius controls entry, approach, shield exclusion and survives reload
  ---
  duration_ms: 0.6621
  ...
# Subtest: rhino: native body radius controls entry, approach, shield exclusion and survives reload
ok 450 - rhino: native body radius controls entry, approach, shield exclusion and survives reload
  ---
  duration_ms: 1.135
  ...
# Subtest: warthog: swept native body fits clear passages and rejects narrower structure, rock and shield gaps
ok 451 - warthog: swept native body fits clear passages and rejects narrower structure, rock and shield gaps
  ---
  duration_ms: 1.7878
  ...
# Subtest: hyena: swept native body fits clear passages and rejects narrower structure, rock and shield gaps
ok 452 - hyena: swept native body fits clear passages and rejects narrower structure, rock and shield gaps
  ---
  duration_ms: 0.4463
  ...
# Subtest: buffalo: swept native body fits clear passages and rejects narrower structure, rock and shield gaps
ok 453 - buffalo: swept native body fits clear passages and rejects narrower structure, rock and shield gaps
  ---
  duration_ms: 0.5807
  ...
# Subtest: lion: swept native body fits clear passages and rejects narrower structure, rock and shield gaps
ok 454 - lion: swept native body fits clear passages and rejects narrower structure, rock and shield gaps
  ---
  duration_ms: 0.2658
  ...
# Subtest: rhino: swept native body fits clear passages and rejects narrower structure, rock and shield gaps
ok 455 - rhino: swept native body fits clear passages and rejects narrower structure, rock and shield gaps
  ---
  duration_ms: 0.4172
  ...
# Subtest: Approach selection tries another side when the direct contact point is blocked, without ignoring the building
ok 456 - Approach selection tries another side when the direct contact point is blocked, without ignoring the building
  ---
  duration_ms: 0.6733
  ...
# Subtest: The selected contact point persists while walking and across an active-raid save/load
ok 457 - The selected contact point persists while walking and across an active-raid save/load
  ---
  duration_ms: 4.641
  ...
# Subtest: A full legal five-animal composition changes entry side together when a large animal cannot enter
ok 458 - A full legal five-animal composition changes entry side together when a large animal cannot enter
  ---
  duration_ms: 1.6931
  ...
# Subtest: An impossible full-group entry does not silently drop the animals that could not fit
ok 459 - An impossible full-group entry does not silently drop the animals that could not fit
  ---
  duration_ms: 1.0864
  ...
# Subtest: Structure connectivity preflight leaves the actual crop target priority unchanged
ok 460 - Structure connectivity preflight leaves the actual crop target priority unchanged
  ---
  duration_ms: 1.9306
  ...
# Subtest: A reachable crop permits entry when every structure approach is blocked
ok 461 - A reachable crop permits entry when every structure approach is blocked
  ---
  duration_ms: 2.5441
  ...
# Subtest: all passes see local camera/casters/bounds, returning globally identical transforms even on draw failure
ok 462 - all passes see local camera/casters/bounds, returning globally identical transforms even on draw failure
  ---
  duration_ms: 10.9728
  ...
# Subtest: shadow staging preserves a source world matrix under a translated scene instead of applying its origin twice
ok 463 - shadow staging preserves a source world matrix under a translated scene instead of applying its origin twice
  ---
  duration_ms: 2.5142
  ...
# Subtest: global bounds are collected once without moving instances or changing material identities
ok 464 - global bounds are collected once without moving instances or changing material identities
  ---
  duration_ms: 3.5147
  ...
# Subtest: local clip attributes retain half-open edges at remote chunk coordinates without global Float32 cancellation
ok 465 - local clip attributes retain half-open edges at remote chunk coordinates without global Float32 cancellation
  ---
  duration_ms: 1.2956
  ...
# Subtest: PCF and view vectors stay relative while pigment, ground detail, fluid phase and DEST receive anchored positions
ok 466 - PCF and view vectors stay relative while pigment, ground detail, fluid phase and DEST receive anchored positions
  ---
  duration_ms: 2.8979
  ...
# Subtest: native origin keeps strict 144-unit hysteresis, snaps both axes to 48 and never changes target data
ok 467 - native origin keeps strict 144-unit hysteresis, snaps both axes to 48 and never changes target data
  ---
  duration_ms: 20.2441
  ...
# Subtest: chunk-local and merged buffers preserve subunit positions far beyond Float32 world precision
ok 468 - chunk-local and merged buffers preserve subunit positions far beyond Float32 world precision
  ---
  duration_ms: 16.1527
  ...
# Subtest: original crop stages and opaque bridges use the same origin while surface queries and plant state stay global
ok 469 - original crop stages and opaque bridges use the same origin while surface queries and plant state stay global
  ---
  duration_ms: 40.6037
  ...
# (node:17896) ExperimentalWarning: Importing JSON modules is an experimental feature and might change at any time
# (Use `node --trace-warnings ...` to show where the warning was created)
# Subtest: independent DPR cap reduces pixels without changing the quality profile or scene state
ok 470 - independent DPR cap reduces pixels without changing the quality profile or scene state
  ---
  duration_ms: 7.2014
  ...
# Subtest: physical canvas sizing matches the original terrain resize at mobile, desktop, 4K, DPR and hidden dimensions
ok 471 - physical canvas sizing matches the original terrain resize at mobile, desktop, 4K, DPR and hidden dimensions
  ---
  duration_ms: 1.7204
  ...
# Subtest: live ground switches keep geometry and shared materials, release replaced material once and recompose cel metadata
ok 472 - live ground switches keep geometry and shared materials, release replaced material once and recompose cel metadata
  ---
  duration_ms: 5.8249
  ...
# Subtest: live world quality and resize preserve simulation, ground geometry and existing chunk objects
ok 473 - live world quality and resize preserve simulation, ground geometry and existing chunk objects
  ---
  duration_ms: 3.2241
  ...
# Subtest: static resize keeps the drawing buffer and observes DPR changes even with unchanged CSS dimensions
ok 474 - static resize keeps the drawing buffer and observes DPR changes even with unchanged CSS dimensions
  ---
  duration_ms: 1.0126
  ...
# Subtest: canyon horizon changes only its ground material when the resident rectangle stays the same
ok 475 - canyon horizon changes only its ground material when the resident rectangle stays the same
  ---
  duration_ms: 845.9854
  ...
# (node:23196) ExperimentalWarning: Importing JSON modules is an experimental feature and might change at any time
# (Use `node --trace-warnings ...` to show where the warning was created)
# Subtest: unchanged actions retain all 25 resident grounds, water, batches and shadow buffers
ok 476 - unchanged actions retain all 25 resident grounds, water, batches and shadow buffers
  ---
  duration_ms: 22.5217
  ...
# Subtest: unchanged actions retain all 49 resident grounds, water, batches and shadow buffers
ok 477 - unchanged actions retain all 49 resident grounds, water, batches and shadow buffers
  ---
  duration_ms: 67.1073
  ...
# Subtest: suppression updates one asset slot, its shadow/coverage/contact population and bounds without retiring terrain; restoration remains possible
ok 478 - suppression updates one asset slot, its shadow/coverage/contact population and bounds without retiring terrain; restoration remains possible
  ---
  duration_ms: 16.2446
  ...
# Subtest: navigation suppression changes invalidate contacts and hands only when resident props change; offscreen suppressions never force streaming
ok 479 - navigation suppression changes invalidate contacts and hands only when resident props change; offscreen suppressions never force streaming
  ---
  duration_ms: 5.3583
  ...
# Subtest: an affected asset pool retires its material and instance buffer while preserving shared water geometry
ok 480 - an affected asset pool retires its material and instance buffer while preserving shared water geometry
  ---
  duration_ms: 1.2244
  ...
# Subtest: Seed-712 exhausted warthog reaches its original exit around the Ethiopian village, including reload
ok 481 - Seed-712 exhausted warthog reaches its original exit around the Ethiopian village, including reload
  ---
  duration_ms: 9974.8886
  ...
# Subtest: Heap frontier matches stable sorting under interleaved insertions and removals
ok 482 - Heap frontier matches stable sorting under interleaved insertions and removals
  ---
  duration_ms: 179.9831
  ...
# Subtest: static frames reuse both depth attachments while movement, explicit invalidation and target replacement redraw
ok 483 - static frames reuse both depth attachments while movement, explicit invalidation and target replacement redraw
  ---
  duration_ms: 50.6221
  ...
# Subtest: unchanged instance uploads reuse shadows; active instance values, count and growth uniforms invalidate
ok 484 - unchanged instance uploads reuse shadows; active instance values, count and growth uniforms invalidate
  ---
  duration_ms: 4.1581
  ...
# Subtest: geometry and per-object culling spheres invalidate depth without geometry or pose changes
ok 485 - geometry and per-object culling spheres invalidate depth without geometry or pose changes
  ---
  duration_ms: 6.9306
  ...
# Subtest: skin poses, morphs, cut holes, alpha textures, clipping and geometry replacement invalidate
ok 486 - skin poses, morphs, cut holes, alpha textures, clipping and geometry replacement invalidate
  ---
  duration_ms: 5.9138
  ...
# Subtest: unknown callbacks and custom depth shaders never reuse; failed draws never commit a snapshot
ok 487 - unknown callbacks and custom depth shaders never reuse; failed draws never commit a snapshot
  ---
  duration_ms: 4.6268
  ...
# Subtest: temporary asset proxies participate before cache comparison and wrappers release in reverse order
ok 488 - temporary asset proxies participate before cache comparison and wrappers release in reverse order
  ---
  duration_ms: 3.408
  ...
# Subtest: context loss/restoration invalidates cached textures and disposal removes listeners
ok 489 - context loss/restoration invalidates cached textures and disposal removes listeners
  ---
  duration_ms: 1.9662
  ...
# Subtest: instanced interleaved geometry compares its active prefix, including divisor and count
ok 490 - instanced interleaved geometry compares its active prefix, including divisor and count
  ---
  duration_ms: 30.9302
  ...
# Subtest: terrain shadow VP matches the native light and quantized focus through positive, negative and distant targets
ok 491 - terrain shadow VP matches the native light and quantized focus through positive, negative and distant targets
  ---
  duration_ms: 10.2951
  ...
# Subtest: focus ignores terrain height and sub-grid movement but advances at the native grid boundary
ok 492 - focus ignores terrain height and sub-grid movement but advances at the native grid boundary
  ---
  duration_ms: 0.903
  ...
# Subtest: quality changes replace allocated targets once and same resolution retains GPU resources
ok 493 - quality changes replace allocated targets once and same resolution retains GPU resources
  ---
  duration_ms: 0.889
  ...
# Subtest: The original dome lasts twenty simulated seconds at its actual radius, without the timed demonstration impact
ok 494 - The original dome lasts twenty simulated seconds at its actual radius, without the timed demonstration impact
  ---
  duration_ms: 334.7908
  ...
# Subtest: Every species triggers one original block from a confirmed hit, on the 3D dome, with pause and reload
ok 495 - Every species triggers one original block from a confirmed hit, on the 3D dome, with pause and reload
  ---
  duration_ms: 353.4922
  ...
# Subtest: Production shield mesh follows the world floor and has no incoming demonstration bolt
ok 496 - Production shield mesh follows the world floor and has no incoming demonstration bolt
  ---
  duration_ms: 24.0275
  ...
# (node:30448) ExperimentalWarning: Importing JSON modules is an experimental feature and might change at any time
# (Use `node --trace-warnings ...` to show where the warning was created)
# Subtest: sky shader and raw HDR decoder preserve the original lab output
ok 497 - sky shader and raw HDR decoder preserve the original lab output
  ---
  duration_ms: 2184.8549
  ...
# Subtest: native exponential sky fade follows simulated day time and survives reload
ok 498 - native exponential sky fade follows simulated day time and survives reload
  ---
  duration_ms: 0.4371
  ...
# Subtest: sky keeps camera rotation independent of translation and restores renderer on failure
ok 499 - sky keeps camera rotation independent of translation and restores renderer on failure
  ---
  duration_ms: 70.952
  ...
# (node:2688) ExperimentalWarning: Importing JSON modules is an experimental feature and might change at any time
# (Use `node --trace-warnings ...` to show where the warning was created)
# Subtest: terrain camera tilt, distance, target and clearance reproduce the native instantaneous pose
ok 500 - terrain camera tilt, distance, target and clearance reproduce the native instantaneous pose
  ---
  duration_ms: 23.7798
  ...
# Subtest: actual camera stays above rendered triangles in six biomes and across negative chunk boundaries
ok 501 - actual camera stays above rendered triangles in six biomes and across negative chunk boundaries
  ---
  duration_ms: 6390.1255
  ...
# Subtest: focus keeps unrestricted travel and native canyon/home angles without altering simulation state
ok 502 - focus keeps unrestricted travel and native canyon/home angles without altering simulation state
  ---
  duration_ms: 2.509
  ...
# Subtest: focus consumes pending damping before applying the new destination; unchanged frames retain the same eye
ok 503 - focus consumes pending damping before applying the new destination; unchanged frames retain the same eye
  ---
  duration_ms: 1.4482
  ...
# Subtest: real OrbitControls do not turn a cliff height correction into a moving camera on idle frames
ok 504 - real OrbitControls do not turn a cliff height correction into a moving camera on idle frames
  ---
  duration_ms: 9.1855
  ...
# Subtest: picking uses the protected camera even when input arrives before the next rendered frame
ok 505 - picking uses the protected camera even when input arrives before the next rendered frame
  ---
  duration_ms: 1.2299
  ...
# Subtest: native ground vertices, colors and normals match original lab in every biome and negative chunks
ok 506 - native ground vertices, colors and normals match original lab in every biome and negative chunks
  ---
  duration_ms: 20118.4642
  ...
# Subtest: visual effects and debris support agree with raycast on native one-unit cells and chunk seams
ok 507 - visual effects and debris support agree with raycast on native one-unit cells and chunk seams
  ---
  duration_ms: 1636.0375
  ...
# Subtest: native RGB vertex palette is converted once before lighting in both quality material types
ok 508 - native RGB vertex palette is converted once before lighting in both quality material types
  ---
  duration_ms: 2.2161
  ...
# Subtest: Basic readings advance only manually and do not create, plant or pay anything
ok 509 - Basic readings advance only manually and do not create, plant or pay anything
  ---
  duration_ms: 9.0758
  ...
# Subtest: An already placed native center is recognized without charging a second one
ok 510 - An already placed native center is recognized without charging a second one
  ---
  duration_ms: 16442.357
  ...
# Subtest: The native farm resumes physical worker actions after reading, and completes only after a paid delivery
ok 511 - The native farm resumes physical worker actions after reading, and completes only after a paid delivery
  ---
  duration_ms: 10034.2552
  ...
# Subtest: Only a previously completed basic tutorial can be skipped; new magic still interrupts the second slot
ok 512 - Only a previously completed basic tutorial can be skipped; new magic still interrupts the second slot
  ---
  duration_ms: 2.3361
  ...
# Subtest: The first unknown raid and Shield pause together; known later raids never add another tutorial pause
ok 513 - The first unknown raid and Shield pause together; known later raids never add another tutorial pause
  ---
  duration_ms: 0.5292
  ...
# Subtest: Growth, Multiply and recovery have independent IDs; repeats and unrelated pauses remain intact
ok 514 - Growth, Multiply and recovery have independent IDs; repeats and unrelated pauses remain intact
  ---
  duration_ms: 0.5942
  ...
# Subtest: Loading preserves an unfinished reading and queue without replaying its sound or silently acknowledging it
ok 515 - Loading preserves an unfinished reading and queue without replaying its sound or silently acknowledging it
  ---
  duration_ms: 1.6272
  ...
# Subtest: Global profile writes merge seen IDs and malformed or unknown data cannot silence messages
ok 516 - Global profile writes merge seen IDs and malformed or unknown data cannot silence messages
  ---
  duration_ms: 1.5944
  ...
# Subtest: Storage failure leaves the slot acknowledged and playable without manufacturing a global completion
ok 517 - Storage failure leaves the slot acknowledged and playable without manufacturing a global completion
  ---
  duration_ms: 0.6585
  ...
# Subtest: Victory is narrated per campaign before the result choices, and expansion appears after hiring
ok 518 - Victory is narrated per campaign before the result choices, and expansion appears after hiring
  ---
  duration_ms: 0.9699
  ...
# Subtest: Snapshots reject unknown tutorial IDs and incoherent modal pauses while retaining legacy slots
ok 519 - Snapshots reject unknown tutorial IDs and incoherent modal pauses while retaining legacy slots
  ---
  duration_ms: 2.1877
  ...
# Subtest: A loaded defeat takes priority over an unfinished explanation without marking that message seen
ok 520 - A loaded defeat takes priority over an unfinished explanation without marking that message seen
  ---
  duration_ms: 0.3223
  ...
# Subtest: Profile memory lives outside slot listings and never changes another slot snapshot
ok 521 - Profile memory lives outside slot listings and never changes another slot snapshot
  ---
  duration_ms: 0.9966
  ...
# Subtest: sabana/mapungubwe: real terrain sowing, watering, maturity, crate and settlement
ok 522 - sabana/mapungubwe: real terrain sowing, watering, maturity, crate and settlement
  ---
  duration_ms: 17743.9945
  ...
# Subtest: sabana/saheliana: real terrain sowing, watering, maturity, crate and settlement
ok 523 - sabana/saheliana: real terrain sowing, watering, maturity, crate and settlement
  ---
  duration_ms: 10989.697
  ...
# Subtest: sabana/suajili: real terrain sowing, watering, maturity, crate and settlement
ok 524 - sabana/suajili: real terrain sowing, watering, maturity, crate and settlement
  ---
  duration_ms: 7816.45
  ...
# Subtest: sabana/musgum: real terrain sowing, watering, maturity, crate and settlement
ok 525 - sabana/musgum: real terrain sowing, watering, maturity, crate and settlement
  ---
  duration_ms: 5897.8751
  ...
# Subtest: sabana/etiope: real terrain sowing, watering, maturity, crate and settlement
ok 526 - sabana/etiope: real terrain sowing, watering, maturity, crate and settlement
  ---
  duration_ms: 5854.2004
  ...
# Subtest: gran-rio/mapungubwe: real terrain sowing, watering, maturity, crate and settlement
ok 527 - gran-rio/mapungubwe: real terrain sowing, watering, maturity, crate and settlement
  ---
  duration_ms: 2454.2205
  ...
# Subtest: gran-rio/saheliana: real terrain sowing, watering, maturity, crate and settlement
ok 528 - gran-rio/saheliana: real terrain sowing, watering, maturity, crate and settlement
  ---
  duration_ms: 11856.1008
  ...
# Subtest: gran-rio/suajili: real terrain sowing, watering, maturity, crate and settlement
ok 529 - gran-rio/suajili: real terrain sowing, watering, maturity, crate and settlement
  ---
  duration_ms: 6373.6984
  ...
# Subtest: gran-rio/musgum: real terrain sowing, watering, maturity, crate and settlement
ok 530 - gran-rio/musgum: real terrain sowing, watering, maturity, crate and settlement
  ---
  duration_ms: 5152.1794
  ...
# Subtest: gran-rio/etiope: real terrain sowing, watering, maturity, crate and settlement
ok 531 - gran-rio/etiope: real terrain sowing, watering, maturity, crate and settlement
  ---
  duration_ms: 5090.8392
  ...
# Subtest: manglares/mapungubwe: real terrain sowing, watering, maturity, crate and settlement
ok 532 - manglares/mapungubwe: real terrain sowing, watering, maturity, crate and settlement
  ---
  duration_ms: 970.1001
  ...
# Subtest: manglares/saheliana: real terrain sowing, watering, maturity, crate and settlement
ok 533 - manglares/saheliana: real terrain sowing, watering, maturity, crate and settlement
  ---
  duration_ms: 1178.2289
  ...
# Subtest: manglares/suajili: real terrain sowing, watering, maturity, crate and settlement
ok 534 - manglares/suajili: real terrain sowing, watering, maturity, crate and settlement
  ---
  duration_ms: 1108.0617
  ...
# Subtest: manglares/musgum: real terrain sowing, watering, maturity, crate and settlement
ok 535 - manglares/musgum: real terrain sowing, watering, maturity, crate and settlement
  ---
  duration_ms: 1111.5078
  ...
# Subtest: manglares/etiope: real terrain sowing, watering, maturity, crate and settlement
ok 536 - manglares/etiope: real terrain sowing, watering, maturity, crate and settlement
  ---
  duration_ms: 954.7492
  ...
# Subtest: volcanes/mapungubwe: real terrain sowing, watering, maturity, crate and settlement
ok 537 - volcanes/mapungubwe: real terrain sowing, watering, maturity, crate and settlement
  ---
  duration_ms: 4584.4071
  ...
# Subtest: volcanes/saheliana: real terrain sowing, watering, maturity, crate and settlement
ok 538 - volcanes/saheliana: real terrain sowing, watering, maturity, crate and settlement
  ---
  duration_ms: 8260.5806
  ...
# Subtest: volcanes/suajili: real terrain sowing, watering, maturity, crate and settlement
ok 539 - volcanes/suajili: real terrain sowing, watering, maturity, crate and settlement
  ---
  duration_ms: 5557.131
  ...
# Subtest: volcanes/musgum: real terrain sowing, watering, maturity, crate and settlement
ok 540 - volcanes/musgum: real terrain sowing, watering, maturity, crate and settlement
  ---
  duration_ms: 9681.1274
  ...
# Subtest: volcanes/etiope: real terrain sowing, watering, maturity, crate and settlement
ok 541 - volcanes/etiope: real terrain sowing, watering, maturity, crate and settlement
  ---
  duration_ms: 38447.4546
  ...
# Subtest: gran-canon/mapungubwe: real terrain sowing, watering, maturity, crate and settlement
ok 542 - gran-canon/mapungubwe: real terrain sowing, watering, maturity, crate and settlement
  ---
  duration_ms: 427.7166
  ...
# Subtest: gran-canon/saheliana: real terrain sowing, watering, maturity, crate and settlement
ok 543 - gran-canon/saheliana: real terrain sowing, watering, maturity, crate and settlement
  ---
  duration_ms: 503.6267
  ...
# Subtest: gran-canon/suajili: real terrain sowing, watering, maturity, crate and settlement
ok 544 - gran-canon/suajili: real terrain sowing, watering, maturity, crate and settlement
  ---
  duration_ms: 384.6246
  ...
# Subtest: gran-canon/musgum: real terrain sowing, watering, maturity, crate and settlement
ok 545 - gran-canon/musgum: real terrain sowing, watering, maturity, crate and settlement
  ---
  duration_ms: 355.5404
  ...
# Subtest: gran-canon/etiope: real terrain sowing, watering, maturity, crate and settlement
ok 546 - gran-canon/etiope: real terrain sowing, watering, maturity, crate and settlement
  ---
  duration_ms: 567.8935
  ...
# Subtest: desierto/mapungubwe: real terrain sowing, watering, maturity, crate and settlement
ok 547 - desierto/mapungubwe: real terrain sowing, watering, maturity, crate and settlement
  ---
  duration_ms: 621.8249
  ...
# Subtest: desierto/saheliana: real terrain sowing, watering, maturity, crate and settlement
ok 548 - desierto/saheliana: real terrain sowing, watering, maturity, crate and settlement
  ---
  duration_ms: 1252.7492
  ...
# Subtest: desierto/suajili: real terrain sowing, watering, maturity, crate and settlement
ok 549 - desierto/suajili: real terrain sowing, watering, maturity, crate and settlement
  ---
  duration_ms: 492.3809
  ...
# Subtest: desierto/musgum: real terrain sowing, watering, maturity, crate and settlement
ok 550 - desierto/musgum: real terrain sowing, watering, maturity, crate and settlement
  ---
  duration_ms: 540.6195
  ...
# Subtest: desierto/etiope: real terrain sowing, watering, maturity, crate and settlement
ok 551 - desierto/etiope: real terrain sowing, watering, maturity, crate and settlement
  ---
  duration_ms: 711.4878
  ...
# Subtest: World surface replaces the demonstration crop bed and follows drifting sprite contacts
ok 552 - World surface replaces the demonstration crop bed and follows drifting sprite contacts
  ---
  duration_ms: 17.1882
  ...
# Subtest: VFX extraction traces the original atlas, 19 resources, 18 definitions and eight shaders
ok 553 - VFX extraction traces the original atlas, 19 resources, 18 definitions and eight shaders
  ---
  duration_ms: 273.099
  ...
# Subtest: Day, sunset and night environment values match original source lighting and matrices
ok 554 - Day, sunset and night environment values match original source lighting and matrices
  ---
  duration_ms: 5.2801
  ...
# Subtest: All 18 compositions reproduce source scheduling, particles, tool poses, geometry and local lights
ok 555 - All 18 compositions reproduce source scheduling, particles, tool poses, geometry and local lights
  ---
  duration_ms: 10721.6653
  ...
# Subtest: Seven rigid particle geometries preserve every original position and normal
ok 556 - Seven rigid particle geometries preserve every original position and normal
  ---
  duration_ms: 252.0428
  ...
# Subtest: Atlas frames retain original inset, flipped rows and interpolated final frame
ok 557 - Atlas frames retain original inset, flipped rows and interpolated final frame
  ---
  duration_ms: 0.3454
  ...
# Subtest: Private VFX clocks freeze at zero elapsed, keep preview contacts external and clear resources
ok 558 - Private VFX clocks freeze at zero elapsed, keep preview contacts external and clear resources
  ---
  duration_ms: 169.2962
  ...
# Subtest: Original presentation caps bound dense particle bursts and layer switches hide their own outputs
ok 559 - Original presentation caps bound dense particle bursts and layer switches hide their own outputs
  ---
  duration_ms: 244.1955
  ...
# Subtest: shield domes and agricultural ribbons query global terrain and preserve their local vertices while projection is rebased
ok 560 - shield domes and agricultural ribbons query global terrain and preserve their local vertices while projection is rebased
  ---
  duration_ms: 620.3902
  ...
# Subtest: Terrain contact maps world heights into a translated, rotated and scaled effect frame
ok 561 - Terrain contact maps world heights into a translated, rotated and scaled effect frame
  ---
  duration_ms: 237.3003
  ...
# Subtest: Native debris follows original terrain heights in all six biomes without changing domain state
ok 562 - Native debris follows original terrain heights in all six biomes without changing domain state
  ---
  duration_ms: 147.6747
  ...
# Subtest: All 18 Three.js VFX preserve native solid, ribbon and sprite uploads before drawing
ok 563 - All 18 Three.js VFX preserve native solid, ribbon and sprite uploads before drawing
  ---
  duration_ms: 775.1596
  ...
# Subtest: Atlas upload preserves original flipped rows, linear sampling, straight alpha and shared ownership
ok 564 - Atlas upload preserves original flipped rows, linear sampling, straight alpha and shared ownership
  ---
  duration_ms: 103.0099
  ...
# Subtest: Root transforms orient particles and carry world camera planes, scale, fog and shadows into shaders
ok 565 - Root transforms orient particles and carry world camera planes, scale, fog and shadows into shaders
  ---
  duration_ms: 104.8128
  ...
# Subtest: Paused VFX keep solid and ribbon buffers stable, clear stops static effects and source layers remain selective
ok 566 - Paused VFX keep solid and ribbon buffers stable, clear stops static effects and source layers remain selective
  ---
  duration_ms: 232.6439
  ...
# Subtest: Effects never participate in interaction raycasts and release private resources before the shared atlas
ok 567 - Effects never participate in interaction raycasts and release private resources before the shared atlas
  ---
  duration_ms: 92.4039
  ...
# Subtest: Native environment retains distinct day, sunset and night lighting for particles
ok 568 - Native environment retains distinct day, sunset and night lighting for particles
  ---
  duration_ms: 0.4675
  ...
# Subtest: Two native local lights retain source positions/colors on world materials and disappear when stopped
ok 569 - Two native local lights retain source positions/colors on world materials and disappear when stopped
  ---
  duration_ms: 78.0283
  ...
# (node:20396) ExperimentalWarning: Importing JSON modules is an experimental feature and might change at any time
# (Use `node --trace-warnings ...` to show where the warning was created)
# Subtest: five village loaders bound every indexed unit without copying or restricting its shared geometry
ok 570 - five village loaders bound every indexed unit without copying or restricting its shared geometry
  ---
  duration_ms: 2112.8693
  ...
# Subtest: volcanic mask and radiance retain authored constants; only cel emission transport is adapted
ok 571 - volcanic mask and radiance retain authored constants; only cel emission transport is adapted
  ---
  duration_ms: 3.1128
  ...
# Subtest: volcanic activation follows all six original manifests and composes with cel, textures and coverage
ok 572 - volcanic activation follows all six original manifests and composes with cel, textures and coverage
  ---
  duration_ms: 360.2766
  ...
# Subtest: Dragging submits only the completed world-space stroke and preserves curved samples
ok 573 - Dragging submits only the completed world-space stroke and preserves curved samples
  ---
  duration_ms: 60.9192
  ...
# Subtest: Pointer cancellation and disabling cannot submit a partial chain
ok 574 - Pointer cancellation and disabling cannot submit a partial chain
  ---
  duration_ms: 1.0765
  ...
# Subtest: Two-finger pan and zoom cancel drawing and never build on finger release
ok 575 - Two-finger pan and zoom cancel drawing and never build on finger release
  ---
  duration_ms: 0.5513
  ...
# Subtest: Short tap stays a tap while alternate camera buttons and Shift pass through
ok 576 - Short tap stays a tap while alternate camera buttons and Shift pass through
  ---
  duration_ms: 0.5813
  ...
# Subtest: Coalesced input keeps the native minimum spacing and disposal removes all handlers
ok 577 - Coalesced input keeps the native minimum spacing and disposal removes all handlers
  ---
  duration_ms: 0.577
  ...
# Subtest: Native wall layout source and extracted module retain their hashes
ok 578 - Native wall layout source and extracted module retain their hashes
  ---
  duration_ms: 3.7341
  ...
# Subtest: Module sampling preserves original straight, curved and closed paths
ok 579 - Module sampling preserves original straight, curved and closed paths
  ---
  duration_ms: 2.8878
  ...
# Subtest: Enclosure graph and deterministic gates match source including crossings and T junctions
ok 580 - Enclosure graph and deterministic gates match source including crossings and T junctions
  ---
  duration_ms: 80.2655
  ...
# Subtest: Paid chain closes with one gate, no surcharge and exactly one idempotent debit
ok 581 - Paid chain closes with one gate, no surcharge and exactly one idempotent debit
  ---
  duration_ms: 37.6301
  ...
# Subtest: Preview never spends coins, reserves IDs or alters the enclosure and construction revalidates it
ok 582 - Preview never spends coins, reserves IDs or alters the enclosure and construction revalidates it
  ---
  duration_ms: 6.689
  ...
# Subtest: Invalid terrain, crop intersection and insufficient money leave state unchanged
ok 583 - Invalid terrain, crop intersection and insufficient money leave state unchanged
  ---
  duration_ms: 10.0813
  ...
# Subtest: Removing an automatic gate opens a persistent gap without refund or replacement
ok 584 - Removing an automatic gate opens a persistent gap without refund or replacement
  ---
  duration_ms: 48.2406
  ...
# Subtest: No global 240-module cap; shortened modules affect both sampled and swept obstacles
ok 585 - No global 240-module cap; shortened modules affect both sampled and swept obstacles
  ---
  duration_ms: 4.3009
  ...
# Subtest: Malformed persisted module scale and automatic gate flags are rejected
ok 586 - Malformed persisted module scale and automatic gate flags are rejected
  ---
  duration_ms: 1.7955
  ...
# Subtest: No-center and raid restrictions reject chains and removal without mutating money or modules
ok 587 - No-center and raid restrictions reject chains and removal without mutating money or modules
  ---
  duration_ms: 3.6598
  ...
# Subtest: Removing a reserved repair releases its worker and preserves the ledger
ok 588 - Removing a reserved repair releases its worker and preserves the ledger
  ---
  duration_ms: 1.4531
  ...
# Subtest: Native Bastion extraction preserves source and module hashes
ok 589 - Native Bastion extraction preserves source and module hashes
  ---
  duration_ms: 3.2044
  ...
# Subtest: All materials and gate stages agree with the original native renderer
ok 590 - All materials and gate stages agree with the original native renderer
  ---
  duration_ms: 73.3246
  ...
# Subtest: Every original regional bridge keeps triangle pivots and exact native trajectories
ok 591 - Every original regional bridge keeps triangle pivots and exact native trajectories
  ---
  duration_ms: 3206.498
  ...
# Subtest: Production wall renders opaque native rubble, preserves gate scale and disposes private geometry
ok 592 - Production wall renders opaque native rubble, preserves gate scale and disposes private geometry
  ---
  duration_ms: 990.864
  ...
# Subtest: Collapse follows simulated remainder and reconstructs correctly after loading or repair
ok 593 - Collapse follows simulated remainder and reconstructs correctly after loading or repair
  ---
  duration_ms: 29.6587
  ...
# Subtest: Ordinary damage uses native 480 ms cubic easing, pauses hold it and collapse overrides it
ok 594 - Ordinary damage uses native 480 ms cubic easing, pauses hold it and collapse overrides it
  ---
  duration_ms: 53.7731
  ...
# Subtest: Articulated leaves retain finite native damage bridges and reconstruct the original closed pose
ok 595 - Articulated leaves retain finite native damage bridges and reconstruct the original closed pose
  ---
  duration_ms: 3003.1083
  ...
# (node:24456) ExperimentalWarning: Importing JSON modules is an experimental feature and might change at any time
# (Use `node --trace-warnings ...` to show where the warning was created)
# Subtest: river and wetland vertices reproduce the source recipe across six biomes and chunk boundaries
ok 596 - river and wetland vertices reproduce the source recipe across six biomes and chunk boundaries
  ---
  duration_ms: 333.229
  ...
# Subtest: pond and lava pool fans preserve original outline, local level and transformed instance placement
ok 597 - pond and lava pool fans preserve original outline, local level and transformed instance placement
  ---
  duration_ms: 9.4097
  ...
# Subtest: painted fluids evaluate transformed world coordinates for instanced pools
ok 598 - painted fluids evaluate transformed world coordinates for instanced pools
  ---
  duration_ms: 0.9234
  ...
# Subtest: unloading a chunk releases private instance buffers and retains shared water resources
ok 599 - unloading a chunk releases private instance buffers and retains shared water resources
  ---
  duration_ms: 5.8038
  ...
# Subtest: pool fragments keep the original half-open chunk clip and independent bounds
ok 600 - pool fragments keep the original half-open chunk clip and independent bounds
  ---
  duration_ms: 21.9384
  ...
# (node:30168) ExperimentalWarning: Importing JSON modules is an experimental feature and might change at any time
# (Use `node --trace-warnings ...` to show where the warning was created)
# Subtest: all twenty original GLBs resolve to one distinct runtime variant
ok 601 - all twenty original GLBs resolve to one distinct runtime variant
  ---
  duration_ms: 2.8142
  ...
# Subtest: native pages, injected scripts, JSON and stylesheets use their actual resolution context
ok 602 - native pages, injected scripts, JSON and stylesheets use their actual resolution context
  ---
  duration_ms: 0.8648
  ...
# Subtest: native menu and library receive local decoding before their original parsers
ok 603 - native menu and library receive local decoding before their original parsers
  ---
  duration_ms: 29.086
  ...
# Subtest: Initial planting and first water track the four original profile speeds in separate phases
ok 604 - Initial planting and first water track the four original profile speeds in separate phases
  ---
  duration_ms: 4.0515
  ...
# Subtest: Paid legal work presents native dig, water and harvest without changing state, including pause and reload
ok 605 - Paid legal work presents native dig, water and harvest without changing state, including pause and reload
  ---
  duration_ms: 737.6551
  ...
# Subtest: Cancelling a task immediately releases its VFX and leaves no static ribbon or private resources
ok 606 - Cancelling a task immediately releases its VFX and leaves no static ribbon or private resources
  ---
  duration_ms: 47.8174
  ...
# Subtest: Visual floor sampling matches the exact rendered triangle and diagonal across negative chunk seams
ok 607 - Visual floor sampling matches the exact rendered triangle and diagonal across negative chunk seams
  ---
  duration_ms: 0.8045
  ...
# Subtest: youngMale: Three loads and applies every native action to its real rig
ok 608 - youngMale: Three loads and applies every native action to its real rig
  ---
  duration_ms: 561.4993
  ...
# Subtest: olderMale: Three loads and applies every native action to its real rig
ok 609 - olderMale: Three loads and applies every native action to its real rig
  ---
  duration_ms: 303.7288
  ...
# Subtest: olderFemale: Three loads and applies every native action to its real rig
ok 610 - olderFemale: Three loads and applies every native action to its real rig
  ---
  duration_ms: 535.5428
  ...
# Subtest: youngFemale: Three loads and applies every native action to its real rig
ok 611 - youngFemale: Three loads and applies every native action to its real rig
  ---
  duration_ms: 748.7322
  ...
# Subtest: youngMale: native action tracks are finite and preserve their last key
ok 612 - youngMale: native action tracks are finite and preserve their last key
  ---
  duration_ms: 339.7268
  ...
# Subtest: olderMale: native action tracks are finite and preserve their last key
ok 613 - olderMale: native action tracks are finite and preserve their last key
  ---
  duration_ms: 138.9643
  ...
# Subtest: olderFemale: native action tracks are finite and preserve their last key
ok 614 - olderFemale: native action tracks are finite and preserve their last key
  ---
  duration_ms: 112.1747
  ...
# Subtest: youngFemale: native action tracks are finite and preserve their last key
ok 615 - youngFemale: native action tracks are finite and preserve their last key
  ---
  duration_ms: 88.4953
  ...
# Subtest: Combined initial work shows planting followed by first watering for both age speeds
ok 616 - Combined initial work shows planting followed by first watering for both age speeds
  ---
  duration_ms: 0.9411
  ...
# Subtest: Incapacitation retreats using slowed Run; first hit holds the native Fall instead
ok 617 - Incapacitation retreats using slowed Run; first hit holds the native Fall instead
  ---
  duration_ms: 0.2613
  ...
# Subtest: Carrying uses the original crate and idle uses the supplied resting pose
ok 618 - Carrying uses the original crate and idle uses the supplied resting pose
  ---
  duration_ms: 0.1918
  ...
# (node:22680) ExperimentalWarning: Importing JSON modules is an experimental feature and might change at any time
# (Use `node --trace-warnings ...` to show where the warning was created)
# Subtest: fluid uniforms match the original renderer recipe for all biome palettes and seeds
ok 619 - fluid uniforms match the original renderer recipe for all biome palettes and seeds
  ---
  duration_ms: 106.6933
  ...
# Subtest: animation uses integrated simulated time once and shader converts flat inks to linear
ok 620 - animation uses integrated simulated time once and shader converts flat inks to linear
  ---
  duration_ms: 1.127
  ...
# Subtest: toon retains the same fractional dusk phase as the sky after reload
ok 621 - toon retains the same fractional dusk phase as the sky after reload
  ---
  duration_ms: 1.8236
  ...
# Subtest: world reflections retain the supplied equirectangular HDR sampling, roughness LOD and night fill
ok 622 - world reflections retain the supplied equirectangular HDR sampling, roughness LOD and night fill
  ---
  duration_ms: 5.4323
  ...
# Subtest: already compiled world materials share radiance textures, simulated night and changing sky yaw without texture clones
ok 623 - already compiled world materials share radiance textures, simulated night and changing sky yaw without texture clones
  ---
  duration_ms: 1.823
  ...
# Subtest: native wet prop material composes reflected radiance with tangent normals, roughness, cel and coverage
ok 624 - native wet prop material composes reflected radiance with tangent normals, roughness, cel and coverage
  ---
  duration_ms: 6.296
  ...
# Subtest: Navigation refuses a blocked destination, including routes shorter than one step
ok 625 - Navigation refuses a blocked destination, including routes shorter than one step
  ---
  duration_ms: 30.6365
  ...
# Subtest: sabana/mapungubwe/712: original terrain supports initial village and employee route
ok 626 - sabana/mapungubwe/712: original terrain supports initial village and employee route
  ---
  duration_ms: 11563.0619
  ...
# Subtest: sabana/saheliana/712: original terrain supports initial village and employee route
ok 627 - sabana/saheliana/712: original terrain supports initial village and employee route
  ---
  duration_ms: 8366.6631
  ...
# Subtest: sabana/suajili/712: original terrain supports initial village and employee route
ok 628 - sabana/suajili/712: original terrain supports initial village and employee route
  ---
  duration_ms: 7345.8767
  ...
# Subtest: sabana/musgum/712: original terrain supports initial village and employee route
ok 629 - sabana/musgum/712: original terrain supports initial village and employee route
  ---
  duration_ms: 5453.3333
  ...
# Subtest: sabana/etiope/712: original terrain supports initial village and employee route
ok 630 - sabana/etiope/712: original terrain supports initial village and employee route
  ---
  duration_ms: 5548.4145
  ...
# Subtest: gran-rio/mapungubwe/712: original terrain supports initial village and employee route
ok 631 - gran-rio/mapungubwe/712: original terrain supports initial village and employee route
  ---
  duration_ms: 2521.6982
  ...
# Subtest: gran-rio/saheliana/712: original terrain supports initial village and employee route
ok 632 - gran-rio/saheliana/712: original terrain supports initial village and employee route
  ---
  duration_ms: 10769.1026
  ...
# Subtest: gran-rio/suajili/712: original terrain supports initial village and employee route
ok 633 - gran-rio/suajili/712: original terrain supports initial village and employee route
  ---
  duration_ms: 5977.3478
  ...
# Subtest: gran-rio/musgum/712: original terrain supports initial village and employee route
ok 634 - gran-rio/musgum/712: original terrain supports initial village and employee route
  ---
  duration_ms: 4772.535
  ...
# Subtest: gran-rio/etiope/712: original terrain supports initial village and employee route
ok 635 - gran-rio/etiope/712: original terrain supports initial village and employee route
  ---
  duration_ms: 4780.8117
  ...
# Subtest: manglares/mapungubwe/712: original terrain supports initial village and employee route
ok 636 - manglares/mapungubwe/712: original terrain supports initial village and employee route
  ---
  duration_ms: 587.4478
  ...
# Subtest: manglares/saheliana/712: original terrain supports initial village and employee route
ok 637 - manglares/saheliana/712: original terrain supports initial village and employee route
  ---
  duration_ms: 718.847
  ...
# Subtest: manglares/suajili/712: original terrain supports initial village and employee route
ok 638 - manglares/suajili/712: original terrain supports initial village and employee route
  ---
  duration_ms: 990.6856
  ...
# Subtest: manglares/musgum/712: original terrain supports initial village and employee route
ok 639 - manglares/musgum/712: original terrain supports initial village and employee route
  ---
  duration_ms: 951.8586
  ...
# Subtest: manglares/etiope/712: original terrain supports initial village and employee route
ok 640 - manglares/etiope/712: original terrain supports initial village and employee route
  ---
  duration_ms: 790.1025
  ...
# Subtest: volcanes/mapungubwe/712: original terrain supports initial village and employee route
ok 641 - volcanes/mapungubwe/712: original terrain supports initial village and employee route
  ---
  duration_ms: 4450.7009
  ...
# Subtest: volcanes/saheliana/712: original terrain supports initial village and employee route
ok 642 - volcanes/saheliana/712: original terrain supports initial village and employee route
  ---
  duration_ms: 7864.4132
  ...
# Subtest: volcanes/suajili/712: original terrain supports initial village and employee route
ok 643 - volcanes/suajili/712: original terrain supports initial village and employee route
  ---
  duration_ms: 5057.5032
  ...
# Subtest: volcanes/musgum/712: original terrain supports initial village and employee route
ok 644 - volcanes/musgum/712: original terrain supports initial village and employee route
  ---
  duration_ms: 9171.5183
  ...
# Subtest: volcanes/etiope/712: original terrain supports initial village and employee route
ok 645 - volcanes/etiope/712: original terrain supports initial village and employee route
  ---
  duration_ms: 37937.4732
  ...
# Subtest: gran-canon/mapungubwe/712: original terrain supports initial village and employee route
ok 646 - gran-canon/mapungubwe/712: original terrain supports initial village and employee route
  ---
  duration_ms: 153.1819
  ...
# Subtest: gran-canon/saheliana/712: original terrain supports initial village and employee route
ok 647 - gran-canon/saheliana/712: original terrain supports initial village and employee route
  ---
  duration_ms: 209.956
  ...
# Subtest: gran-canon/suajili/712: original terrain supports initial village and employee route
ok 648 - gran-canon/suajili/712: original terrain supports initial village and employee route
  ---
  duration_ms: 171.4543
  ...
# Subtest: gran-canon/musgum/712: original terrain supports initial village and employee route
ok 649 - gran-canon/musgum/712: original terrain supports initial village and employee route
  ---
  duration_ms: 216.1171
  ...
# Subtest: gran-canon/etiope/712: original terrain supports initial village and employee route
ok 650 - gran-canon/etiope/712: original terrain supports initial village and employee route
  ---
  duration_ms: 311.1157
  ...
# Subtest: desierto/mapungubwe/712: original terrain supports initial village and employee route
ok 651 - desierto/mapungubwe/712: original terrain supports initial village and employee route
  ---
  duration_ms: 409.3301
  ...
# Subtest: desierto/saheliana/712: original terrain supports initial village and employee route
ok 652 - desierto/saheliana/712: original terrain supports initial village and employee route
  ---
  duration_ms: 614.2523
  ...
# Subtest: desierto/suajili/712: original terrain supports initial village and employee route
ok 653 - desierto/suajili/712: original terrain supports initial village and employee route
  ---
  duration_ms: 210.9686
  ...
# Subtest: desierto/musgum/712: original terrain supports initial village and employee route
ok 654 - desierto/musgum/712: original terrain supports initial village and employee route
  ---
  duration_ms: 369.8463
  ...
# Subtest: desierto/etiope/712: original terrain supports initial village and employee route
ok 655 - desierto/etiope/712: original terrain supports initial village and employee route
  ---
  duration_ms: 491.4416
  ...
# Subtest: sabana/mapungubwe/918271: original terrain supports initial village and employee route
ok 656 - sabana/mapungubwe/918271: original terrain supports initial village and employee route
  ---
  duration_ms: 1104.2545
  ...
# Subtest: sabana/saheliana/918271: original terrain supports initial village and employee route
ok 657 - sabana/saheliana/918271: original terrain supports initial village and employee route
  ---
  duration_ms: 1193.566
  ...
# Subtest: sabana/suajili/918271: original terrain supports initial village and employee route
ok 658 - sabana/suajili/918271: original terrain supports initial village and employee route
  ---
  duration_ms: 4932.6811
  ...
# Subtest: sabana/musgum/918271: original terrain supports initial village and employee route
ok 659 - sabana/musgum/918271: original terrain supports initial village and employee route
  ---
  duration_ms: 912.5935
  ...
# Subtest: sabana/etiope/918271: original terrain supports initial village and employee route
ok 660 - sabana/etiope/918271: original terrain supports initial village and employee route
  ---
  duration_ms: 1145.7531
  ...
# Subtest: gran-rio/mapungubwe/918271: original terrain supports initial village and employee route
ok 661 - gran-rio/mapungubwe/918271: original terrain supports initial village and employee route
  ---
  duration_ms: 945.9093
  ...
# Subtest: gran-rio/saheliana/918271: original terrain supports initial village and employee route
ok 662 - gran-rio/saheliana/918271: original terrain supports initial village and employee route
  ---
  duration_ms: 959.4681
  ...
# Subtest: gran-rio/suajili/918271: original terrain supports initial village and employee route
ok 663 - gran-rio/suajili/918271: original terrain supports initial village and employee route
  ---
  duration_ms: 6994.2908
  ...
# Subtest: gran-rio/musgum/918271: original terrain supports initial village and employee route
ok 664 - gran-rio/musgum/918271: original terrain supports initial village and employee route
  ---
  duration_ms: 750.2588
  ...
# Subtest: gran-rio/etiope/918271: original terrain supports initial village and employee route
ok 665 - gran-rio/etiope/918271: original terrain supports initial village and employee route
  ---
  duration_ms: 1084.338
  ...
# Subtest: manglares/mapungubwe/918271: original terrain supports initial village and employee route
ok 666 - manglares/mapungubwe/918271: original terrain supports initial village and employee route
  ---
  duration_ms: 637.2669
  ...
# Subtest: manglares/saheliana/918271: original terrain supports initial village and employee route
ok 667 - manglares/saheliana/918271: original terrain supports initial village and employee route
  ---
  duration_ms: 501.0148
  ...
# Subtest: manglares/suajili/918271: original terrain supports initial village and employee route
ok 668 - manglares/suajili/918271: original terrain supports initial village and employee route
  ---
  duration_ms: 463.4636
  ...
# Subtest: manglares/musgum/918271: original terrain supports initial village and employee route
ok 669 - manglares/musgum/918271: original terrain supports initial village and employee route
  ---
  duration_ms: 784.4351
  ...
# Subtest: manglares/etiope/918271: original terrain supports initial village and employee route
ok 670 - manglares/etiope/918271: original terrain supports initial village and employee route
  ---
  duration_ms: 463.8775
  ...
# Subtest: volcanes/mapungubwe/918271: original terrain supports initial village and employee route
ok 671 - volcanes/mapungubwe/918271: original terrain supports initial village and employee route
  ---
  duration_ms: 947.5252
  ...
# Subtest: volcanes/saheliana/918271: original terrain supports initial village and employee route
ok 672 - volcanes/saheliana/918271: original terrain supports initial village and employee route
  ---
  duration_ms: 925.0718
  ...
# Subtest: volcanes/suajili/918271: original terrain supports initial village and employee route
ok 673 - volcanes/suajili/918271: original terrain supports initial village and employee route
  ---
  duration_ms: 8405.3961
  ...
# Subtest: volcanes/musgum/918271: original terrain supports initial village and employee route
ok 674 - volcanes/musgum/918271: original terrain supports initial village and employee route
  ---
  duration_ms: 1416.5827
  ...
# Subtest: volcanes/etiope/918271: original terrain supports initial village and employee route
ok 675 - volcanes/etiope/918271: original terrain supports initial village and employee route
  ---
  duration_ms: 4271.3677
  ...
# Subtest: gran-canon/mapungubwe/918271: original terrain supports initial village and employee route
ok 676 - gran-canon/mapungubwe/918271: original terrain supports initial village and employee route
  ---
  duration_ms: 136.9716
  ...
# Subtest: gran-canon/saheliana/918271: original terrain supports initial village and employee route
ok 677 - gran-canon/saheliana/918271: original terrain supports initial village and employee route
  ---
  duration_ms: 207.3692
  ...
# Subtest: gran-canon/suajili/918271: original terrain supports initial village and employee route
ok 678 - gran-canon/suajili/918271: original terrain supports initial village and employee route
  ---
  duration_ms: 128.249
  ...
# Subtest: gran-canon/musgum/918271: original terrain supports initial village and employee route
ok 679 - gran-canon/musgum/918271: original terrain supports initial village and employee route
  ---
  duration_ms: 204.0863
  ...
# Subtest: gran-canon/etiope/918271: original terrain supports initial village and employee route
ok 680 - gran-canon/etiope/918271: original terrain supports initial village and employee route
  ---
  duration_ms: 296.4967
  ...
# Subtest: desierto/mapungubwe/918271: original terrain supports initial village and employee route
ok 681 - desierto/mapungubwe/918271: original terrain supports initial village and employee route
  ---
  duration_ms: 273.9092
  ...
# Subtest: desierto/saheliana/918271: original terrain supports initial village and employee route
ok 682 - desierto/saheliana/918271: original terrain supports initial village and employee route
  ---
  duration_ms: 520.3827
  ...
# Subtest: desierto/suajili/918271: original terrain supports initial village and employee route
ok 683 - desierto/suajili/918271: original terrain supports initial village and employee route
  ---
  duration_ms: 179.0428
  ...
# Subtest: desierto/musgum/918271: original terrain supports initial village and employee route
ok 684 - desierto/musgum/918271: original terrain supports initial village and employee route
  ---
  duration_ms: 574.892
  ...
# Subtest: desierto/etiope/918271: original terrain supports initial village and employee route
ok 685 - desierto/etiope/918271: original terrain supports initial village and employee route
  ---
  duration_ms: 365.8776
  ...
1..685
# tests 685
# suites 0
# pass 685
# fail 0
# cancelled 0
# skipped 0
# todo 0
# duration_ms 329938.8982
