
> wild-guardians-africa@0.1.0 test
> node --test tests

TAP version 13
# Subtest: QA-017/019: eight canonical plant commands charge 309 and create only the approved checkpoints
ok 1 - QA-017/019: eight canonical plant commands charge 309 and create only the approved checkpoints
  ---
  duration_ms: 43.069
  ...
# Subtest: QA-009/018: attended millet and banana require 140/570 daylight seconds across an accelerated night
ok 2 - QA-009/018: attended millet and banana require 140/570 daylight seconds across an accelerated night
  ---
  duration_ms: 608.6264
  ...
# Subtest: QA-019: physical care completes exactly the canonical number of waterings for every species, with no water charge
ok 3 - QA-019: physical care completes exactly the canonical number of waterings for every species, with no water charge
  ---
  duration_ms: 1797.8896
  ...
# Subtest: QA-015/020/021: one large step preserves banana checkpoint debt and freezes at 23.75 daylight seconds overdue
ok 4 - QA-015/020/021: one large step preserves banana checkpoint debt and freezes at 23.75 daylight seconds overdue
  ---
  duration_ms: 14.7072
  ...
# Subtest: QA-022: ten seconds of remaining banana tolerance survive the full night then run out in daylight
ok 5 - QA-022: ten seconds of remaining banana tolerance survive the full night then run out in daylight
  ---
  duration_ms: 163.1655
  ...
# Subtest: QA-023: a mature unrequested plant remains stable through four dawns without water or deterioration
ok 6 - QA-023: a mature unrequested plant remains stable through four dawns without water or deterioration
  ---
  duration_ms: 697.8717
  ...
# Subtest: QA-024: first-care debt gates growth and long-tolerance cassava waits below maturity until final watering
ok 7 - QA-024: first-care debt gates growth and long-tolerance cassava waits below maturity until final watering
  ---
  duration_ms: 145.1361
  ...
# Subtest: QA-015: large real frames stop at each dawn and charge only an explicitly confirmed daily contract once
ok 8 - QA-015: large real frames stop at each dawn and charge only an explicitly confirmed daily contract once
  ---
  duration_ms: 591.6513
  ...
# Subtest: QA-029/031: Growth cannot cure dry pre-existing debt; manual watering resumes its 1.5 rate
ok 9 - QA-029/031: Growth cannot cure dry pre-existing debt; manual watering resumes its 1.5 rate
  ---
  duration_ms: 7.1092
  ...
# Subtest: QA-024/029: Growth on a newly paid sprout never completes its initial sowing/watering task
ok 10 - QA-024/029: Growth on a newly paid sprout never completes its initial sowing/watering task
  ---
  duration_ms: 54.1673
  ...
# Subtest: QA-030/032: a checkpoint at the exact Growth expiry is satisfied once with no deferred water task
ok 11 - QA-030/032: a checkpoint at the exact Growth expiry is satisfied once with no deferred water task
  ---
  duration_ms: 19.7102
  ...
# Subtest: QA-030: each canonical species satisfies only the threshold crossed within the 30-second Growth effect
ok 12 - QA-030: each canonical species satisfies only the threshold crossed within the 30-second Growth effect
  ---
  duration_ms: 196.4593
  ...
# Subtest: QA-029/031: an actual worker waters dry sunflower during Growth, then the next checkpoint is satisfied by magic
ok 13 - QA-029/031: an actual worker waters dry sunflower during Growth, then the next checkpoint is satisfied by magic
  ---
  duration_ms: 39.7226
  ...
# Subtest: QA-025/026/028: mixed group harvest reserves distinct plants for two workers and pays each delivered crate once
ok 14 - QA-025/026/028: mixed group harvest reserves distinct plants for two workers and pays each delivered crate once
  ---
  duration_ms: 103.3078
  ...
# Subtest: QA-027: group request inserts nearest-to-centre first while retaining an older watering task ahead of it
ok 15 - QA-027: group request inserts nearest-to-centre first while retaining an older watering task ahead of it
  ---
  duration_ms: 0.8028
  ...
# Subtest: QA-033: Multiply requested before harvest does not reward a pickup after the effect expires
ok 16 - QA-033: Multiply requested before harvest does not reward a pickup after the effect expires
  ---
  duration_ms: 17.9543
  ...
# Subtest: QA-034: male pickup within Multiply fixes one 21.6-valued crate, rounds delivery to 22 and survives reload
ok 17 - QA-034: male pickup within Multiply fixes one 21.6-valued crate, rounds delivery to 22 and survives reload
  ---
  duration_ms: 75.1225
  ...
# Subtest: QA-011: accelerated night splits at raid arrival before moving the animal at normal speed
ok 18 - QA-011: accelerated night splits at raid arrival before moving the animal at normal speed
  ---
  duration_ms: 11.8078
  ...
# Subtest: QA-011: one real frame straddling raid arrival matches two frames split at its boundary
ok 19 - QA-011: one real frame straddling raid arrival matches two frames split at its boundary
  ---
  duration_ms: 2.3989
  ...
# Subtest: QA-009/010/015: 300 real daytime seconds and 60 calm-night seconds reach one blocked dawn
ok 20 - QA-009/010/015: 300 real daytime seconds and 60 calm-night seconds reach one blocked dawn
  ---
  duration_ms: 233.4684
  ...
# Subtest: QA-009/010: fractional daylight-to-night frame uses each side of the boundary at its own speed
ok 21 - QA-009/010: fractional daylight-to-night frame uses each side of the boundary at its own speed
  ---
  duration_ms: 1.705
  ...
# Subtest: QA-010: a full calm night preserves growth and remaining water tolerance
ok 22 - QA-010: a full calm night preserves growth and remaining water tolerance
  ---
  duration_ms: 28.7293
  ...
# Subtest: QA-012/013: only the last animal leaving restores accelerated night and emits one end
ok 23 - QA-012/013: only the last animal leaving restores accelerated night and emits one end
  ---
  duration_ms: 1.675
  ...
# Subtest: QA-007/014: blocked real-time advances preserve every field until all pause causes clear
ok 24 - QA-007/014: blocked real-time advances preserve every field until all pause causes clear
  ---
  duration_ms: 0.8803
  ...
# Subtest: Sabana/Mapungubwe/712/olderFemale: sunflower farm sustains paid work, real deliveries and raids through night 100
ok 25 - Sabana/Mapungubwe/712/olderFemale: sunflower farm sustains paid work, real deliveries and raids through night 100
  ---
  duration_ms: 266747.0263
  ...
# Subtest: Sabana/Mapungubwe/712/olderFemale: mixed eight-crop farm sustains paid work, real deliveries and raids through night 100
ok 26 - Sabana/Mapungubwe/712/olderFemale: mixed eight-crop farm sustains paid work, real deliveries and raids through night 100
  ---
  duration_ms: 199181.1488
  ...
# Subtest: warthog: exhausted native body detours around a worker without a hit, speed increase or invalid segment
ok 27 - warthog: exhausted native body detours around a worker without a hit, speed increase or invalid segment
  ---
  duration_ms: 44.55
  ...
# Subtest: hyena: exhausted native body detours around a worker without a hit, speed increase or invalid segment
ok 28 - hyena: exhausted native body detours around a worker without a hit, speed increase or invalid segment
  ---
  duration_ms: 3.033
  ...
# Subtest: buffalo: exhausted native body detours around a worker without a hit, speed increase or invalid segment
ok 29 - buffalo: exhausted native body detours around a worker without a hit, speed increase or invalid segment
  ---
  duration_ms: 3.5962
  ...
# Subtest: lion: exhausted native body detours around a worker without a hit, speed increase or invalid segment
ok 30 - lion: exhausted native body detours around a worker without a hit, speed increase or invalid segment
  ---
  duration_ms: 18.6749
  ...
# Subtest: rhino: exhausted native body detours around a worker without a hit, speed increase or invalid segment
ok 31 - rhino: exhausted native body detours around a worker without a hit, speed increase or invalid segment
  ---
  duration_ms: 2.885
  ...
# Subtest: An occupied narrow static passage waits, keeps the exit, and resumes when the person reaches home
ok 32 - An occupied narrow static passage waits, keeps the exit, and resumes when the person reaches home
  ---
  duration_ms: 12.6928
  ...
# Subtest: Workers avoid a retreating beast in both movement directions and charge only travelled running metres
ok 33 - Workers avoid a retreating beast in both movement directions and charge only travelled running metres
  ---
  duration_ms: 6.3455
  ...
# Subtest: A worker blocked by a retreating body spends no reserve or gait time, then resumes the same paid route
ok 34 - A worker blocked by a retreating body spends no reserve or gait time, then resumes the same paid route
  ---
  duration_ms: 3.7282
  ...
# Subtest: Two native animals crossing opposite ways maintain separation and both finish
ok 35 - Two native animals crossing opposite ways maintain separation and both finish
  ---
  duration_ms: 38.8382
  ...
# Subtest: Saving midway through a detour preserves its route and deterministic motion
ok 36 - Saving midway through a detour preserves its route and deterministic motion
  ---
  duration_ms: 24.4921
  ...
# Subtest: Physical clearance preserves active encounters but protects incapacitated people and exhausted states
ok 37 - Physical clearance preserves active encounters but protects incapacitated people and exhausted states
  ---
  duration_ms: 0.6297
  ...
# Subtest: Legacy overlaps may escape continuously but cannot move deeper or across the other body
ok 38 - Legacy overlaps may escape continuously but cannot move deeper or across the other body
  ---
  duration_ms: 0.2742
  ...
# Subtest: Crowded crop approaches are recomputed outside the other native bodies and the raid completes
ok 39 - Crowded crop approaches are recomputed outside the other native bodies and the raid completes
  ---
  duration_ms: 82.6286
  ...
# Subtest: user source is preserved byte-for-byte and extracted function bodies are authentic
ok 40 - user source is preserved byte-for-byte and extracted function bodies are authentic
  ---
  duration_ms: 216.8123
  ...
# Subtest: toon composes with native vertex deformation, preserves textures and depth materials
ok 41 - toon composes with native vertex deformation, preserves textures and depth materials
  ---
  duration_ms: 8.0789
  ...
# Subtest: transparent VFX, basic overlays and painted water keep their native shader paths
ok 42 - transparent VFX, basic overlays and painted water keep their native shader paths
  ---
  duration_ms: 3.1503
  ...
# Subtest: very low ground receives authentic toon bands without Three lighting or shadow dependencies
ok 43 - very low ground receives authentic toon bands without Three lighting or shadow dependencies
  ---
  duration_ms: 1.3311
  ...
# Subtest: growth: native blessing lasts its approved simulated duration without hearts, extra gameplay or lost reload phase
ok 44 - growth: native blessing lasts its approved simulated duration without hearts, extra gameplay or lost reload phase
  ---
  duration_ms: 282.4051
  ...
# Subtest: multiply: native blessing lasts its approved simulated duration without hearts, extra gameplay or lost reload phase
ok 45 - multiply: native blessing lasts its approved simulated duration without hearts, extra gameplay or lost reload phase
  ---
  duration_ms: 154.7412
  ...
# Subtest: warthog/Right_Hand_Sword_Slash: complete native duration, one hit, saved progress and physical retreat
ok 46 - warthog/Right_Hand_Sword_Slash: complete native duration, one hit, saved progress and physical retreat
  ---
  duration_ms: 9.8752
  ...
# Subtest: warthog/Charged_Upward_Slash: complete native duration, one hit, saved progress and physical retreat
ok 47 - warthog/Charged_Upward_Slash: complete native duration, one hit, saved progress and physical retreat
  ---
  duration_ms: 1.5977
  ...
# Subtest: warthog/Weapon_Combo: complete native duration, one hit, saved progress and physical retreat
ok 48 - warthog/Weapon_Combo: complete native duration, one hit, saved progress and physical retreat
  ---
  duration_ms: 1.7275
  ...
# Subtest: warthog/Weapon_Combo_2: complete native duration, one hit, saved progress and physical retreat
ok 49 - warthog/Weapon_Combo_2: complete native duration, one hit, saved progress and physical retreat
  ---
  duration_ms: 0.778
  ...
# Subtest: hyena/Right_Hand_Sword_Slash: complete native duration, one hit, saved progress and physical retreat
ok 50 - hyena/Right_Hand_Sword_Slash: complete native duration, one hit, saved progress and physical retreat
  ---
  duration_ms: 4.1431
  ...
# Subtest: hyena/Charged_Upward_Slash: complete native duration, one hit, saved progress and physical retreat
ok 51 - hyena/Charged_Upward_Slash: complete native duration, one hit, saved progress and physical retreat
  ---
  duration_ms: 0.818
  ...
# Subtest: hyena/Weapon_Combo: complete native duration, one hit, saved progress and physical retreat
ok 52 - hyena/Weapon_Combo: complete native duration, one hit, saved progress and physical retreat
  ---
  duration_ms: 1.699
  ...
# Subtest: hyena/Weapon_Combo_2: complete native duration, one hit, saved progress and physical retreat
ok 53 - hyena/Weapon_Combo_2: complete native duration, one hit, saved progress and physical retreat
  ---
  duration_ms: 1.2939
  ...
# Subtest: buffalo/Right_Hand_Sword_Slash: complete native duration, one hit, saved progress and physical retreat
ok 54 - buffalo/Right_Hand_Sword_Slash: complete native duration, one hit, saved progress and physical retreat
  ---
  duration_ms: 2.5266
  ...
# Subtest: buffalo/Charged_Upward_Slash: complete native duration, one hit, saved progress and physical retreat
ok 55 - buffalo/Charged_Upward_Slash: complete native duration, one hit, saved progress and physical retreat
  ---
  duration_ms: 2.711
  ...
# Subtest: buffalo/Weapon_Combo: complete native duration, one hit, saved progress and physical retreat
ok 56 - buffalo/Weapon_Combo: complete native duration, one hit, saved progress and physical retreat
  ---
  duration_ms: 1.5852
  ...
# Subtest: buffalo/Weapon_Combo_2: complete native duration, one hit, saved progress and physical retreat
ok 57 - buffalo/Weapon_Combo_2: complete native duration, one hit, saved progress and physical retreat
  ---
  duration_ms: 1.2181
  ...
# Subtest: lion/Right_Hand_Sword_Slash: complete native duration, one hit, saved progress and physical retreat
ok 58 - lion/Right_Hand_Sword_Slash: complete native duration, one hit, saved progress and physical retreat
  ---
  duration_ms: 0.763
  ...
# Subtest: lion/Charged_Upward_Slash: complete native duration, one hit, saved progress and physical retreat
ok 59 - lion/Charged_Upward_Slash: complete native duration, one hit, saved progress and physical retreat
  ---
  duration_ms: 0.8738
  ...
# Subtest: lion/Weapon_Combo: complete native duration, one hit, saved progress and physical retreat
ok 60 - lion/Weapon_Combo: complete native duration, one hit, saved progress and physical retreat
  ---
  duration_ms: 1.0585
  ...
# Subtest: lion/Weapon_Combo_2: complete native duration, one hit, saved progress and physical retreat
ok 61 - lion/Weapon_Combo_2: complete native duration, one hit, saved progress and physical retreat
  ---
  duration_ms: 0.7448
  ...
# Subtest: rhino/Right_Hand_Sword_Slash: complete native duration, one hit, saved progress and physical retreat
ok 62 - rhino/Right_Hand_Sword_Slash: complete native duration, one hit, saved progress and physical retreat
  ---
  duration_ms: 0.8325
  ...
# Subtest: rhino/Charged_Upward_Slash: complete native duration, one hit, saved progress and physical retreat
ok 63 - rhino/Charged_Upward_Slash: complete native duration, one hit, saved progress and physical retreat
  ---
  duration_ms: 0.7421
  ...
# Subtest: rhino/Weapon_Combo: complete native duration, one hit, saved progress and physical retreat
ok 64 - rhino/Weapon_Combo: complete native duration, one hit, saved progress and physical retreat
  ---
  duration_ms: 0.5087
  ...
# Subtest: rhino/Weapon_Combo_2: complete native duration, one hit, saved progress and physical retreat
ok 65 - rhino/Weapon_Combo_2: complete native duration, one hit, saved progress and physical retreat
  ---
  duration_ms: 2.1622
  ...
# Subtest: An invalidated target cannot be replaced underneath a committed attack or receive phantom damage
ok 66 - An invalidated target cannot be replaced underneath a committed attack or receive phantom damage
  ---
  duration_ms: 0.5525
  ...
# Subtest: Exhausting a budget during an attack finishes its presentation without granting another hit
ok 67 - Exhausting a budget during an attack finishes its presentation without granting another hit
  ---
  duration_ms: 0.5433
  ...
# Subtest: Shield contact consumes one completed attack without damage, and blocking pause freezes the clip phase
ok 68 - Shield contact consumes one completed attack without damage, and blocking pause freezes the clip phase
  ---
  duration_ms: 1.1169
  ...
# Subtest: warthog: original GLB hash, in-place tracks, nonlooping poses and animated foot grounding
ok 69 - warthog: original GLB hash, in-place tracks, nonlooping poses and animated foot grounding
  ---
  duration_ms: 5635.236
  ...
# Subtest: hyena: original GLB hash, in-place tracks, nonlooping poses and animated foot grounding
ok 70 - hyena: original GLB hash, in-place tracks, nonlooping poses and animated foot grounding
  ---
  duration_ms: 4726.8785
  ...
# Subtest: buffalo: original GLB hash, in-place tracks, nonlooping poses and animated foot grounding
ok 71 - buffalo: original GLB hash, in-place tracks, nonlooping poses and animated foot grounding
  ---
  duration_ms: 3522.6949
  ...
# Subtest: lion: original GLB hash, in-place tracks, nonlooping poses and animated foot grounding
ok 72 - lion: original GLB hash, in-place tracks, nonlooping poses and animated foot grounding
  ---
  duration_ms: 3304.4039
  ...
# Subtest: rhino: original GLB hash, in-place tracks, nonlooping poses and animated foot grounding
ok 73 - rhino: original GLB hash, in-place tracks, nonlooping poses and animated foot grounding
  ---
  duration_ms: 3857.7334
  ...
# Subtest: chunk clip preserves the original half-open FS predicate and biome exceptions
ok 74 - chunk clip preserves the original half-open FS predicate and biome exceptions
  ---
  duration_ms: 8.1145
  ...
# Subtest: adjacent chunks carry independent bounds through LOD while retaining shared atlas material and solid shadow geometry
ok 75 - adjacent chunks carry independent bounds through LOD while retaining shared atlas material and solid shadow geometry
  ---
  duration_ms: 22.6036
  ...
# Subtest: clip shader composes once with coverage and African Toon without enabling clipping on shadow material
ok 76 - clip shader composes once with coverage and African Toon without enabling clipping on shadow material
  ---
  duration_ms: 3.2349
  ...
# Subtest: full native chunk boxes match the original plane culling and remain independent of reduced render geometry
ok 77 - full native chunk boxes match the original plane culling and remain independent of reduced render geometry
  ---
  duration_ms: 34.6096
  ...
# Subtest: global groups retain native matrices and per-instance coverage, cull main chunks but keep shadow populations
ok 78 - global groups retain native matrices and per-instance coverage, cull main chunks but keep shadow populations
  ---
  duration_ms: 15.8791
  ...
# Subtest: clip exceptions, hidden chunks and vegetation retain the original pass eligibility
ok 79 - clip exceptions, hidden chunks and vegetation retain the original pass eligibility
  ---
  duration_ms: 14.8415
  ...
# Subtest: retired groups release their own buffers once, preserve borrowed arrays and switch back to individual drawing
ok 80 - retired groups release their own buffers once, preserve borrowed arrays and switch back to individual drawing
  ---
  duration_ms: 6.7722
  ...
# Subtest: light volume retains offscreen casters, excludes remote/clip chunks and follows focus independently of color
ok 81 - light volume retains offscreen casters, excludes remote/clip chunks and follows focus independently of color
  ---
  duration_ms: 20.9087
  ...
# Subtest: shadow selection includes bounds of the final native variant even if they exceed LOD0
ok 82 - shadow selection includes bounds of the final native variant even if they exceed LOD0
  ---
  duration_ms: 6.745
  ...
# (node:28524) ExperimentalWarning: Importing JSON modules is an experimental feature and might change at any time
# (Use `node --trace-warnings ...` to show where the warning was created)
# Subtest: native distance selection matches the complete lab method across categories, qualities, size and three-dimensional eye poses
ok 83 - native distance selection matches the complete lab method across categories, qualities, size and three-dimensional eye poses
  ---
  duration_ms: 159.1083
  ...
# Subtest: render bins preserve authored transforms and coverage through level changes, retaining full logical geometry
ok 84 - render bins preserve authored transforms and coverage through level changes, retaining full logical geometry
  ---
  duration_ms: 19.035
  ...
# Subtest: short vegetation distance culling does not remove logical instances and reappears when the camera returns
ok 85 - short vegetation distance culling does not remove logical instances and reappears when the camera returns
  ---
  duration_ms: 3.8704
  ...
# Subtest: native shadow population combines color bins once using the final original variant and stable GPU matrices
ok 86 - native shadow population combines color bins once using the final original variant and stable GPU matrices
  ---
  duration_ms: 44.7001
  ...
# Subtest: shadow proxies enter only the shadow traversal and restore borrowed resources even on an exception
ok 87 - shadow proxies enter only the shadow traversal and restore borrowed resources even on an exception
  ---
  duration_ms: 36.3603
  ...
# Subtest: disabled, cached and empty-light passes do not add proxies; hidden color batches and grass never cast
ok 88 - disabled, cached and empty-light passes do not add proxies; hidden color batches and grass never cast
  ---
  duration_ms: 21.1194
  ...
# (node:31208) ExperimentalWarning: Importing JSON modules is an experimental feature and might change at any time
# (Use `node --trace-warnings ...` to show where the warning was created)
# Subtest: all 120 original surface classifications and every LOD tangent buffer match the native recipes
ok 89 - all 120 original surface classifications and every LOD tangent buffer match the native recipes
  ---
  duration_ms: 3713.6826
  ...
# Subtest: native atlas loading preserves shared color/normal/MR maps, per-asset materials and per-LOD tangent handedness
ok 90 - native atlas loading preserves shared color/normal/MR maps, per-asset materials and per-LOD tangent handedness
  ---
  duration_ms: 3510.2161
  ...
# Subtest: native surface uniforms and atlas channels compose with cel shading and per-instance coverage
ok 91 - native surface uniforms and atlas channels compose with cel shading and per-instance coverage
  ---
  duration_ms: 179.7851
  ...
# Subtest: warthog: four clips present one committed logical hit with independent decorative contacts, pause and reload
ok 92 - warthog: four clips present one committed logical hit with independent decorative contacts, pause and reload
  ---
  duration_ms: 739.378
  ...
# Subtest: hyena: four clips present one committed logical hit with independent decorative contacts, pause and reload
ok 93 - hyena: four clips present one committed logical hit with independent decorative contacts, pause and reload
  ---
  duration_ms: 419.4445
  ...
# Subtest: buffalo: four clips present one committed logical hit with independent decorative contacts, pause and reload
ok 94 - buffalo: four clips present one committed logical hit with independent decorative contacts, pause and reload
  ---
  duration_ms: 365.3311
  ...
# Subtest: lion: four clips present one committed logical hit with independent decorative contacts, pause and reload
ok 95 - lion: four clips present one committed logical hit with independent decorative contacts, pause and reload
  ---
  duration_ms: 431.2727
  ...
# Subtest: rhino: four clips present one committed logical hit with independent decorative contacts, pause and reload
ok 96 - rhino: four clips present one committed logical hit with independent decorative contacts, pause and reload
  ---
  duration_ms: 525.1908
  ...
# Subtest: Shield hit metadata places the contact on its actual edge and survives shield expiry and raid removal
ok 97 - Shield hit metadata places the contact on its actual edge and survives shield expiry and raid removal
  ---
  duration_ms: 4.4924
  ...
# Subtest: Invalidated targets and exhausted attacks release visuals without inventing a completed impact
ok 98 - Invalidated targets and exhausted attacks release visuals without inventing a completed impact
  ---
  duration_ms: 34.6895
  ...
# Subtest: Different attack IDs coexist through dissipating tails; legacy/malformed metadata cannot replay damage
ok 99 - Different attack IDs coexist through dissipating tails; legacy/malformed metadata cannot replay damage
  ---
  duration_ms: 1.0484
  ...
# Subtest: Legacy center hit facts recover native culture and yaw from the retained structure without changing damage
ok 100 - Legacy center hit facts recover native culture and yaw from the retained structure without changing damage
  ---
  duration_ms: 5.114
  ...
# (node:7576) ExperimentalWarning: Importing JSON modules is an experimental feature and might change at any time
# (Use `node --trace-warnings ...` to show where the warning was created)
# Subtest: Every gameplay sound resolves to a one-shot in the supplied SFX lab
ok 101 - Every gameplay sound resolves to a one-shot in the supplied SFX lab
  ---
  duration_ms: 89.8164
  ...
# Subtest: Leaving a scene while a sound decodes cannot start playback afterwards
ok 102 - Leaving a scene while a sound decodes cannot start playback afterwards
  ---
  duration_ms: 0.695
  ...
# Subtest: Loading a save suppresses historical sound events while new events still play
ok 103 - Loading a save suppresses historical sound events while new events still play
  ---
  duration_ms: 1.3446
  ...
# Subtest: five native center envelopes contain intact/interior and falling vertices throughout collapse
ok 104 - five native center envelopes contain intact/interior and falling vertices throughout collapse
  ---
  duration_ms: 10788.995
  ...
# Subtest: all five DEST cultures share HDR resources with cel debris, retain native depth and use lab exposure
ok 105 - all five DEST cultures share HDR resources with cel debris, retain native depth and use lab exposure
  ---
  duration_ms: 17.3642
  ...
# Subtest: removing world fog also removes it from DEST buildings, debris and smoke
ok 106 - removing world fog also removes it from DEST buildings, debris and smoke
  ---
  duration_ms: 4.1481
  ...
# Subtest: Five native center templates retain original textures, proportions, UVs and world footprint
ok 107 - Five native center templates retain original textures, proportions, UVs and world footprint
  ---
  duration_ms: 10.2298
  ...
# Subtest: Collapse displays all native 3.2 seconds after an oversized hit and restores intact on repair
ok 108 - Collapse displays all native 3.2 seconds after an oversized hit and restores intact on repair
  ---
  duration_ms: 95.6274
  ...
# Subtest: Separate houses keep independent damage masks, shader time and interior depth guard
ok 109 - Separate houses keep independent damage masks, shader time and interior depth guard
  ---
  duration_ms: 127.8065
  ...
# Subtest: Opening pass invalidates on damage, view, transform and resolution and restores renderer on failure
ok 110 - Opening pass invalidates on damage, view, transform and resolution and restores renderer on failure
  ---
  duration_ms: 14.3913
  ...
# Subtest: Original visual raycast tracks displaced houses and leaves ruins selectable for reconstruction
ok 111 - Original visual raycast tracks displaced houses and leaves ruins selectable for reconstruction
  ---
  duration_ms: 275.3584
  ...
# Subtest: Removing a center disposes private materials while shared native templates remain reusable
ok 112 - Removing a center disposes private materials while shared native templates remain reusable
  ---
  duration_ms: 2.0791
  ...
# Subtest: Five paid centers clear their native damage only when the real rounded repair debit executes
ok 113 - Five paid centers clear their native damage only when the real rounded repair debit executes
  ---
  duration_ms: 328.0819
  ...
# Subtest: Real blocking pauses and a saved collapse retain identical native geometry phase and shader time
ok 114 - Real blocking pauses and a saved collapse retain identical native geometry phase and shader time
  ---
  duration_ms: 74.0773
  ...
# Subtest: GPU particle instances preserve native shapes, upload layouts, softness scale and paused clocks
ok 115 - GPU particle instances preserve native shapes, upload layouts, softness scale and paused clocks
  ---
  duration_ms: 16.5488
  ...
# Subtest: Smoke captures actual opaque material shaders, excludes transparency, skips quiet scenes and restores failure state
ok 116 - Smoke captures actual opaque material shaders, excludes transparency, skips quiet scenes and restores failure state
  ---
  duration_ms: 8.0023
  ...
# Subtest: Native debris support follows Float32 rendered terrain triangles on both sides of grid diagonals
ok 117 - Native debris support follows Float32 rendered terrain triangles on both sides of grid diagonals
  ---
  duration_ms: 158.6091
  ...
# Subtest: Particle meshes remain presentation only and release geometry, materials and emitters on center removal
ok 118 - Particle meshes remain presentation only and release geometry, materials and emitters on center removal
  ---
  duration_ms: 5.6085
  ...
# Subtest: centers consume shared fractional atmosphere rather than inferring night from sun intensity
ok 119 - centers consume shared fractional atmosphere rather than inferring night from sun intensity
  ---
  duration_ms: 3.3532
  ...
# Subtest: sabana/mapungubwe: legal minimal campaign reaches night 100, reloads active raid and continues postgame
ok 120 - sabana/mapungubwe: legal minimal campaign reaches night 100, reloads active raid and continues postgame
  ---
  duration_ms: 19004.5931
  ...
# Subtest: sabana/saheliana: legal minimal campaign reaches night 100, reloads active raid and continues postgame
ok 121 - sabana/saheliana: legal minimal campaign reaches night 100, reloads active raid and continues postgame
  ---
  duration_ms: 11855.4526
  ...
# Subtest: sabana/suajili: legal minimal campaign reaches night 100, reloads active raid and continues postgame
ok 122 - sabana/suajili: legal minimal campaign reaches night 100, reloads active raid and continues postgame
  ---
  duration_ms: 10082.7442
  ...
# Subtest: sabana/musgum: legal minimal campaign reaches night 100, reloads active raid and continues postgame
ok 123 - sabana/musgum: legal minimal campaign reaches night 100, reloads active raid and continues postgame
  ---
  duration_ms: 9403.5173
  ...
# Subtest: sabana/etiope: legal minimal campaign reaches night 100, reloads active raid and continues postgame
ok 124 - sabana/etiope: legal minimal campaign reaches night 100, reloads active raid and continues postgame
  ---
  duration_ms: 9683.9772
  ...
# Subtest: gran-rio/mapungubwe: legal minimal campaign reaches night 100, reloads active raid and continues postgame
ok 125 - gran-rio/mapungubwe: legal minimal campaign reaches night 100, reloads active raid and continues postgame
  ---
  duration_ms: 4619.5103
  ...
# Subtest: gran-rio/saheliana: legal minimal campaign reaches night 100, reloads active raid and continues postgame
ok 126 - gran-rio/saheliana: legal minimal campaign reaches night 100, reloads active raid and continues postgame
  ---
  duration_ms: 8467.2995
  ...
# Subtest: gran-rio/suajili: legal minimal campaign reaches night 100, reloads active raid and continues postgame
ok 127 - gran-rio/suajili: legal minimal campaign reaches night 100, reloads active raid and continues postgame
  ---
  duration_ms: 7765.0468
  ...
# Subtest: gran-rio/musgum: legal minimal campaign reaches night 100, reloads active raid and continues postgame
ok 128 - gran-rio/musgum: legal minimal campaign reaches night 100, reloads active raid and continues postgame
  ---
  duration_ms: 15497.9712
  ...
# Subtest: gran-rio/etiope: legal minimal campaign reaches night 100, reloads active raid and continues postgame
ok 129 - gran-rio/etiope: legal minimal campaign reaches night 100, reloads active raid and continues postgame
  ---
  duration_ms: 12980.6685
  ...
# Subtest: manglares/mapungubwe: legal minimal campaign reaches night 100, reloads active raid and continues postgame
ok 130 - manglares/mapungubwe: legal minimal campaign reaches night 100, reloads active raid and continues postgame
  ---
  duration_ms: 6010.1821
  ...
# Subtest: manglares/saheliana: legal minimal campaign reaches night 100, reloads active raid and continues postgame
ok 131 - manglares/saheliana: legal minimal campaign reaches night 100, reloads active raid and continues postgame
  ---
  duration_ms: 3497.1979
  ...
# Subtest: manglares/suajili: legal minimal campaign reaches night 100, reloads active raid and continues postgame
ok 132 - manglares/suajili: legal minimal campaign reaches night 100, reloads active raid and continues postgame
  ---
  duration_ms: 3171.7559
  ...
# Subtest: manglares/musgum: legal minimal campaign reaches night 100, reloads active raid and continues postgame
ok 133 - manglares/musgum: legal minimal campaign reaches night 100, reloads active raid and continues postgame
  ---
  duration_ms: 3667.803
  ...
# Subtest: manglares/etiope: legal minimal campaign reaches night 100, reloads active raid and continues postgame
ok 134 - manglares/etiope: legal minimal campaign reaches night 100, reloads active raid and continues postgame
  ---
  duration_ms: 4575.7502
  ...
# Subtest: volcanes/mapungubwe: legal minimal campaign reaches night 100, reloads active raid and continues postgame
ok 135 - volcanes/mapungubwe: legal minimal campaign reaches night 100, reloads active raid and continues postgame
  ---
  duration_ms: 8272.1937
  ...
# Subtest: volcanes/saheliana: legal minimal campaign reaches night 100, reloads active raid and continues postgame
ok 136 - volcanes/saheliana: legal minimal campaign reaches night 100, reloads active raid and continues postgame
  ---
  duration_ms: 18139.418
  ...
# Subtest: volcanes/suajili: legal minimal campaign reaches night 100, reloads active raid and continues postgame
ok 137 - volcanes/suajili: legal minimal campaign reaches night 100, reloads active raid and continues postgame
  ---
  duration_ms: 18345.0571
  ...
# Subtest: volcanes/musgum: legal minimal campaign reaches night 100, reloads active raid and continues postgame
ok 138 - volcanes/musgum: legal minimal campaign reaches night 100, reloads active raid and continues postgame
  ---
  duration_ms: 20368.0395
  ...
# Subtest: volcanes/etiope: legal minimal campaign reaches night 100, reloads active raid and continues postgame
ok 139 - volcanes/etiope: legal minimal campaign reaches night 100, reloads active raid and continues postgame
  ---
  duration_ms: 66125.1029
  ...
# Subtest: gran-canon/mapungubwe: legal minimal campaign reaches night 100, reloads active raid and continues postgame
ok 140 - gran-canon/mapungubwe: legal minimal campaign reaches night 100, reloads active raid and continues postgame
  ---
  duration_ms: 2348.9623
  ...
# Subtest: gran-canon/saheliana: legal minimal campaign reaches night 100, reloads active raid and continues postgame
ok 141 - gran-canon/saheliana: legal minimal campaign reaches night 100, reloads active raid and continues postgame
  ---
  duration_ms: 1711.9142
  ...
# Subtest: gran-canon/suajili: legal minimal campaign reaches night 100, reloads active raid and continues postgame
ok 142 - gran-canon/suajili: legal minimal campaign reaches night 100, reloads active raid and continues postgame
  ---
  duration_ms: 1801.6445
  ...
# Subtest: gran-canon/musgum: legal minimal campaign reaches night 100, reloads active raid and continues postgame
ok 143 - gran-canon/musgum: legal minimal campaign reaches night 100, reloads active raid and continues postgame
  ---
  duration_ms: 2170.7266
  ...
# Subtest: gran-canon/etiope: legal minimal campaign reaches night 100, reloads active raid and continues postgame
ok 144 - gran-canon/etiope: legal minimal campaign reaches night 100, reloads active raid and continues postgame
  ---
  duration_ms: 2983.317
  ...
# Subtest: desierto/mapungubwe: legal minimal campaign reaches night 100, reloads active raid and continues postgame
ok 145 - desierto/mapungubwe: legal minimal campaign reaches night 100, reloads active raid and continues postgame
  ---
  duration_ms: 4428.5351
  ...
# Subtest: desierto/saheliana: legal minimal campaign reaches night 100, reloads active raid and continues postgame
ok 146 - desierto/saheliana: legal minimal campaign reaches night 100, reloads active raid and continues postgame
  ---
  duration_ms: 3561.6522
  ...
# Subtest: desierto/suajili: legal minimal campaign reaches night 100, reloads active raid and continues postgame
ok 147 - desierto/suajili: legal minimal campaign reaches night 100, reloads active raid and continues postgame
  ---
  duration_ms: 2287.8658
  ...
# Subtest: desierto/musgum: legal minimal campaign reaches night 100, reloads active raid and continues postgame
ok 148 - desierto/musgum: legal minimal campaign reaches night 100, reloads active raid and continues postgame
  ---
  duration_ms: 2520.5658
  ...
# Subtest: desierto/etiope: legal minimal campaign reaches night 100, reloads active raid and continues postgame
ok 149 - desierto/etiope: legal minimal campaign reaches night 100, reloads active raid and continues postgame
  ---
  duration_ms: 2763.1391
  ...
# Subtest: suajili: native GLB scale, rotated collision, service routes and paid delivery agree
ok 150 - suajili: native GLB scale, rotated collision, service routes and paid delivery agree
  ---
  duration_ms: 2650.5531
  ...
# Subtest: etiope: native GLB scale, rotated collision, service routes and paid delivery agree
ok 151 - etiope: native GLB scale, rotated collision, service routes and paid delivery agree
  ---
  duration_ms: 2208.5507
  ...
# Subtest: mapungubwe: native GLB scale, rotated collision, service routes and paid delivery agree
ok 152 - mapungubwe: native GLB scale, rotated collision, service routes and paid delivery agree
  ---
  duration_ms: 1818.6875
  ...
# Subtest: saheliana: native GLB scale, rotated collision, service routes and paid delivery agree
ok 153 - saheliana: native GLB scale, rotated collision, service routes and paid delivery agree
  ---
  duration_ms: 2230.6998
  ...
# Subtest: musgum: native GLB scale, rotated collision, service routes and paid delivery agree
ok 154 - musgum: native GLB scale, rotated collision, service routes and paid delivery agree
  ---
  duration_ms: 2359.4296
  ...
# (node:6664) ExperimentalWarning: Importing JSON modules is an experimental feature and might change at any time
# (Use `node --trace-warnings ...` to show where the warning was created)
# Subtest: real worker returns identical native terrain, water and populations in all biomes and transfers both buffers
ok 155 - real worker returns identical native terrain, water and populations in all biomes and transfers both buffers
  ---
  duration_ms: 8232.7206
  ...
# Subtest: queue dispatches one nearest scored request and ignores late IDs without completing the active job
ok 156 - queue dispatches one nearest scored request and ignores late IDs without completing the active job
  ---
  duration_ms: 4.2809
  ...
# Subtest: travel and forced rebuild discard obsolete responses and regenerate the current epoch
ok 157 - travel and forced rebuild discard obsolete responses and regenerate the current epoch
  ---
  duration_ms: 1.087
  ...
# Subtest: worker failure preserves pending work in asynchronous local mode and dispose cancels it
ok 158 - worker failure preserves pending work in asynchronous local mode and dispose cancels it
  ---
  duration_ms: 1.4602
  ...
# Subtest: generation and installation failures settle waiters and coordinate mismatches never enter the world
ok 159 - generation and installation failures settle waiters and coordinate mismatches never enter the world
  ---
  duration_ms: 2.3713
  ...
# Subtest: scene installs transferred data without regenerating terrain or navigation population on the main thread
ok 160 - scene installs transferred data without regenerating terrain or navigation population on the main thread
  ---
  duration_ms: 350.5768
  ...
# Subtest: initial readiness follows the native nine-chunk threshold while the outer queue continues
ok 161 - initial readiness follows the native nine-chunk threshold while the outer queue continues
  ---
  duration_ms: 87.0512
  ...
# Subtest: native contact pixels match the original rasterizer across biomes, bounds and filtered instances
ok 162 - native contact pixels match the original rasterizer across biomes, bounds and filtered instances
  ---
  duration_ms: 389.8305
  ...
# Subtest: contacts ignore grass and disabled layers, clamp radii and take the darkest overlapping stamp
ok 163 - contacts ignore grass and disabled layers, clamp radii and take the darkest overlapping stamp
  ---
  duration_ms: 8.5173
  ...
# Subtest: resident contact texture is stable, updates on streaming or removal and releases its owner resource
ok 164 - resident contact texture is stable, updates on streaming or removal and releases its owner resource
  ---
  duration_ms: 39.198
  ...
# Subtest: A harvest begun before shift end completes its native action and physical transport across dawn
ok 165 - A harvest begun before shift end completes its native action and physical transport across dawn
  ---
  duration_ms: 225.4167
  ...
# Subtest: A delivery crossing dawn retains its carrier, position and unpaid value through zero hiring and reload
ok 166 - A delivery crossing dawn retains its carrier, position and unpaid value through zero hiring and reload
  ---
  duration_ms: 8.4548
  ...
# Subtest: A busy person cannot be hired twice; only the new daily contract is charged
ok 167 - A busy person cannot be hired twice; only the new daily contract is charged
  ---
  duration_ms: 7.9018
  ...
# Subtest: An expired carrier finishes its chain but cannot take ordinary tasks from the new day
ok 168 - An expired carrier finishes its chain but cannot take ordinary tasks from the new day
  ---
  duration_ms: 9.7668
  ...
# Subtest: Replaying a hiring transaction from the previous day leaves hiring open and grants no free new contract
ok 169 - Replaying a hiring transaction from the previous day leaves hiring open and grants no free new contract
  ---
  duration_ms: 1.671
  ...
# Subtest: Cargo coordinates follow the actual carrier after every movement step
ok 170 - Cargo coordinates follow the actual carrier after every movement step
  ---
  duration_ms: 0.827
  ...
# Subtest: Losing the carrier center drops the box at its physical position without paying or deleting it
ok 171 - Losing the carrier center drops the box at its physical position without paying or deleting it
  ---
  duration_ms: 60.8628
  ...
# Subtest: Snapshot validation rejects orphaned, duplicated or inconsistent carrier links
ok 172 - Snapshot validation rejects orphaned, duplicated or inconsistent carrier links
  ---
  duration_ms: 4.1987
  ...
# Subtest: Fractional wallet balances and settled ledger entries are rejected while a pending harvest formula remains valid
ok 173 - Fractional wallet balances and settled ledger entries are rejected while a pending harvest formula remains valid
  ---
  duration_ms: 2.2339
  ...
# Subtest: New harvest provenance survives reload and rejects an orphan, species mismatch, living source or duplicated yield
ok 174 - New harvest provenance survives reload and rejects an orphan, species mismatch, living source or duplicated yield
  ---
  duration_ms: 4.3556
  ...
# Subtest: A corrupt latest carrier relation falls back to the last valid saved snapshot
ok 175 - A corrupt latest carrier relation falls back to the last valid saved snapshot
  ---
  duration_ms: 2.9019
  ...
# Subtest: Generated balance matches authoritative received JSON exactly
ok 176 - Generated balance matches authoritative received JSON exactly
  ---
  duration_ms: 5.1417
  ...
# Subtest: Ledger rounds an exact repair fraction upward only at settlement
ok 177 - Ledger rounds an exact repair fraction upward only at settlement
  ---
  duration_ms: 1.6041
  ...
# Subtest: Money formatter never changes accounting
ok 178 - Money formatter never changes accounting
  ---
  duration_ms: 27.9509
  ...
# Subtest: Global allocation: 60/30/10, seven workers -> 4/2/1
ok 179 - Global allocation: 60/30/10, seven workers -> 4/2/1
  ---
  duration_ms: 1.7198
  ...
# Subtest: Stable equal residues and empty centers retain base assignment
ok 180 - Stable equal residues and empty centers retain base assignment
  ---
  duration_ms: 0.5684
  ...
# Subtest: Scarce workforce covers highest plant weights before adding a second worker
ok 181 - Scarce workforce covers highest plant weights before adding a second worker
  ---
  duration_ms: 0.3666
  ...
# Subtest: Zero weights divide without fictitious plants; no centers divide nowhere
ok 182 - Zero weights divide without fictitious plants; no centers divide nowhere
  ---
  duration_ms: 0.3619
  ...
# Subtest: Allocation conserves every worker over 3000 seeded scenarios
ok 183 - Allocation conserves every worker over 3000 seeded scenarios
  ---
  duration_ms: 214.2327
  ...
# Subtest: Hiring rejects negatives and unknown profiles; balanced profiles preserve totals
ok 184 - Hiring rejects negatives and unknown profiles; balanced profiles preserve totals
  ---
  duration_ms: 1.0178
  ...
# Subtest: mijo: first combined task gates growth; mandatory watering gates maturity
ok 185 - mijo: first combined task gates growth; mandatory watering gates maturity
  ---
  duration_ms: 1.0117
  ...
# Subtest: mijo: magic satisfies only crossed checkpoints, no initial water debt
ok 186 - mijo: magic satisfies only crossed checkpoints, no initial water debt
  ---
  duration_ms: 0.3238
  ...
# Subtest: girasol: first combined task gates growth; mandatory watering gates maturity
ok 187 - girasol: first combined task gates growth; mandatory watering gates maturity
  ---
  duration_ms: 0.306
  ...
# Subtest: girasol: magic satisfies only crossed checkpoints, no initial water debt
ok 188 - girasol: magic satisfies only crossed checkpoints, no initial water debt
  ---
  duration_ms: 0.1928
  ...
# Subtest: sorgo: first combined task gates growth; mandatory watering gates maturity
ok 189 - sorgo: first combined task gates growth; mandatory watering gates maturity
  ---
  duration_ms: 0.1468
  ...
# Subtest: sorgo: magic satisfies only crossed checkpoints, no initial water debt
ok 190 - sorgo: magic satisfies only crossed checkpoints, no initial water debt
  ---
  duration_ms: 0.1667
  ...
# Subtest: maiz: first combined task gates growth; mandatory watering gates maturity
ok 191 - maiz: first combined task gates growth; mandatory watering gates maturity
  ---
  duration_ms: 0.1646
  ...
# Subtest: maiz: magic satisfies only crossed checkpoints, no initial water debt
ok 192 - maiz: magic satisfies only crossed checkpoints, no initial water debt
  ---
  duration_ms: 0.223
  ...
# Subtest: batata: first combined task gates growth; mandatory watering gates maturity
ok 193 - batata: first combined task gates growth; mandatory watering gates maturity
  ---
  duration_ms: 0.3833
  ...
# Subtest: batata: magic satisfies only crossed checkpoints, no initial water debt
ok 194 - batata: magic satisfies only crossed checkpoints, no initial water debt
  ---
  duration_ms: 0.2045
  ...
# Subtest: algodon: first combined task gates growth; mandatory watering gates maturity
ok 195 - algodon: first combined task gates growth; mandatory watering gates maturity
  ---
  duration_ms: 0.4535
  ...
# Subtest: algodon: magic satisfies only crossed checkpoints, no initial water debt
ok 196 - algodon: magic satisfies only crossed checkpoints, no initial water debt
  ---
  duration_ms: 0.1851
  ...
# Subtest: yuca: first combined task gates growth; mandatory watering gates maturity
ok 197 - yuca: first combined task gates growth; mandatory watering gates maturity
  ---
  duration_ms: 0.1337
  ...
# Subtest: yuca: magic satisfies only crossed checkpoints, no initial water debt
ok 198 - yuca: magic satisfies only crossed checkpoints, no initial water debt
  ---
  duration_ms: 0.1306
  ...
# Subtest: platano: first combined task gates growth; mandatory watering gates maturity
ok 199 - platano: first combined task gates growth; mandatory watering gates maturity
  ---
  duration_ms: 0.1729
  ...
# Subtest: platano: magic satisfies only crossed checkpoints, no initial water debt
ok 200 - platano: magic satisfies only crossed checkpoints, no initial water debt
  ---
  duration_ms: 0.1376
  ...
# Subtest: Growth magic does not clear earlier water debt
ok 201 - Growth magic does not clear earlier water debt
  ---
  duration_ms: 0.2714
  ...
# Subtest: Contiguous harvest selection does not include distant same-species plants
ok 202 - Contiguous harvest selection does not include distant same-species plants
  ---
  duration_ms: 0.6029
  ...
# Subtest: FIFO chooses oldest task, proximity chooses its worker and reserves atomically
ok 203 - FIFO chooses oldest task, proximity chooses its worker and reserves atomically
  ---
  duration_ms: 0.9128
  ...
# Subtest: Threat boundaries and attraction are live plant base values
ok 204 - Threat boundaries and attraction are live plant base values
  ---
  duration_ms: 0.4293
  ...
# Subtest: Every reachable threat budget has unique legal unordered compositions
ok 205 - Every reachable threat budget has unique legal unordered compositions
  ---
  duration_ms: 4.5219
  ...
# Subtest: Building collapse thresholds remain distinct and irreversible
ok 206 - Building collapse thresholds remain distinct and irreversible
  ---
  duration_ms: 0.5225
  ...
# Subtest: Permission matrix handles stacked pauses, night, raid and center recovery
ok 207 - Permission matrix handles stacked pauses, night, raid and center recovery
  ---
  duration_ms: 0.4443
  ...
# Subtest: Economic dawn thresholds and linear unlimited village costs
ok 208 - Economic dawn thresholds and linear unlimited village costs
  ---
  duration_ms: 0.7906
  ...
# Subtest: Snapshots reject malformed data, roundtrip random state and isolate slots
ok 209 - Snapshots reject malformed data, roundtrip random state and isolate slots
  ---
  duration_ms: 10.0876
  ...
# Subtest: mature plants and paused morphs keep both buffer versions stable; wind changes through the shared uniform alone
ok 210 - mature plants and paused morphs keep both buffer versions stable; wind changes through the shared uniform alone
  ---
  duration_ms: 104.7128
  ...
# Subtest: growth within a stage uploads only growth components while the position and rotation remain untouched
ok 211 - growth within a stage uploads only growth components while the position and rotation remain untouched
  ---
  duration_ms: 16.7894
  ...
# Subtest: slot changes, height and recentering update matrices, retain unchanged growth, and clamp visible count to capacity
ok 212 - slot changes, height and recentering update matrices, retain unchanged growth, and clamp visible count to capacity
  ---
  duration_ms: 61.7394
  ...
# Subtest: multiple updates before a GPU draw retain earlier dirty ranges and never upload the unused capacity
ok 213 - multiple updates before a GPU draw retain earlier dirty ranges and never upload the unused capacity
  ---
  duration_ms: 51.2614
  ...
# Subtest: DEST extraction and five original GLBs retain audited source hashes
ok 214 - DEST extraction and five original GLBs retain audited source hashes
  ---
  duration_ms: 503.5253
  ...
# Subtest: Original GLSL masks, opening-depth guard and collapse programs are retained verbatim
ok 215 - Original GLSL masks, opening-depth guard and collapse programs are retained verbatim
  ---
  duration_ms: 4.6212
  ...
# Subtest: All original triangle pivots follow exact native trajectories and six damage stages
ok 216 - All original triangle pivots follow exact native trajectories and six damage stages
  ---
  duration_ms: 206.1286
  ...
# Subtest: Only native Sahelian roof patch adds geometry; original UVs and buffers stay unchanged
ok 217 - Only native Sahelian roof patch adds geometry; original UVs and buffers stay unchanged
  ---
  duration_ms: 201.6644
  ...
# Subtest: Eight fitted damage sites and footprint ash regenerate deterministically after repair
ok 218 - Eight fitted damage sites and footprint ash regenerate deterministically after repair
  ---
  duration_ms: 6144.3766
  ...
# Subtest: Native particle shaders and fragment geometry retain source hashes and exact source code
ok 219 - Native particle shaders and fragment geometry retain source hashes and exact source code
  ---
  duration_ms: 8.2283
  ...
# Subtest: All five houses reproduce original ash scatter, emissions, gravity, bounce, friction and upload data
ok 220 - All five houses reproduce original ash scatter, emissions, gravity, bounce, friction and upload data
  ---
  duration_ms: 1339.1329
  ...
# Subtest: Original smoke quality caps and 340-fragment cap remain bounded under repeated structural bursts
ok 221 - Original smoke quality caps and 340-fragment cap remain bounded under repeated structural bursts
  ---
  duration_ms: 253.0217
  ...
# Subtest: Loaded collapse does not replay bursts; zero elapsed freezes particles and full repair clears emitters
ok 222 - Loaded collapse does not replay bursts; zero elapsed freezes particles and full repair clears emitters
  ---
  duration_ms: 1.8913
  ...
# Subtest: Raid destruction reassigns only displaced employees locally without another wage
ok 223 - Raid destruction reassigns only displaced employees locally without another wage
  ---
  duration_ms: 9.1114
  ...
# Subtest: Returning and already home displaced workers remain recoverable by a new center after reload
ok 224 - Returning and already home displaced workers remain recoverable by a new center after reload
  ---
  duration_ms: 15.0294
  ...
# Subtest: Rebuilt center recovers displaced contracts while surviving staff keep assignments
ok 225 - Rebuilt center recovers displaced contracts while surviving staff keep assignments
  ---
  duration_ms: 1.9947
  ...
# Subtest: Worker arrival reconstructs a ruined center and recovers its displaced staff without rebalance
ok 226 - Worker arrival reconstructs a ruined center and recovers its displaced staff without rebalance
  ---
  duration_ms: 89.3812
  ...
# Subtest: Recovery excludes incapacitated, expired, shift-ended and foreign-village workers
ok 227 - Recovery excludes incapacitated, expired, shift-ended and foreign-village workers
  ---
  duration_ms: 1.6711
  ...
# Subtest: New construction during an active attack cannot recall fleeing employees
ok 228 - New construction during an active attack cannot recall fleeing employees
  ---
  duration_ms: 0.8928
  ...
# Subtest: A rejected frontal encounter rolls once, but later physical overlap makes the hit mandatory
ok 229 - A rejected frontal encounter rolls once, but later physical overlap makes the hit mandatory
  ---
  duration_ms: 6.9646
  ...
# Subtest: A non-overlapping passage behind the animal never rolls or spends a hit
ok 230 - A non-overlapping passage behind the animal never rolls or spends a hit
  ---
  duration_ms: 1.4337
  ...
# Subtest: One continuing encounter hits once; leaving and returning permits the second hit of the same animal
ok 231 - One continuing encounter hits once; leaving and returning permits the second hit of the same animal
  ---
  duration_ms: 1.5541
  ...
# Subtest: Saving inside a rejected encounter preserves its roll and resumes without frame-by-frame retries
ok 232 - Saving inside a rejected encounter preserves its roll and resumes without frame-by-frame retries
  ---
  duration_ms: 3.6247
  ...
# Subtest: Continuous relative trajectories detect an overlap even when both endpoints lie outside the encounter radius
ok 233 - Continuous relative trajectories detect an overlap even when both endpoints lie outside the encounter radius
  ---
  duration_ms: 0.8604
  ...
# Subtest: Physical pushes check their whole path and turn along a wall instead of crossing it
ok 234 - Physical pushes check their whole path and turn along a wall instead of crossing it
  ---
  duration_ms: 0.5021
  ...
# Subtest: A completely blocked push keeps the worker on valid terrain and does not jump to a valid far endpoint
ok 235 - A completely blocked push keeps the worker on valid terrain and does not jump to a valid far endpoint
  ---
  duration_ms: 0.3362
  ...
# Subtest: Retreating animals and exhausted hit budgets cannot create a free worker hit
ok 236 - Retreating animals and exhausted hit budgets cannot create a free worker hit
  ---
  duration_ms: 0.4946
  ...
# Subtest: Recovery remains attached to the injured person during re-hiring and clears on the following day
ok 237 - Recovery remains attached to the injured person during re-hiring and clears on the following day
  ---
  duration_ms: 191.3625
  ...
# Subtest: Valid frontal encounters preserve the approved sixty-percent probability across a reproducible sample
ok 238 - Valid frontal encounters preserve the approved sixty-percent probability across a reproducible sample
  ---
  duration_ms: 162.9513
  ...
# Subtest: Raid survivors return walking even with urgent tasks, and resume ordinary running only after arrival
ok 239 - Raid survivors return walking even with urgent tasks, and resume ordinary running only after arrival
  ---
  duration_ms: 70.3034
  ...
# Subtest: endpoint guard leaves the complete received mix, UVs, LOD, scale and fill intact
ok 240 - endpoint guard leaves the complete received mix, UVs, LOD, scale and fill intact
  ---
  duration_ms: 2.6662
  ...
# Subtest: Standard, Basic and painted fluid share a live endpoint switch without changing depth or recompiling
ok 241 - Standard, Basic and painted fluid share a live endpoint switch without changing depth or recompiling
  ---
  duration_ms: 7.0906
  ...
# Subtest: native destruction and debris also use one guarded HDR recipe with the original mixed path
ok 242 - native destruction and debris also use one guarded HDR recipe with the original mixed path
  ---
  duration_ms: 0.4962
  ...
# Subtest: noise adapter preserves every authored operation outside its uniform guard and rejects source drift
ok 243 - noise adapter preserves every authored operation outside its uniform guard and rejects source drift
  ---
  duration_ms: 4.9927
  ...
# Subtest: both ground qualities and volcanic objects share a live diagnostic uniform without recompilation
ok 244 - both ground qualities and volcanic objects share a live diagnostic uniform without recompilation
  ---
  duration_ms: 44.3236
  ...
# (node:2660) ExperimentalWarning: Importing JSON modules is an experimental feature and might change at any time
# (Use `node --trace-warnings ...` to show where the warning was created)
# Subtest: HDR environment bytes match original radiance compression for both panoramas
ok 245 - HDR environment bytes match original radiance compression for both panoramas
  ---
  duration_ms: 847.9121
  ...
# Subtest: complete Fresnel, environment BRDF and fluid branch retain user shader constants
ok 246 - complete Fresnel, environment BRDF and fluid branch retain user shader constants
  ---
  duration_ms: 1.7565
  ...
# Subtest: water binds common night and yaw, keeps native exposure and avoids a second tone curve
ok 247 - water binds common night and yaw, keeps native exposure and avoids a second tone curve
  ---
  duration_ms: 7.807
  ...
# Subtest: Native footprint preserves walkable space outside its building edges
ok 248 - Native footprint preserves walkable space outside its building edges
  ---
  duration_ms: 4.3181
  ...
# Subtest: Building overlap includes crossing edges and containment
ok 249 - Building overlap includes crossing edges and containment
  ---
  duration_ms: 1.2234
  ...
# Subtest: Full occupied interior is checked for water, not just building bounds
ok 250 - Full occupied interior is checked for water, not just building bounds
  ---
  duration_ms: 1.055
  ...
# Subtest: Large props beside the native footprint survive; occupied props block placement
ok 251 - Large props beside the native footprint survive; occupied props block placement
  ---
  duration_ms: 2.5706
  ...
# Subtest: Asynchronous initial search preserves deterministic positions and suppression
ok 252 - Asynchronous initial search preserves deterministic positions and suppression
  ---
  duration_ms: 4.2626
  ...
# Subtest: Departure search restores existing obstacles even if route evaluation fails
ok 253 - Departure search restores existing obstacles even if route evaluation fails
  ---
  duration_ms: 0.9155
  ...
# Subtest: A route blocked after reservation releases its worker without deleting the task or starting an action
ok 254 - A route blocked after reservation releases its worker without deleting the task or starting an action
  ---
  duration_ms: 13.3146
  ...
# Subtest: Repair settles its rounded current price exactly once on arrival, without an extra animation delay
ok 255 - Repair settles its rounded current price exactly once on arrival, without an extra animation delay
  ---
  duration_ms: 9.3013
  ...
# Subtest: Funds spent after requesting repair cancel execution at arrival without partial payment
ok 256 - Funds spent after requesting repair cancel execution at arrival without partial payment
  ---
  duration_ms: 7.5081
  ...
# Subtest: Surviving repair order becomes full reconstruction and does not wait for collapse to finish
ok 257 - Surviving repair order becomes full reconstruction and does not wait for collapse to finish
  ---
  duration_ms: 2.4168
  ...
# Subtest: Starting an attack immediately cancels manual repair orders and releases the worker
ok 258 - Starting an attack immediately cancels manual repair orders and releases the worker
  ---
  duration_ms: 2.1235
  ...
# Subtest: Postgame founding uses complete native village, valid departure, exact linear costs and persistent state
ok 259 - Postgame founding uses complete native village, valid departure, exact linear costs and persistent state
  ---
  duration_ms: 15.384
  ...
# Subtest: A village without a walkable departure is rejected before charging or founding
ok 260 - A village without a walkable departure is rejected before charging or founding
  ---
  duration_ms: 1.8847
  ...
# Subtest: 30 canonical combinations validate and each new game starts isolated at 1000
ok 261 - 30 canonical combinations validate and each new game starts isolated at 1000
  ---
  duration_ms: 5.7159
  ...
# Subtest: First day center/plant/tutorial hiring sequence and payment idempotency
ok 262 - First day center/plant/tutorial hiring sequence and payment idempotency
  ---
  duration_ms: 1.6072
  ...
# Subtest: Invalid placement makes no economic or world modification
ok 263 - Invalid placement makes no economic or world modification
  ---
  duration_ms: 1.491
  ...
# Subtest: Workers physically plant, water and harvest; only crate delivery pays
ok 264 - Workers physically plant, water and harvest; only crate delivery pays
  ---
  duration_ms: 89.2502
  ...
# Subtest: Stacked pauses freeze crops and spell clocks
ok 265 - Stacked pauses freeze crops and spell clocks
  ---
  duration_ms: 2.9185
  ...
# Subtest: Manual harvest orders survive queue reconstruction, manual repairs do not
ok 266 - Manual harvest orders survive queue reconstruction, manual repairs do not
  ---
  duration_ms: 1.7282
  ...
# Subtest: New midday center does not move plants or employees
ok 267 - New midday center does not move plants or employees
  ---
  duration_ms: 1.8424
  ...
# Subtest: Growth/multiply permissions, area nonoverlap, cooldown from activation and expiry
ok 268 - Growth/multiply permissions, area nonoverlap, cooldown from activation and expiry
  ---
  duration_ms: 6.0569
  ...
# Subtest: Night 1 is calm, night 2 exactly one tutorial warthog with zero attraction
ok 269 - Night 1 is calm, night 2 exactly one tutorial warthog with zero attraction
  ---
  duration_ms: 0.6012
  ...
# Subtest: Raid drops a carried crate, frees tasks and preserves its value
ok 270 - Raid drops a carried crate, frees tasks and preserves its value
  ---
  duration_ms: 1.1851
  ...
# Subtest: Combo attack counts one logical hit; active raid survives roundtrip
ok 271 - Combo attack counts one logical hit; active raid survives roundtrip
  ---
  duration_ms: 2.6199
  ...
# Subtest: Attack crossing dawn prevents events, hiring and night completion until departure
ok 272 - Attack crossing dawn prevents events, hiring and night completion until departure
  ---
  duration_ms: 3.0229
  ...
# Subtest: Final raid defeat takes precedence over hundredth night victory
ok 273 - Final raid defeat takes precedence over hundredth night victory
  ---
  duration_ms: 1.2965
  ...
# Subtest: Hundredth completed night wins only after economic check; postgame suppresses attacks
ok 274 - Hundredth completed night wins only after economic check; postgame suppresses attacks
  ---
  duration_ms: 0.5607
  ...
# Subtest: Event frost leaves mature plants intact; favorable growth keeps mandatory water debt
ok 275 - Event frost leaves mature plants intact; favorable growth keeps mandatory water debt
  ---
  duration_ms: 0.502
  ...
# Subtest: Plague consumes half remaining tolerance without killing plants or changing coins
ok 276 - Plague consumes half remaining tolerance without killing plants or changing coins
  ---
  duration_ms: 0.3887
  ...
# Subtest: Partition clips triangles into frame and leaf while retaining interpolated texture coordinates
ok 277 - Partition clips triangles into frame and leaf while retaining interpolated texture coordinates
  ---
  duration_ms: 4.1592
  ...
# Subtest: Every closed native leaf preserves total source surface area, bounds and regional pivots
ok 278 - Every closed native leaf preserves total source surface area, bounds and regional pivots
  ---
  duration_ms: 1541.5216
  ...
# Subtest: Opening is a rigid hinge rotation: frames remain fixed and normals do not accumulate rotation
ok 279 - Opening is a rigid hinge rotation: frames remain fixed and normals do not accumulate rotation
  ---
  duration_ms: 868.7228
  ...
# Subtest: Full original gate geometry leaves a swept controller corridor when the leaf is open
ok 280 - Full original gate geometry leaves a swept controller corridor when the leaf is open
  ---
  duration_ms: 931.777
  ...
# Subtest: Production mesh applies opening changes without changing health, opacity or the closed source bridge
ok 281 - Production mesh applies opening changes without changing health, opacity or the closed source bridge
  ---
  duration_ms: 972.6633
  ...
# Subtest: Gate frames retain original mesh hashes and the height of all four exported bodies
ok 282 - Gate frames retain original mesh hashes and the height of all four exported bodies
  ---
  duration_ms: 983.0196
  ...
# Subtest: Worker controllers pass through open native arches while their pillars remain solid
ok 283 - Worker controllers pass through open native arches while their pillars remain solid
  ---
  duration_ms: 6.0932
  ...
# Subtest: Short modules preserve their actual opening width instead of ignoring the whole gate
ok 284 - Short modules preserve their actual opening width instead of ignoring the whole gate
  ---
  duration_ms: 0.7673
  ...
# Subtest: Frame transforms are cached and update when placement or scale changes
ok 285 - Frame transforms are cached and update when placement or scale changes
  ---
  duration_ms: 0.9541
  ...
# Subtest: Convex frame projection retains side boundaries and a positive controller clearance
ok 286 - Convex frame projection retains side boundaries and a positive controller clearance
  ---
  duration_ms: 0.6334
  ...
# Subtest: Every original triangle below native body height is covered by the physical frame projection
ok 287 - Every original triangle below native body height is covered by the physical frame projection
  ---
  duration_ms: 80.8892
  ...
# Subtest: Workers request a near crossing and wait without spending run distance or movement phases
ok 288 - Workers request a near crossing and wait without spending run distance or movement phases
  ---
  duration_ms: 9.4073
  ...
# Subtest: All four native profiles wait in Idle and preserve the crate carrying pose
ok 289 - All four native profiles wait in Idle and preserve the crate carrying pose
  ---
  duration_ms: 0.7284
  ...
# Subtest: Pauses, preparation and end states freeze leaf clocks; closing waits for body occupancy
ok 290 - Pauses, preparation and end states freeze leaf clocks; closing waits for body occupancy
  ---
  duration_ms: 0.9648
  ...
# Subtest: Passing beside a closed gate does not request opening or stop a worker
ok 291 - Passing beside a closed gate does not request opening or stop a worker
  ---
  duration_ms: 0.645
  ...
# Subtest: Collapsing gates hold crossing until rubble; legacy occupants restore a safe open pose
ok 292 - Collapsing gates hold crossing until rubble; legacy occupants restore a safe open pose
  ---
  duration_ms: 0.4643
  ...
# Subtest: Physical collision uses current leaf phase while route planning includes the opened leaf
ok 293 - Physical collision uses current leaf phase while route planning includes the opened leaf
  ---
  duration_ms: 42.784
  ...
# Subtest: Paid workers cross three original leaf materials without penetrating a closing or moving leaf
ok 294 - Paid workers cross three original leaf materials without penetrating a closing or moving leaf
  ---
  duration_ms: 2211.0624
  ...
# Subtest: Opening and waiting persist exactly through save/reload and reject malformed phases
ok 295 - Opening and waiting persist exactly through save/reload and reject malformed phases
  ---
  duration_ms: 5.4416
  ...
# Subtest: Encounter pushes cannot drive a worker through a closed gate or its moving sweep
ok 296 - Encounter pushes cannot drive a worker through a closed gate or its moving sweep
  ---
  duration_ms: 184.3326
  ...
# Subtest: A large locomotion step approaches safely and cannot jump through a closed leaf
ok 297 - A large locomotion step approaches safely and cannot jump through a closed leaf
  ---
  duration_ms: 2.7963
  ...
# Subtest: Fractional gate portals connect enclosed grid regions and retain exact swept collisions
ok 298 - Fractional gate portals connect enclosed grid regions and retain exact swept collisions
  ---
  duration_ms: 1276.1759
  ...
# Subtest: zarzas: a real harvested crate waits, crosses and charges only on delivery
ok 299 - zarzas: a real harvested crate waits, crosses and charges only on delivery
  ---
  duration_ms: 786.9217
  ...
# Subtest: empalizada: a real harvested crate waits, crosses and charges only on delivery
ok 300 - empalizada: a real harvested crate waits, crosses and charges only on delivery
  ---
  duration_ms: 359.6888
  ...
# Subtest: reforzado: a real harvested crate waits, crosses and charges only on delivery
ok 301 - reforzado: a real harvested crate waits, crosses and charges only on delivery
  ---
  duration_ms: 686.4441
  ...
# Subtest: unsupported extension or counter leaves the renderer untouched
ok 302 - unsupported extension or counter leaves the renderer untouched
  ---
  duration_ms: 5.8949
  ...
# Subtest: pending queries never read a result early and retain full numeric precision
ok 303 - pending queries never read a result early and retain full numeric precision
  ---
  duration_ms: 2.4293
  ...
# Subtest: disjoint clears previously collected samples and outstanding queries
ok 304 - disjoint clears previously collected samples and outstanding queries
  ---
  duration_ms: 0.7112
  ...
# Subtest: backpressure bounds resources without blocking and does not steal another timer
ok 305 - backpressure bounds resources without blocking and does not steal another timer
  ---
  duration_ms: 0.4789
  ...
# Subtest: allocation failures skip timing without creating a pending measurement
ok 306 - allocation failures skip timing without creating a pending measurement
  ---
  duration_ms: 0.298
  ...
# Subtest: context loss invalidates samples and does not end a lost-context query
ok 307 - context loss invalidates samples and does not end a lost-context query
  ---
  duration_ms: 0.4425
  ...
# Subtest: dispose closes active queries, releases pending resources exactly once, and blocks later polling
ok 308 - dispose closes active queries, releases pending resources exactly once, and blocks later polling
  ---
  duration_ms: 0.2892
  ...
# Subtest: invalid numeric results are discarded rather than shown as zero
ok 309 - invalid numeric results are discarded rather than shown as zero
  ---
  duration_ms: 0.3692
  ...
# Subtest: explicitly disabled profiling performs no extension or query calls
ok 310 - explicitly disabled profiling performs no extension or query calls
  ---
  duration_ms: 0.306
  ...
# Subtest: ground surface, Fresnel and BRDF preserve the supplied shader recipes
ok 311 - ground surface, Fresnel and BRDF preserve the supplied shader recipes
  ---
  duration_ms: 4.3012
  ...
# Subtest: both ground quality paths share surface, HDR and native wet lighting without altering object surfaces
ok 312 - both ground quality paths share surface, HDR and native wet lighting without altering object surfaces
  ---
  duration_ms: 4.1974
  ...
# Subtest: Lifecycle preserves original transition timings in both motion modes
ok 313 - Lifecycle preserves original transition timings in both motion modes
  ---
  duration_ms: 7.4897
  ...
# Subtest: Entrance leads to reading and rest without closing or advancing text
ok 314 - Entrance leads to reading and rest without closing or advancing text
  ---
  duration_ms: 0.952
  ...
# Subtest: Closing performs farewell and native exit, repeated hide calls do not restart it
ok 315 - Closing performs farewell and native exit, repeated hide calls do not restart it
  ---
  duration_ms: 0.4888
  ...
# Subtest: New message cancels withdrawal and cannot be closed by a stale transition
ok 316 - New message cancels withdrawal and cannot be closed by a stale transition
  ---
  duration_ms: 0.3606
  ...
# Subtest: Reduced motion still has explicit entry and exit and native neutral poses
ok 317 - Reduced motion still has explicit entry and exit and native neutral poses
  ---
  duration_ms: 1.2628
  ...
# Subtest: Extracted renderer and native source retain their registered hashes
ok 318 - Extracted renderer and native source retain their registered hashes
  ---
  duration_ms: 8.2167
  ...
# Subtest: Native greeting curves match the original V8 source at every sampled phase
ok 319 - Native greeting curves match the original V8 source at every sampled phase
  ---
  duration_ms: 16.2845
  ...
# Subtest: Native speak curves match the original V8 source at every sampled phase
ok 320 - Native speak curves match the original V8 source at every sampled phase
  ---
  duration_ms: 3.3394
  ...
# Subtest: Native acknowledge curves match the original V8 source at every sampled phase
ok 321 - Native acknowledge curves match the original V8 source at every sampled phase
  ---
  duration_ms: 4.8124
  ...
# Subtest: Native curious curves match the original V8 source at every sampled phase
ok 322 - Native curious curves match the original V8 source at every sampled phase
  ---
  duration_ms: 3.9015
  ...
# Subtest: Native warning curves match the original V8 source at every sampled phase
ok 323 - Native warning curves match the original V8 source at every sampled phase
  ---
  duration_ms: 4.5887
  ...
# Subtest: Native reveal curves match the original V8 source at every sampled phase
ok 324 - Native reveal curves match the original V8 source at every sampled phase
  ---
  duration_ms: 43.9013
  ...
# Subtest: Native idle curves match the original V8 source at every sampled phase
ok 325 - Native idle curves match the original V8 source at every sampled phase
  ---
  duration_ms: 2.0782
  ...
# Subtest: Native farewell curves match the original V8 source at every sampled phase
ok 326 - Native farewell curves match the original V8 source at every sampled phase
  ---
  duration_ms: 4.5014
  ...
# Subtest: Native ornament springs remain finite across reading, rest and gesture changes
ok 327 - Native ornament springs remain finite across reading, rest and gesture changes
  ---
  duration_ms: 130.9254
  ...
# (node:28452) ExperimentalWarning: Importing JSON modules is an experimental feature and might change at any time
# (Use `node --trace-warnings ...` to show where the warning was created)
# Subtest: Native hand source, reproducible module and all six original textures retain registered hashes
ok 328 - Native hand source, reproducible module and all six original textures retain registered hashes
  ---
  duration_ms: 87.4673
  ...
# Subtest: Native tap pivot and motion exactly match V8 across camera orientations
ok 329 - Native tap pivot and motion exactly match V8 across camera orientations
  ---
  duration_ms: 121.4942
  ...
# Subtest: Native press pivot and motion exactly match V8 across camera orientations
ok 330 - Native press pivot and motion exactly match V8 across camera orientations
  ---
  duration_ms: 49.9082
  ...
# Subtest: Native pinch pivot and motion exactly match V8 across camera orientations
ok 331 - Native pinch pivot and motion exactly match V8 across camera orientations
  ---
  duration_ms: 146.5797
  ...
# Subtest: Native point pivot and motion exactly match V8 across camera orientations
ok 332 - Native point pivot and motion exactly match V8 across camera orientations
  ---
  duration_ms: 262.655
  ...
# Subtest: Native drag pivot and motion exactly match V8 across camera orientations
ok 333 - Native drag pivot and motion exactly match V8 across camera orientations
  ---
  duration_ms: 47.2361
  ...
# Subtest: Native open pivot and motion exactly match V8 across camera orientations
ok 334 - Native open pivot and motion exactly match V8 across camera orientations
  ---
  duration_ms: 137.83
  ...
# Subtest: Quad protection catches a building crossing the middle while every corner lies outside its footprint
ok 335 - Quad protection catches a building crossing the middle while every corner lies outside its footprint
  ---
  duration_ms: 1.434
  ...
# Subtest: Target rings, dashed contact lines and drag corridor reuse the original native effect geometry
ok 336 - Target rings, dashed contact lines and drag corridor reuse the original native effect geometry
  ---
  duration_ms: 107.6469
  ...
# Subtest: Terrain protection includes interior ridges between low quad corners
ok 337 - Terrain protection includes interior ridges between low quad corners
  ---
  duration_ms: 2.5055
  ...
# Subtest: Terrain adapter permits negative elevations and follows moving targets without lifting to world zero
ok 338 - Terrain adapter permits negative elevations and follows moving targets without lifting to world zero
  ---
  duration_ms: 1.8198
  ...
# Subtest: Day-one hand targets map six kinds to actual entities and never modify game state
ok 339 - Day-one hand targets map six kinds to actual entities and never modify game state
  ---
  duration_ms: 1.9203
  ...
# Subtest: The delivery hand follows the actual carrier instead of introducing a demonstration cart
ok 340 - The delivery hand follows the actual carrier instead of introducing a demonstration cart
  ---
  duration_ms: 0.561
  ...
# Subtest: Production renderer uses a depth-tested four-vertex quad, follows targets and removes all resources
ok 341 - Production renderer uses a depth-tested four-vertex quad, follows targets and removes all resources
  ---
  duration_ms: 17.7169
  ...
# (node:33160) ExperimentalWarning: Importing JSON modules is an experimental feature and might change at any time
# (Use `node --trace-warnings ...` to show where the warning was created)
# Subtest: native canyon and desert horizons preserve every original position, normal and color byte
ok 342 - native canyon and desert horizons preserve every original position, normal and color byte
  ---
  duration_ms: 13110.0952
  ...
# Subtest: streaming uses the eye and original resident radii, including negative boundaries
ok 343 - streaming uses the eye and original resident radii, including negative boundaries
  ---
  duration_ms: 50.8936
  ...
# Subtest: horizon resources survive static frames and are released once on travel, quality change and close
ok 344 - horizon resources survive static frames and are released once on travel, quality change and close
  ---
  duration_ms: 1621.4374
  ...
# Subtest: native half-open horizon clipping excludes resident canyon terrain and river while keeping desert apron
ok 345 - native half-open horizon clipping excludes resident canyon terrain and river while keeping desert apron
  ---
  duration_ms: 1260.5355
  ...
# Subtest: explicit language overrides browser preferences; unknown preferences fall back to English
ok 346 - explicit language overrides browser preferences; unknown preferences fall back to English
  ---
  duration_ms: 2.677
  ...
# Subtest: browser preference order recognises regional English and Spanish variants
ok 347 - browser preference order recognises regional English and Spanish variants
  ---
  duration_ms: 0.2899
  ...
# Subtest: storage failure is safe and persistent override uses its own key
ok 348 - storage failure is safe and persistent override uses its own key
  ---
  duration_ms: 0.328
  ...
# Subtest: catalog translates complete labels and leaves logical IDs and partial words intact
ok 349 - catalog translates complete labels and leaves logical IDs and partial words intact
  ---
  duration_ms: 95.1505
  ...
# Subtest: generated catalog matches its reviewed TSV source without stale translations
ok 350 - generated catalog matches its reviewed TSV source without stale translations
  ---
  duration_ms: 16.8206
  ...
# Subtest: audited library explanations are fully translated including semicolons and split markup text
ok 351 - audited library explanations are fully translated including semicolons and split markup text
  ---
  duration_ms: 172.4581
  ...
# Subtest: ARIA interpolation and language reversal keep source strings and user parameters
ok 352 - ARIA interpolation and language reversal keep source strings and user parameters
  ---
  duration_ms: 0.7417
  ...
# Subtest: all tutorial messages have complete translations, including mechanics and campaign ending
ok 353 - all tutorial messages have complete translations, including mechanics and campaign ending
  ---
  duration_ms: 0.6453
  ...
# Subtest: catalog contains no empty messages, malformed placeholders or untranslated key markers
ok 354 - catalog contains no empty messages, malformed placeholders or untranslated key markers
  ---
  duration_ms: 9.1483
  ...
# Subtest: agricultural notices and quantitative labels interpolate names and singular/plural in both languages
ok 355 - agricultural notices and quantitative labels interpolate names and singular/plural in both languages
  ---
  duration_ms: 4.043
  ...
# Subtest: All four native profiles alternate Idle and Alert and occasionally walk inside eight metres without running
ok 356 - All four native profiles alternate Idle and Alert and occasionally walk inside eight metres without running
  ---
  duration_ms: 155.3885
  ...
# Subtest: FIFO assignment interrupts an ambient route immediately without losing a reservation
ok 357 - FIFO assignment interrupts an ambient route immediately without losing a reservation
  ---
  duration_ms: 1.6563
  ...
# Subtest: Unreachable or nonlocal detours never become ambient movement
ok 358 - Unreachable or nonlocal detours never become ambient movement
  ---
  duration_ms: 5.4523
  ...
# Subtest: A changed navigation version invalidates a blocked paseo before moving
ok 359 - A changed navigation version invalidates a blocked paseo before moving
  ---
  duration_ms: 0.9843
  ...
# Subtest: Waiting in a village has a real anchor and freezes/resumes identically across pause and save
ok 360 - Waiting in a village has a real anchor and freezes/resumes identically across pause and save
  ---
  duration_ms: 74.7122
  ...
# Subtest: A waiting employee returns physically at shift end and does not prolong the contract
ok 361 - A waiting employee returns physically at shift end and does not prolong the contract
  ---
  duration_ms: 71.155
  ...
# Subtest: Receiving queued work prevents even one extra ambient step
ok 362 - Receiving queued work prevents even one extra ambient step
  ---
  duration_ms: 34.1618
  ...
# Subtest: Ambient paths stay inside the local radius and original terrain/building footprints
ok 363 - Ambient paths stay inside the local radius and original terrain/building footprints
  ---
  duration_ms: 14290.8457
  ...
# Subtest: youngMale: foot contacts reproduce original native toe trajectories and clip cycles
ok 364 - youngMale: foot contacts reproduce original native toe trajectories and clip cycles
  ---
  duration_ms: 1456.1054
  ...
# Subtest: olderMale: foot contacts reproduce original native toe trajectories and clip cycles
ok 365 - olderMale: foot contacts reproduce original native toe trajectories and clip cycles
  ---
  duration_ms: 1038.185
  ...
# Subtest: olderFemale: foot contacts reproduce original native toe trajectories and clip cycles
ok 366 - olderFemale: foot contacts reproduce original native toe trajectories and clip cycles
  ---
  duration_ms: 463.6362
  ...
# Subtest: youngFemale: foot contacts reproduce original native toe trajectories and clip cycles
ok 367 - youngFemale: foot contacts reproduce original native toe trajectories and clip cycles
  ---
  duration_ms: 867.7704
  ...
# Subtest: warthog: foot contacts reproduce original native toe trajectories and clip cycles
ok 368 - warthog: foot contacts reproduce original native toe trajectories and clip cycles
  ---
  duration_ms: 541.1864
  ...
# Subtest: hyena: foot contacts reproduce original native toe trajectories and clip cycles
ok 369 - hyena: foot contacts reproduce original native toe trajectories and clip cycles
  ---
  duration_ms: 418.5756
  ...
# Subtest: buffalo: foot contacts reproduce original native toe trajectories and clip cycles
ok 370 - buffalo: foot contacts reproduce original native toe trajectories and clip cycles
  ---
  duration_ms: 336.2051
  ...
# Subtest: lion: foot contacts reproduce original native toe trajectories and clip cycles
ok 371 - lion: foot contacts reproduce original native toe trajectories and clip cycles
  ---
  duration_ms: 531.9674
  ...
# Subtest: rhino: foot contacts reproduce original native toe trajectories and clip cycles
ok 372 - rhino: foot contacts reproduce original native toe trajectories and clip cycles
  ---
  duration_ms: 548.7331
  ...
# Subtest: Paid walking emits only measured single-step dust, freezes on pause and does not invent a trail after reload or a long jump
ok 373 - Paid walking emits only measured single-step dust, freezes on pause and does not invent a trail after reload or a long jump
  ---
  duration_ms: 283.4261
  ...
# Subtest: Waiting, falling, incapacitation, stationary animation and backwards time cannot generate footsteps
ok 374 - Waiting, falling, incapacitation, stationary animation and backwards time cannot generate footsteps
  ---
  duration_ms: 56.5332
  ...
# Subtest: warthog: real animal movement phases drive native dust independently of combat budgets
ok 375 - warthog: real animal movement phases drive native dust independently of combat budgets
  ---
  duration_ms: 170.4738
  ...
# Subtest: hyena: real animal movement phases drive native dust independently of combat budgets
ok 376 - hyena: real animal movement phases drive native dust independently of combat budgets
  ---
  duration_ms: 150.2269
  ...
# Subtest: buffalo: real animal movement phases drive native dust independently of combat budgets
ok 377 - buffalo: real animal movement phases drive native dust independently of combat budgets
  ---
  duration_ms: 111.9915
  ...
# Subtest: lion: real animal movement phases drive native dust independently of combat budgets
ok 378 - lion: real animal movement phases drive native dust independently of combat budgets
  ---
  duration_ms: 119.4111
  ...
# Subtest: rhino: real animal movement phases drive native dust independently of combat budgets
ok 379 - rhino: real animal movement phases drive native dust independently of combat budgets
  ---
  duration_ms: 31.5307
  ...
# Subtest: Calibration preserves all four original route speeds and the median physical reference journey
ok 380 - Calibration preserves all four original route speeds and the median physical reference journey
  ---
  duration_ms: 21.918
  ...
# Subtest: Running consumes travelled metres and switches to walking inside the exhaustion step
ok 381 - Running consumes travelled metres and switches to walking inside the exhaustion step
  ---
  duration_ms: 0.9812
  ...
# Subtest: Short arrivals consume only their actual distance; blocked paths consume nothing
ok 382 - Short arrivals consume only their actual distance; blocked paths consume nothing
  ---
  duration_ms: 0.6269
  ...
# Subtest: Recovery forbids ordinary running but flight uses slowed Run without spending or replenishing the reserve
ok 383 - Recovery forbids ordinary running but flight uses slowed Run without spending or replenishing the reserve
  ---
  duration_ms: 0.3629
  ...
# Subtest: Carrying and unhurried walking keep their native gaits and do not spend running metres
ok 384 - Carrying and unhurried walking keep their native gaits and do not spend running metres
  ---
  duration_ms: 0.4217
  ...
# Subtest: Urgency uses tasks per available worker at the assigned center, with strict greater-than-two threshold
ok 385 - Urgency uses tasks per available worker at the assigned center, with strict greater-than-two threshold
  ---
  duration_ms: 0.6236
  ...
# Subtest: Running gait follows physical motion phase rather than hidden or paused wall time
ok 386 - Running gait follows physical motion phase rather than hidden or paused wall time
  ---
  duration_ms: 2.6308
  ...
# Subtest: Hiring replenishes each person once per day; saves and pauses preserve a partially consumed reserve
ok 387 - Hiring replenishes each person once per day; saves and pauses preserve a partially consumed reserve
  ---
  duration_ms: 7.5215
  ...
# Subtest: A distant arrival cannot extend the worker shift or teleport the worker to start a task
ok 388 - A distant arrival cannot extend the worker shift or teleport the worker to start a task
  ---
  duration_ms: 740.3027
  ...
# Subtest: paused frames do not traverse the graph or rewrite water clocks; late shared water is synchronized
ok 389 - paused frames do not traverse the graph or rewrite water clocks; late shared water is synchronized
  ---
  duration_ms: 55.4217
  ...
# Subtest: entering nested actors, instanced meshes and reparenting retain single shader composition and borrowed ownership
ok 390 - entering nested actors, instanced meshes and reparenting retain single shader composition and borrowed ownership
  ---
  duration_ms: 4.6379
  ...
# Subtest: explicit refresh handles material arrays, replacement and late metadata without stale references
ok 391 - explicit refresh handles material arrays, replacement and late metadata without stale references
  ---
  duration_ms: 2.9162
  ...
# Subtest: resident and unchanged-region horizon quality replacements are registered immediately
ok 392 - resident and unchanged-region horizon quality replacements are registered immediately
  ---
  duration_ms: 1353.0342
  ...
# Subtest: QA fallback preserves old traversal semantics and returning to the registry resynchronizes time
ok 393 - QA fallback preserves old traversal semantics and returning to the registry resynchronizes time
  ---
  duration_ms: 3.6231
  ...
# Subtest: temporary excluded pass roots never register nested materials or leave event listeners
ok 394 - temporary excluded pass roots never register nested materials or leave event listeners
  ---
  duration_ms: 2.2153
  ...
# Subtest: Five wall materials and gates produce one native debris composition only after a real unshielded hit, with pause and reload
ok 395 - Five wall materials and gates produce one native debris composition only after a real unshielded hit, with pause and reload
  ---
  duration_ms: 1271.6023
  ...
# Subtest: Shield blocks, crop hits, centre hits and legacy/malformed facts cannot create material damage particles
ok 396 - Shield blocks, crop hits, centre hits and legacy/malformed facts cannot create material damage particles
  ---
  duration_ms: 2.0463
  ...
# Subtest: Contacts use the oriented outer face of shortened walls and scaled gates, including corner approaches
ok 397 - Contacts use the oriented outer face of shortened walls and scaled gates, including corner approaches
  ---
  duration_ms: 1.3017
  ...
# Subtest: closed outward geometry remains eligible across duplicated UV seams and rigid transforms
ok 398 - closed outward geometry remains eligible across duplicated UV seams and rigid transforms
  ---
  duration_ms: 11.1066
  ...
# Subtest: open, inverted, inconsistent, duplicate and degenerate faces are rejected separately
ok 399 - open, inverted, inconsistent, duplicate and degenerate faces are rejected separately
  ---
  duration_ms: 2.7847
  ...
# Subtest: positive aggregate volume cannot conceal an inverted disconnected component
ok 400 - positive aggregate volume cannot conceal an inverted disconnected component
  ---
  duration_ms: 2.1757
  ...
# Subtest: exact welding preserves small real gaps and rejects malformed inputs
ok 401 - exact welding preserves small real gaps and rejects malformed inputs
  ---
  duration_ms: 2.3297
  ...
# Subtest: PCF preserves the original nine taps, slope compensation, bias and edge fade verbatim
ok 402 - PCF preserves the original nine taps, slope compensation, bias and edge fade verbatim
  ---
  duration_ms: 5.1781
  ...
# Subtest: shadow target keeps packed-color compatibility and native depth24 comparison through resizing
ok 403 - shadow target keeps packed-color compatibility and native depth24 comparison through resizing
  ---
  duration_ms: 5.0331
  ...
# Subtest: native depth pass applies polygon offset to custom and shared materials, restoring state on exception
ok 404 - native depth pass applies polygon offset to custom and shared materials, restoring state on exception
  ---
  duration_ms: 7.7432
  ...
# Subtest: disabled shadow passes do not allocate depth targets; shared uniforms follow enabled state and light VP
ok 405 - disabled shadow passes do not allocate depth targets; shared uniforms follow enabled state and light VP
  ---
  duration_ms: 6.5352
  ...
# Subtest: Standard direct lighting uses native PCF while spot and point shadows keep their own source
ok 406 - Standard direct lighting uses native PCF while spot and point shadows keep their own source
  ---
  duration_ms: 0.6257
  ...
# Subtest: ground, actors and water share the same native depth sampler without replacing DEST custom-depth materials
ok 407 - ground, actors and water share the same native depth sampler without replacing DEST custom-depth materials
  ---
  duration_ms: 4.5546
  ...
# Subtest: independent water retains one valid fallback across shader recompiles and releases it with the material
ok 408 - independent water retains one valid fallback across shader recompiles and releases it with the material
  ---
  duration_ms: 1.4912
  ...
# Subtest: PCF reuse remains valid only while Three lighting leaves the sampled normal unchanged
ok 409 - PCF reuse remains valid only while Three lighting leaves the sampled normal unchanged
  ---
  duration_ms: 1.5646
  ...
# Subtest: A direct segment cannot tunnel through a small prop between valid sampled endpoints
ok 410 - A direct segment cannot tunnel through a small prop between valid sampled endpoints
  ---
  duration_ms: 55.0696
  ...
# Subtest: Directed edge caches retain collision semantics and invalidate when structures or shields change
ok 411 - Directed edge caches retain collision semantics and invalidate when structures or shields change
  ---
  duration_ms: 1.2388
  ...
# Subtest: Failed routes are reused only for identical endpoints and clear when an obstacle changes
ok 412 - Failed routes are reused only for identical endpoints and clear when an obstacle changes
  ---
  duration_ms: 43.7747
  ...
# Subtest: Exhaustively explored enclosed regions reject other unreachable targets without another flood search
ok 413 - Exhaustively explored enclosed regions reject other unreachable targets without another flood search
  ---
  duration_ms: 18.241
  ...
# Subtest: A search touching corridor bounds does not certify a globally closed region
ok 414 - A search touching corridor bounds does not certify a globally closed region
  ---
  duration_ms: 139.6539
  ...
# Subtest: Region reuse matches fresh searches across origins, endpoints, radii and actor permissions
ok 415 - Region reuse matches fresh searches across origins, endpoints, radii and actor permissions
  ---
  duration_ms: 3752.0423
  ...
# Subtest: A diagonal grid edge with valid corners still detours around an intervening prop
ok 416 - A diagonal grid edge with valid corners still detours around an intervening prop
  ---
  duration_ms: 1.3644
  ...
# Subtest: Fractional positions connect to a valid grid point even when their rounded start cell is blocked
ok 417 - Fractional positions connect to a valid grid point even when their rounded start cell is blocked
  ---
  duration_ms: 0.9406
  ...
# Subtest: Swept paths respect native polygon edges, rotated walls and worker-only gate passage
ok 418 - Swept paths respect native polygon edges, rotated walls and worker-only gate passage
  ---
  duration_ms: 1.2568
  ...
# Subtest: Every repair waypoint remains outside rotated native wall footprints and wider gates
ok 419 - Every repair waypoint remains outside rotated native wall footprints and wider gates
  ---
  duration_ms: 9.6983
  ...
# Subtest: Center repair paths go around the center footprint and reject a completely inaccessible destination
ok 420 - Center repair paths go around the center footprint and reject a completely inaccessible destination
  ---
  duration_ms: 1.068
  ...
# Subtest: Wider searches find physical detours beyond the local corridor without reusing its cached failure
ok 421 - Wider searches find physical detours beyond the local corridor without reusing its cached failure
  ---
  duration_ms: 299.6877
  ...
# (node:22240) ExperimentalWarning: Importing JSON modules is an experimental feature and might change at any time
# (Use `node --trace-warnings ...` to show where the warning was created)
# Subtest: native volumes and viewing corridor match the original across rotation, scale, chunk offset and camera poses
ok 422 - native volumes and viewing corridor match the original across rotation, scale, chunk offset and camera poses
  ---
  duration_ms: 12.7902
  ...
# Subtest: coverage is independent per instance and chunk, excluding low vegetation, water and short props
ok 423 - coverage is independent per instance and chunk, excluding low vegetation, water and short props
  ---
  duration_ms: 7.823
  ...
# Subtest: packages without explicit bounds use the full original mesh across reduced LODs and honor original group overrides
ok 424 - packages without explicit bounds use the full original mesh across reduced LODs and honor original group overrides
  ---
  duration_ms: 3.3919
  ...
# Subtest: native fade rates clamp wall time, restore independently and do not dirty static frames
ok 425 - native fade rates clamp wall time, restore independently and do not dirty static frames
  ---
  duration_ms: 1.1563
  ...
# Subtest: streaming releases the private coverage geometry once while retaining another chunk and the source arrays
ok 426 - streaming releases the private coverage geometry once while retaining another chunk and the source arrays
  ---
  duration_ms: 3.4639
  ...
# Subtest: native ordered discard composes with cel shader and preserves opaque depth and original full shadows
ok 427 - native ordered discard composes with cel shader and preserves opaque depth and original full shadows
  ---
  duration_ms: 1.9391
  ...
# Subtest: olderMale: eight original-terrain crops pay only their physical deliveries and permit dawn hiring
ok 428 - olderMale: eight original-terrain crops pay only their physical deliveries and permit dawn hiring
  ---
  duration_ms: 12721.3254
  ...
# Subtest: olderMale: excessive first-day sowing cannot bypass the economic defeat check
ok 429 - olderMale: excessive first-day sowing cannot bypass the economic defeat check
  ---
  duration_ms: 7574.5656
  ...
# Subtest: olderFemale: eight original-terrain crops pay only their physical deliveries and permit dawn hiring
ok 430 - olderFemale: eight original-terrain crops pay only their physical deliveries and permit dawn hiring
  ---
  duration_ms: 6407.5654
  ...
# Subtest: olderFemale: excessive first-day sowing cannot bypass the economic defeat check
ok 431 - olderFemale: excessive first-day sowing cannot bypass the economic defeat check
  ---
  duration_ms: 6645.9062
  ...
# Subtest: youngMale: eight original-terrain crops pay only their physical deliveries and permit dawn hiring
ok 432 - youngMale: eight original-terrain crops pay only their physical deliveries and permit dawn hiring
  ---
  duration_ms: 7259.1861
  ...
# Subtest: youngMale: excessive first-day sowing cannot bypass the economic defeat check
ok 433 - youngMale: excessive first-day sowing cannot bypass the economic defeat check
  ---
  duration_ms: 6709.4791
  ...
# Subtest: youngFemale: eight original-terrain crops pay only their physical deliveries and permit dawn hiring
ok 434 - youngFemale: eight original-terrain crops pay only their physical deliveries and permit dawn hiring
  ---
  duration_ms: 6476.0277
  ...
# Subtest: youngFemale: excessive first-day sowing cannot bypass the economic defeat check
ok 435 - youngFemale: excessive first-day sowing cannot bypass the economic defeat check
  ---
  duration_ms: 6378.3792
  ...
# Subtest: warthog: native body radius controls entry, approach, shield exclusion and survives reload
ok 436 - warthog: native body radius controls entry, approach, shield exclusion and survives reload
  ---
  duration_ms: 9.4307
  ...
# Subtest: hyena: native body radius controls entry, approach, shield exclusion and survives reload
ok 437 - hyena: native body radius controls entry, approach, shield exclusion and survives reload
  ---
  duration_ms: 0.9522
  ...
# Subtest: buffalo: native body radius controls entry, approach, shield exclusion and survives reload
ok 438 - buffalo: native body radius controls entry, approach, shield exclusion and survives reload
  ---
  duration_ms: 0.7083
  ...
# Subtest: lion: native body radius controls entry, approach, shield exclusion and survives reload
ok 439 - lion: native body radius controls entry, approach, shield exclusion and survives reload
  ---
  duration_ms: 0.6669
  ...
# Subtest: rhino: native body radius controls entry, approach, shield exclusion and survives reload
ok 440 - rhino: native body radius controls entry, approach, shield exclusion and survives reload
  ---
  duration_ms: 1.1112
  ...
# Subtest: warthog: swept native body fits clear passages and rejects narrower structure, rock and shield gaps
ok 441 - warthog: swept native body fits clear passages and rejects narrower structure, rock and shield gaps
  ---
  duration_ms: 1.9616
  ...
# Subtest: hyena: swept native body fits clear passages and rejects narrower structure, rock and shield gaps
ok 442 - hyena: swept native body fits clear passages and rejects narrower structure, rock and shield gaps
  ---
  duration_ms: 0.5469
  ...
# Subtest: buffalo: swept native body fits clear passages and rejects narrower structure, rock and shield gaps
ok 443 - buffalo: swept native body fits clear passages and rejects narrower structure, rock and shield gaps
  ---
  duration_ms: 0.6469
  ...
# Subtest: lion: swept native body fits clear passages and rejects narrower structure, rock and shield gaps
ok 444 - lion: swept native body fits clear passages and rejects narrower structure, rock and shield gaps
  ---
  duration_ms: 0.3696
  ...
# Subtest: rhino: swept native body fits clear passages and rejects narrower structure, rock and shield gaps
ok 445 - rhino: swept native body fits clear passages and rejects narrower structure, rock and shield gaps
  ---
  duration_ms: 0.8335
  ...
# Subtest: Approach selection tries another side when the direct contact point is blocked, without ignoring the building
ok 446 - Approach selection tries another side when the direct contact point is blocked, without ignoring the building
  ---
  duration_ms: 1.5986
  ...
# Subtest: The selected contact point persists while walking and across an active-raid save/load
ok 447 - The selected contact point persists while walking and across an active-raid save/load
  ---
  duration_ms: 5.5674
  ...
# Subtest: A full legal five-animal composition changes entry side together when a large animal cannot enter
ok 448 - A full legal five-animal composition changes entry side together when a large animal cannot enter
  ---
  duration_ms: 2.1384
  ...
# Subtest: An impossible full-group entry does not silently drop the animals that could not fit
ok 449 - An impossible full-group entry does not silently drop the animals that could not fit
  ---
  duration_ms: 3.0832
  ...
# Subtest: Structure connectivity preflight leaves the actual crop target priority unchanged
ok 450 - Structure connectivity preflight leaves the actual crop target priority unchanged
  ---
  duration_ms: 5.286
  ...
# Subtest: A reachable crop permits entry when every structure approach is blocked
ok 451 - A reachable crop permits entry when every structure approach is blocked
  ---
  duration_ms: 3.3715
  ...
# Subtest: all passes see local camera/casters/bounds, returning globally identical transforms even on draw failure
ok 452 - all passes see local camera/casters/bounds, returning globally identical transforms even on draw failure
  ---
  duration_ms: 17.936
  ...
# Subtest: shadow staging preserves a source world matrix under a translated scene instead of applying its origin twice
ok 453 - shadow staging preserves a source world matrix under a translated scene instead of applying its origin twice
  ---
  duration_ms: 3.0531
  ...
# Subtest: global bounds are collected once without moving instances or changing material identities
ok 454 - global bounds are collected once without moving instances or changing material identities
  ---
  duration_ms: 4.6036
  ...
# Subtest: local clip attributes retain half-open edges at remote chunk coordinates without global Float32 cancellation
ok 455 - local clip attributes retain half-open edges at remote chunk coordinates without global Float32 cancellation
  ---
  duration_ms: 2.2258
  ...
# Subtest: PCF and view vectors stay relative while pigment, ground detail, fluid phase and DEST receive anchored positions
ok 456 - PCF and view vectors stay relative while pigment, ground detail, fluid phase and DEST receive anchored positions
  ---
  duration_ms: 6.2469
  ...
# Subtest: native origin keeps strict 144-unit hysteresis, snaps both axes to 48 and never changes target data
ok 457 - native origin keeps strict 144-unit hysteresis, snaps both axes to 48 and never changes target data
  ---
  duration_ms: 4.96
  ...
# Subtest: chunk-local and merged buffers preserve subunit positions far beyond Float32 world precision
ok 458 - chunk-local and merged buffers preserve subunit positions far beyond Float32 world precision
  ---
  duration_ms: 22.7111
  ...
# Subtest: original crop stages and opaque bridges use the same origin while surface queries and plant state stay global
ok 459 - original crop stages and opaque bridges use the same origin while surface queries and plant state stay global
  ---
  duration_ms: 218.4586
  ...
# (node:33168) ExperimentalWarning: Importing JSON modules is an experimental feature and might change at any time
# (Use `node --trace-warnings ...` to show where the warning was created)
# Subtest: independent DPR cap reduces pixels without changing the quality profile or scene state
ok 460 - independent DPR cap reduces pixels without changing the quality profile or scene state
  ---
  duration_ms: 14.5649
  ...
# Subtest: physical canvas sizing matches the original terrain resize at mobile, desktop, 4K, DPR and hidden dimensions
ok 461 - physical canvas sizing matches the original terrain resize at mobile, desktop, 4K, DPR and hidden dimensions
  ---
  duration_ms: 3.3924
  ...
# Subtest: live ground switches keep geometry and shared materials, release replaced material once and recompose cel metadata
ok 462 - live ground switches keep geometry and shared materials, release replaced material once and recompose cel metadata
  ---
  duration_ms: 4.0727
  ...
# Subtest: live world quality and resize preserve simulation, ground geometry and existing chunk objects
ok 463 - live world quality and resize preserve simulation, ground geometry and existing chunk objects
  ---
  duration_ms: 4.9063
  ...
# Subtest: static resize keeps the drawing buffer and observes DPR changes even with unchanged CSS dimensions
ok 464 - static resize keeps the drawing buffer and observes DPR changes even with unchanged CSS dimensions
  ---
  duration_ms: 2.1124
  ...
# Subtest: canyon horizon changes only its ground material when the resident rectangle stays the same
ok 465 - canyon horizon changes only its ground material when the resident rectangle stays the same
  ---
  duration_ms: 907.0466
  ...
# (node:28600) ExperimentalWarning: Importing JSON modules is an experimental feature and might change at any time
# (Use `node --trace-warnings ...` to show where the warning was created)
# Subtest: unchanged actions retain all 25 resident grounds, water, batches and shadow buffers
ok 466 - unchanged actions retain all 25 resident grounds, water, batches and shadow buffers
  ---
  duration_ms: 59.2106
  ...
# Subtest: unchanged actions retain all 49 resident grounds, water, batches and shadow buffers
ok 467 - unchanged actions retain all 49 resident grounds, water, batches and shadow buffers
  ---
  duration_ms: 25.3391
  ...
# Subtest: suppression updates one asset slot, its shadow/coverage/contact population and bounds without retiring terrain; restoration remains possible
ok 468 - suppression updates one asset slot, its shadow/coverage/contact population and bounds without retiring terrain; restoration remains possible
  ---
  duration_ms: 41.3647
  ...
# Subtest: navigation suppression changes invalidate contacts and hands only when resident props change; offscreen suppressions never force streaming
ok 469 - navigation suppression changes invalidate contacts and hands only when resident props change; offscreen suppressions never force streaming
  ---
  duration_ms: 7.1776
  ...
# Subtest: an affected asset pool retires its material and instance buffer while preserving shared water geometry
ok 470 - an affected asset pool retires its material and instance buffer while preserving shared water geometry
  ---
  duration_ms: 0.9712
  ...
# Subtest: Seed-712 exhausted warthog reaches its original exit around the Ethiopian village, including reload
ok 471 - Seed-712 exhausted warthog reaches its original exit around the Ethiopian village, including reload
  ---
  duration_ms: 7205.9071
  ...
# Subtest: Heap frontier matches stable sorting under interleaved insertions and removals
ok 472 - Heap frontier matches stable sorting under interleaved insertions and removals
  ---
  duration_ms: 241.4728
  ...
# Subtest: static frames reuse both depth attachments while movement, explicit invalidation and target replacement redraw
ok 473 - static frames reuse both depth attachments while movement, explicit invalidation and target replacement redraw
  ---
  duration_ms: 23.708
  ...
# Subtest: unchanged instance uploads reuse shadows; active instance values, count and growth uniforms invalidate
ok 474 - unchanged instance uploads reuse shadows; active instance values, count and growth uniforms invalidate
  ---
  duration_ms: 4.772
  ...
# Subtest: geometry and per-object culling spheres invalidate depth without geometry or pose changes
ok 475 - geometry and per-object culling spheres invalidate depth without geometry or pose changes
  ---
  duration_ms: 7.251
  ...
# Subtest: skin poses, morphs, cut holes, alpha textures, clipping and geometry replacement invalidate
ok 476 - skin poses, morphs, cut holes, alpha textures, clipping and geometry replacement invalidate
  ---
  duration_ms: 8.218
  ...
# Subtest: unknown callbacks and custom depth shaders never reuse; failed draws never commit a snapshot
ok 477 - unknown callbacks and custom depth shaders never reuse; failed draws never commit a snapshot
  ---
  duration_ms: 10.564
  ...
# Subtest: temporary asset proxies participate before cache comparison and wrappers release in reverse order
ok 478 - temporary asset proxies participate before cache comparison and wrappers release in reverse order
  ---
  duration_ms: 6.5336
  ...
# Subtest: context loss/restoration invalidates cached textures and disposal removes listeners
ok 479 - context loss/restoration invalidates cached textures and disposal removes listeners
  ---
  duration_ms: 3.5818
  ...
# Subtest: instanced interleaved geometry compares its active prefix, including divisor and count
ok 480 - instanced interleaved geometry compares its active prefix, including divisor and count
  ---
  duration_ms: 3.7428
  ...
# Subtest: terrain shadow VP matches the native light and quantized focus through positive, negative and distant targets
ok 481 - terrain shadow VP matches the native light and quantized focus through positive, negative and distant targets
  ---
  duration_ms: 10.2523
  ...
# Subtest: focus ignores terrain height and sub-grid movement but advances at the native grid boundary
ok 482 - focus ignores terrain height and sub-grid movement but advances at the native grid boundary
  ---
  duration_ms: 0.9548
  ...
# Subtest: quality changes replace allocated targets once and same resolution retains GPU resources
ok 483 - quality changes replace allocated targets once and same resolution retains GPU resources
  ---
  duration_ms: 0.8385
  ...
# Subtest: The original dome lasts twenty simulated seconds at its actual radius, without the timed demonstration impact
ok 484 - The original dome lasts twenty simulated seconds at its actual radius, without the timed demonstration impact
  ---
  duration_ms: 490.1156
  ...
# Subtest: Every species triggers one original block from a confirmed hit, on the 3D dome, with pause and reload
ok 485 - Every species triggers one original block from a confirmed hit, on the 3D dome, with pause and reload
  ---
  duration_ms: 514.72
  ...
# Subtest: Production shield mesh follows the world floor and has no incoming demonstration bolt
ok 486 - Production shield mesh follows the world floor and has no incoming demonstration bolt
  ---
  duration_ms: 170.4729
  ...
# (node:29052) ExperimentalWarning: Importing JSON modules is an experimental feature and might change at any time
# (Use `node --trace-warnings ...` to show where the warning was created)
# Subtest: sky shader and raw HDR decoder preserve the original lab output
ok 487 - sky shader and raw HDR decoder preserve the original lab output
  ---
  duration_ms: 2308.1866
  ...
# Subtest: native exponential sky fade follows simulated day time and survives reload
ok 488 - native exponential sky fade follows simulated day time and survives reload
  ---
  duration_ms: 0.5018
  ...
# Subtest: sky keeps camera rotation independent of translation and restores renderer on failure
ok 489 - sky keeps camera rotation independent of translation and restores renderer on failure
  ---
  duration_ms: 5.8372
  ...
# (node:19188) ExperimentalWarning: Importing JSON modules is an experimental feature and might change at any time
# (Use `node --trace-warnings ...` to show where the warning was created)
# Subtest: terrain camera tilt, distance, target and clearance reproduce the native instantaneous pose
ok 490 - terrain camera tilt, distance, target and clearance reproduce the native instantaneous pose
  ---
  duration_ms: 30.3319
  ...
# Subtest: actual camera stays above rendered triangles in six biomes and across negative chunk boundaries
ok 491 - actual camera stays above rendered triangles in six biomes and across negative chunk boundaries
  ---
  duration_ms: 3726.0983
  ...
# Subtest: focus keeps unrestricted travel and native canyon/home angles without altering simulation state
ok 492 - focus keeps unrestricted travel and native canyon/home angles without altering simulation state
  ---
  duration_ms: 2.8259
  ...
# Subtest: focus consumes pending damping before applying the new destination; unchanged frames retain the same eye
ok 493 - focus consumes pending damping before applying the new destination; unchanged frames retain the same eye
  ---
  duration_ms: 1.6525
  ...
# Subtest: real OrbitControls do not turn a cliff height correction into a moving camera on idle frames
ok 494 - real OrbitControls do not turn a cliff height correction into a moving camera on idle frames
  ---
  duration_ms: 13.3708
  ...
# Subtest: picking uses the protected camera even when input arrives before the next rendered frame
ok 495 - picking uses the protected camera even when input arrives before the next rendered frame
  ---
  duration_ms: 1.7442
  ...
# Subtest: native ground vertices, colors and normals match original lab in every biome and negative chunks
ok 496 - native ground vertices, colors and normals match original lab in every biome and negative chunks
  ---
  duration_ms: 12541.003
  ...
# Subtest: visual effects and debris support agree with raycast on native one-unit cells and chunk seams
ok 497 - visual effects and debris support agree with raycast on native one-unit cells and chunk seams
  ---
  duration_ms: 934.4675
  ...
# Subtest: native RGB vertex palette is converted once before lighting in both quality material types
ok 498 - native RGB vertex palette is converted once before lighting in both quality material types
  ---
  duration_ms: 5.4289
  ...
# Subtest: Basic readings advance only manually and do not create, plant or pay anything
ok 499 - Basic readings advance only manually and do not create, plant or pay anything
  ---
  duration_ms: 11.0808
  ...
# Subtest: An already placed native center is recognized without charging a second one
ok 500 - An already placed native center is recognized without charging a second one
  ---
  duration_ms: 11242.0455
  ...
# Subtest: The native farm resumes physical worker actions after reading, and completes only after a paid delivery
ok 501 - The native farm resumes physical worker actions after reading, and completes only after a paid delivery
  ---
  duration_ms: 6377.6438
  ...
# Subtest: Only a previously completed basic tutorial can be skipped; new magic still interrupts the second slot
ok 502 - Only a previously completed basic tutorial can be skipped; new magic still interrupts the second slot
  ---
  duration_ms: 1.7844
  ...
# Subtest: The first unknown raid and Shield pause together; known later raids never add another tutorial pause
ok 503 - The first unknown raid and Shield pause together; known later raids never add another tutorial pause
  ---
  duration_ms: 2.1597
  ...
# Subtest: Growth, Multiply and recovery have independent IDs; repeats and unrelated pauses remain intact
ok 504 - Growth, Multiply and recovery have independent IDs; repeats and unrelated pauses remain intact
  ---
  duration_ms: 0.6378
  ...
# Subtest: Loading preserves an unfinished reading and queue without replaying its sound or silently acknowledging it
ok 505 - Loading preserves an unfinished reading and queue without replaying its sound or silently acknowledging it
  ---
  duration_ms: 3.0878
  ...
# Subtest: Global profile writes merge seen IDs and malformed or unknown data cannot silence messages
ok 506 - Global profile writes merge seen IDs and malformed or unknown data cannot silence messages
  ---
  duration_ms: 4.7488
  ...
# Subtest: Storage failure leaves the slot acknowledged and playable without manufacturing a global completion
ok 507 - Storage failure leaves the slot acknowledged and playable without manufacturing a global completion
  ---
  duration_ms: 11.5974
  ...
# Subtest: Victory is narrated per campaign before the result choices, and expansion appears after hiring
ok 508 - Victory is narrated per campaign before the result choices, and expansion appears after hiring
  ---
  duration_ms: 1.827
  ...
# Subtest: Snapshots reject unknown tutorial IDs and incoherent modal pauses while retaining legacy slots
ok 509 - Snapshots reject unknown tutorial IDs and incoherent modal pauses while retaining legacy slots
  ---
  duration_ms: 2.8591
  ...
# Subtest: A loaded defeat takes priority over an unfinished explanation without marking that message seen
ok 510 - A loaded defeat takes priority over an unfinished explanation without marking that message seen
  ---
  duration_ms: 0.361
  ...
# Subtest: Profile memory lives outside slot listings and never changes another slot snapshot
ok 511 - Profile memory lives outside slot listings and never changes another slot snapshot
  ---
  duration_ms: 0.9998
  ...
# Subtest: sabana/mapungubwe: real terrain sowing, watering, maturity, crate and settlement
ok 512 - sabana/mapungubwe: real terrain sowing, watering, maturity, crate and settlement
  ---
  duration_ms: 10717.9265
  ...
# Subtest: sabana/saheliana: real terrain sowing, watering, maturity, crate and settlement
ok 513 - sabana/saheliana: real terrain sowing, watering, maturity, crate and settlement
  ---
  duration_ms: 7862.3653
  ...
# Subtest: sabana/suajili: real terrain sowing, watering, maturity, crate and settlement
ok 514 - sabana/suajili: real terrain sowing, watering, maturity, crate and settlement
  ---
  duration_ms: 7932.0723
  ...
# Subtest: sabana/musgum: real terrain sowing, watering, maturity, crate and settlement
ok 515 - sabana/musgum: real terrain sowing, watering, maturity, crate and settlement
  ---
  duration_ms: 7480.0907
  ...
# Subtest: sabana/etiope: real terrain sowing, watering, maturity, crate and settlement
ok 516 - sabana/etiope: real terrain sowing, watering, maturity, crate and settlement
  ---
  duration_ms: 6752.5524
  ...
# Subtest: gran-rio/mapungubwe: real terrain sowing, watering, maturity, crate and settlement
ok 517 - gran-rio/mapungubwe: real terrain sowing, watering, maturity, crate and settlement
  ---
  duration_ms: 2067.0996
  ...
# Subtest: gran-rio/saheliana: real terrain sowing, watering, maturity, crate and settlement
ok 518 - gran-rio/saheliana: real terrain sowing, watering, maturity, crate and settlement
  ---
  duration_ms: 7319.774
  ...
# Subtest: gran-rio/suajili: real terrain sowing, watering, maturity, crate and settlement
ok 519 - gran-rio/suajili: real terrain sowing, watering, maturity, crate and settlement
  ---
  duration_ms: 6083.0205
  ...
# Subtest: gran-rio/musgum: real terrain sowing, watering, maturity, crate and settlement
ok 520 - gran-rio/musgum: real terrain sowing, watering, maturity, crate and settlement
  ---
  duration_ms: 6146.9184
  ...
# Subtest: gran-rio/etiope: real terrain sowing, watering, maturity, crate and settlement
ok 521 - gran-rio/etiope: real terrain sowing, watering, maturity, crate and settlement
  ---
  duration_ms: 8061.0745
  ...
# Subtest: manglares/mapungubwe: real terrain sowing, watering, maturity, crate and settlement
ok 522 - manglares/mapungubwe: real terrain sowing, watering, maturity, crate and settlement
  ---
  duration_ms: 3184.9556
  ...
# Subtest: manglares/saheliana: real terrain sowing, watering, maturity, crate and settlement
ok 523 - manglares/saheliana: real terrain sowing, watering, maturity, crate and settlement
  ---
  duration_ms: 2221.2997
  ...
# Subtest: manglares/suajili: real terrain sowing, watering, maturity, crate and settlement
ok 524 - manglares/suajili: real terrain sowing, watering, maturity, crate and settlement
  ---
  duration_ms: 2085.7275
  ...
# Subtest: manglares/musgum: real terrain sowing, watering, maturity, crate and settlement
ok 525 - manglares/musgum: real terrain sowing, watering, maturity, crate and settlement
  ---
  duration_ms: 2066.7465
  ...
# Subtest: manglares/etiope: real terrain sowing, watering, maturity, crate and settlement
ok 526 - manglares/etiope: real terrain sowing, watering, maturity, crate and settlement
  ---
  duration_ms: 2035.0759
  ...
# Subtest: volcanes/mapungubwe: real terrain sowing, watering, maturity, crate and settlement
ok 527 - volcanes/mapungubwe: real terrain sowing, watering, maturity, crate and settlement
  ---
  duration_ms: 9355.9797
  ...
# Subtest: volcanes/saheliana: real terrain sowing, watering, maturity, crate and settlement
ok 528 - volcanes/saheliana: real terrain sowing, watering, maturity, crate and settlement
  ---
  duration_ms: 14176.5857
  ...
# Subtest: volcanes/suajili: real terrain sowing, watering, maturity, crate and settlement
ok 529 - volcanes/suajili: real terrain sowing, watering, maturity, crate and settlement
  ---
  duration_ms: 7128.513
  ...
# Subtest: volcanes/musgum: real terrain sowing, watering, maturity, crate and settlement
ok 530 - volcanes/musgum: real terrain sowing, watering, maturity, crate and settlement
  ---
  duration_ms: 11079.8853
  ...
# Subtest: volcanes/etiope: real terrain sowing, watering, maturity, crate and settlement
ok 531 - volcanes/etiope: real terrain sowing, watering, maturity, crate and settlement
  ---
  duration_ms: 82757.8997
  ...
# Subtest: gran-canon/mapungubwe: real terrain sowing, watering, maturity, crate and settlement
ok 532 - gran-canon/mapungubwe: real terrain sowing, watering, maturity, crate and settlement
  ---
  duration_ms: 733.3327
  ...
# Subtest: gran-canon/saheliana: real terrain sowing, watering, maturity, crate and settlement
ok 533 - gran-canon/saheliana: real terrain sowing, watering, maturity, crate and settlement
  ---
  duration_ms: 1432.4898
  ...
# Subtest: gran-canon/suajili: real terrain sowing, watering, maturity, crate and settlement
ok 534 - gran-canon/suajili: real terrain sowing, watering, maturity, crate and settlement
  ---
  duration_ms: 712.5233
  ...
# Subtest: gran-canon/musgum: real terrain sowing, watering, maturity, crate and settlement
ok 535 - gran-canon/musgum: real terrain sowing, watering, maturity, crate and settlement
  ---
  duration_ms: 555.8616
  ...
# Subtest: gran-canon/etiope: real terrain sowing, watering, maturity, crate and settlement
ok 536 - gran-canon/etiope: real terrain sowing, watering, maturity, crate and settlement
  ---
  duration_ms: 977.5878
  ...
# Subtest: desierto/mapungubwe: real terrain sowing, watering, maturity, crate and settlement
ok 537 - desierto/mapungubwe: real terrain sowing, watering, maturity, crate and settlement
  ---
  duration_ms: 1090.2127
  ...
# Subtest: desierto/saheliana: real terrain sowing, watering, maturity, crate and settlement
ok 538 - desierto/saheliana: real terrain sowing, watering, maturity, crate and settlement
  ---
  duration_ms: 1520.8664
  ...
# Subtest: desierto/suajili: real terrain sowing, watering, maturity, crate and settlement
ok 539 - desierto/suajili: real terrain sowing, watering, maturity, crate and settlement
  ---
  duration_ms: 752.3576
  ...
# Subtest: desierto/musgum: real terrain sowing, watering, maturity, crate and settlement
ok 540 - desierto/musgum: real terrain sowing, watering, maturity, crate and settlement
  ---
  duration_ms: 1031.401
  ...
# Subtest: desierto/etiope: real terrain sowing, watering, maturity, crate and settlement
ok 541 - desierto/etiope: real terrain sowing, watering, maturity, crate and settlement
  ---
  duration_ms: 916.1527
  ...
# Subtest: World surface replaces the demonstration crop bed and follows drifting sprite contacts
ok 542 - World surface replaces the demonstration crop bed and follows drifting sprite contacts
  ---
  duration_ms: 140.7626
  ...
# Subtest: VFX extraction traces the original atlas, 19 resources, 18 definitions and eight shaders
ok 543 - VFX extraction traces the original atlas, 19 resources, 18 definitions and eight shaders
  ---
  duration_ms: 21.7748
  ...
# Subtest: Day, sunset and night environment values match original source lighting and matrices
ok 544 - Day, sunset and night environment values match original source lighting and matrices
  ---
  duration_ms: 54.2011
  ...
# Subtest: All 18 compositions reproduce source scheduling, particles, tool poses, geometry and local lights
ok 545 - All 18 compositions reproduce source scheduling, particles, tool poses, geometry and local lights
  ---
  duration_ms: 7352.1678
  ...
# Subtest: Seven rigid particle geometries preserve every original position and normal
ok 546 - Seven rigid particle geometries preserve every original position and normal
  ---
  duration_ms: 124.5173
  ...
# Subtest: Atlas frames retain original inset, flipped rows and interpolated final frame
ok 547 - Atlas frames retain original inset, flipped rows and interpolated final frame
  ---
  duration_ms: 0.9934
  ...
# Subtest: Private VFX clocks freeze at zero elapsed, keep preview contacts external and clear resources
ok 548 - Private VFX clocks freeze at zero elapsed, keep preview contacts external and clear resources
  ---
  duration_ms: 72.0447
  ...
# Subtest: Original presentation caps bound dense particle bursts and layer switches hide their own outputs
ok 549 - Original presentation caps bound dense particle bursts and layer switches hide their own outputs
  ---
  duration_ms: 142.9631
  ...
# Subtest: shield domes and agricultural ribbons query global terrain and preserve their local vertices while projection is rebased
ok 550 - shield domes and agricultural ribbons query global terrain and preserve their local vertices while projection is rebased
  ---
  duration_ms: 593.3808
  ...
# Subtest: Terrain contact maps world heights into a translated, rotated and scaled effect frame
ok 551 - Terrain contact maps world heights into a translated, rotated and scaled effect frame
  ---
  duration_ms: 191.6598
  ...
# Subtest: Native debris follows original terrain heights in all six biomes without changing domain state
ok 552 - Native debris follows original terrain heights in all six biomes without changing domain state
  ---
  duration_ms: 128.5778
  ...
# Subtest: All 18 Three.js VFX preserve native solid, ribbon and sprite uploads before drawing
ok 553 - All 18 Three.js VFX preserve native solid, ribbon and sprite uploads before drawing
  ---
  duration_ms: 768.2382
  ...
# Subtest: Atlas upload preserves original flipped rows, linear sampling, straight alpha and shared ownership
ok 554 - Atlas upload preserves original flipped rows, linear sampling, straight alpha and shared ownership
  ---
  duration_ms: 90.1925
  ...
# Subtest: Root transforms orient particles and carry world camera planes, scale, fog and shadows into shaders
ok 555 - Root transforms orient particles and carry world camera planes, scale, fog and shadows into shaders
  ---
  duration_ms: 58.5218
  ...
# Subtest: Paused VFX keep solid and ribbon buffers stable, clear stops static effects and source layers remain selective
ok 556 - Paused VFX keep solid and ribbon buffers stable, clear stops static effects and source layers remain selective
  ---
  duration_ms: 102.0599
  ...
# Subtest: Effects never participate in interaction raycasts and release private resources before the shared atlas
ok 557 - Effects never participate in interaction raycasts and release private resources before the shared atlas
  ---
  duration_ms: 57.2471
  ...
# Subtest: Native environment retains distinct day, sunset and night lighting for particles
ok 558 - Native environment retains distinct day, sunset and night lighting for particles
  ---
  duration_ms: 2.2122
  ...
# Subtest: Two native local lights retain source positions/colors on world materials and disappear when stopped
ok 559 - Two native local lights retain source positions/colors on world materials and disappear when stopped
  ---
  duration_ms: 19.5388
  ...
# (node:30864) ExperimentalWarning: Importing JSON modules is an experimental feature and might change at any time
# (Use `node --trace-warnings ...` to show where the warning was created)
# Subtest: five village loaders bound every indexed unit without copying or restricting its shared geometry
ok 560 - five village loaders bound every indexed unit without copying or restricting its shared geometry
  ---
  duration_ms: 2221.8775
  ...
# Subtest: volcanic mask and radiance retain authored constants; only cel emission transport is adapted
ok 561 - volcanic mask and radiance retain authored constants; only cel emission transport is adapted
  ---
  duration_ms: 3.77
  ...
# Subtest: volcanic activation follows all six original manifests and composes with cel, textures and coverage
ok 562 - volcanic activation follows all six original manifests and composes with cel, textures and coverage
  ---
  duration_ms: 142.7509
  ...
# Subtest: Dragging submits only the completed world-space stroke and preserves curved samples
ok 563 - Dragging submits only the completed world-space stroke and preserves curved samples
  ---
  duration_ms: 6.5082
  ...
# Subtest: Pointer cancellation and disabling cannot submit a partial chain
ok 564 - Pointer cancellation and disabling cannot submit a partial chain
  ---
  duration_ms: 0.7015
  ...
# Subtest: Two-finger pan and zoom cancel drawing and never build on finger release
ok 565 - Two-finger pan and zoom cancel drawing and never build on finger release
  ---
  duration_ms: 0.5655
  ...
# Subtest: Short tap stays a tap while alternate camera buttons and Shift pass through
ok 566 - Short tap stays a tap while alternate camera buttons and Shift pass through
  ---
  duration_ms: 0.5818
  ...
# Subtest: Coalesced input keeps the native minimum spacing and disposal removes all handlers
ok 567 - Coalesced input keeps the native minimum spacing and disposal removes all handlers
  ---
  duration_ms: 0.6208
  ...
# Subtest: Native wall layout source and extracted module retain their hashes
ok 568 - Native wall layout source and extracted module retain their hashes
  ---
  duration_ms: 5.4858
  ...
# Subtest: Module sampling preserves original straight, curved and closed paths
ok 569 - Module sampling preserves original straight, curved and closed paths
  ---
  duration_ms: 3.3156
  ...
# Subtest: Enclosure graph and deterministic gates match source including crossings and T junctions
ok 570 - Enclosure graph and deterministic gates match source including crossings and T junctions
  ---
  duration_ms: 134.3459
  ...
# Subtest: Paid chain closes with one gate, no surcharge and exactly one idempotent debit
ok 571 - Paid chain closes with one gate, no surcharge and exactly one idempotent debit
  ---
  duration_ms: 25.4872
  ...
# Subtest: Preview never spends coins, reserves IDs or alters the enclosure and construction revalidates it
ok 572 - Preview never spends coins, reserves IDs or alters the enclosure and construction revalidates it
  ---
  duration_ms: 47.721
  ...
# Subtest: Invalid terrain, crop intersection and insufficient money leave state unchanged
ok 573 - Invalid terrain, crop intersection and insufficient money leave state unchanged
  ---
  duration_ms: 14.5275
  ...
# Subtest: Removing an automatic gate opens a persistent gap without refund or replacement
ok 574 - Removing an automatic gate opens a persistent gap without refund or replacement
  ---
  duration_ms: 7.4817
  ...
# Subtest: No global 240-module cap; shortened modules affect both sampled and swept obstacles
ok 575 - No global 240-module cap; shortened modules affect both sampled and swept obstacles
  ---
  duration_ms: 3.3038
  ...
# Subtest: Malformed persisted module scale and automatic gate flags are rejected
ok 576 - Malformed persisted module scale and automatic gate flags are rejected
  ---
  duration_ms: 1.8747
  ...
# Subtest: No-center and raid restrictions reject chains and removal without mutating money or modules
ok 577 - No-center and raid restrictions reject chains and removal without mutating money or modules
  ---
  duration_ms: 28.1685
  ...
# Subtest: Removing a reserved repair releases its worker and preserves the ledger
ok 578 - Removing a reserved repair releases its worker and preserves the ledger
  ---
  duration_ms: 2.4104
  ...
# Subtest: Native Bastion extraction preserves source and module hashes
ok 579 - Native Bastion extraction preserves source and module hashes
  ---
  duration_ms: 5.0549
  ...
# Subtest: All materials and gate stages agree with the original native renderer
ok 580 - All materials and gate stages agree with the original native renderer
  ---
  duration_ms: 18.2765
  ...
# Subtest: Every original regional bridge keeps triangle pivots and exact native trajectories
ok 581 - Every original regional bridge keeps triangle pivots and exact native trajectories
  ---
  duration_ms: 1771.0107
  ...
# Subtest: Production wall renders opaque native rubble, preserves gate scale and disposes private geometry
ok 582 - Production wall renders opaque native rubble, preserves gate scale and disposes private geometry
  ---
  duration_ms: 616.8124
  ...
# Subtest: Collapse follows simulated remainder and reconstructs correctly after loading or repair
ok 583 - Collapse follows simulated remainder and reconstructs correctly after loading or repair
  ---
  duration_ms: 45.7852
  ...
# Subtest: Ordinary damage uses native 480 ms cubic easing, pauses hold it and collapse overrides it
ok 584 - Ordinary damage uses native 480 ms cubic easing, pauses hold it and collapse overrides it
  ---
  duration_ms: 99.9903
  ...
# Subtest: Articulated leaves retain finite native damage bridges and reconstruct the original closed pose
ok 585 - Articulated leaves retain finite native damage bridges and reconstruct the original closed pose
  ---
  duration_ms: 2269.7285
  ...
# (node:28452) ExperimentalWarning: Importing JSON modules is an experimental feature and might change at any time
# (Use `node --trace-warnings ...` to show where the warning was created)
# Subtest: river and wetland vertices reproduce the source recipe across six biomes and chunk boundaries
ok 586 - river and wetland vertices reproduce the source recipe across six biomes and chunk boundaries
  ---
  duration_ms: 437.1605
  ...
# Subtest: pond and lava pool fans preserve original outline, local level and transformed instance placement
ok 587 - pond and lava pool fans preserve original outline, local level and transformed instance placement
  ---
  duration_ms: 10.3843
  ...
# Subtest: painted fluids evaluate transformed world coordinates for instanced pools
ok 588 - painted fluids evaluate transformed world coordinates for instanced pools
  ---
  duration_ms: 0.8401
  ...
# Subtest: unloading a chunk releases private instance buffers and retains shared water resources
ok 589 - unloading a chunk releases private instance buffers and retains shared water resources
  ---
  duration_ms: 5.2925
  ...
# Subtest: pool fragments keep the original half-open chunk clip and independent bounds
ok 590 - pool fragments keep the original half-open chunk clip and independent bounds
  ---
  duration_ms: 1.9768
  ...
# (node:2392) ExperimentalWarning: Importing JSON modules is an experimental feature and might change at any time
# (Use `node --trace-warnings ...` to show where the warning was created)
# Subtest: all twenty original GLBs resolve to one distinct runtime variant
ok 591 - all twenty original GLBs resolve to one distinct runtime variant
  ---
  duration_ms: 2.736
  ...
# Subtest: native pages, injected scripts, JSON and stylesheets use their actual resolution context
ok 592 - native pages, injected scripts, JSON and stylesheets use their actual resolution context
  ---
  duration_ms: 1.7217
  ...
# Subtest: native menu and library receive local decoding before their original parsers
ok 593 - native menu and library receive local decoding before their original parsers
  ---
  duration_ms: 77.1139
  ...
# Subtest: Initial planting and first water track the four original profile speeds in separate phases
ok 594 - Initial planting and first water track the four original profile speeds in separate phases
  ---
  duration_ms: 4.3675
  ...
# Subtest: Paid legal work presents native dig, water and harvest without changing state, including pause and reload
ok 595 - Paid legal work presents native dig, water and harvest without changing state, including pause and reload
  ---
  duration_ms: 637.2078
  ...
# Subtest: Cancelling a task immediately releases its VFX and leaves no static ribbon or private resources
ok 596 - Cancelling a task immediately releases its VFX and leaves no static ribbon or private resources
  ---
  duration_ms: 75.1293
  ...
# Subtest: Visual floor sampling matches the exact rendered triangle and diagonal across negative chunk seams
ok 597 - Visual floor sampling matches the exact rendered triangle and diagonal across negative chunk seams
  ---
  duration_ms: 1.7824
  ...
# Subtest: youngMale: Three loads and applies every native action to its real rig
ok 598 - youngMale: Three loads and applies every native action to its real rig
  ---
  duration_ms: 757.5958
  ...
# Subtest: olderMale: Three loads and applies every native action to its real rig
ok 599 - olderMale: Three loads and applies every native action to its real rig
  ---
  duration_ms: 374.7918
  ...
# Subtest: olderFemale: Three loads and applies every native action to its real rig
ok 600 - olderFemale: Three loads and applies every native action to its real rig
  ---
  duration_ms: 497.7975
  ...
# Subtest: youngFemale: Three loads and applies every native action to its real rig
ok 601 - youngFemale: Three loads and applies every native action to its real rig
  ---
  duration_ms: 357.7999
  ...
# Subtest: youngMale: native action tracks are finite and preserve their last key
ok 602 - youngMale: native action tracks are finite and preserve their last key
  ---
  duration_ms: 133.7416
  ...
# Subtest: olderMale: native action tracks are finite and preserve their last key
ok 603 - olderMale: native action tracks are finite and preserve their last key
  ---
  duration_ms: 128.8092
  ...
# Subtest: olderFemale: native action tracks are finite and preserve their last key
ok 604 - olderFemale: native action tracks are finite and preserve their last key
  ---
  duration_ms: 138.5398
  ...
# Subtest: youngFemale: native action tracks are finite and preserve their last key
ok 605 - youngFemale: native action tracks are finite and preserve their last key
  ---
  duration_ms: 67.2398
  ...
# Subtest: Combined initial work shows planting followed by first watering for both age speeds
ok 606 - Combined initial work shows planting followed by first watering for both age speeds
  ---
  duration_ms: 1.3085
  ...
# Subtest: Incapacitation retreats using slowed Run; first hit holds the native Fall instead
ok 607 - Incapacitation retreats using slowed Run; first hit holds the native Fall instead
  ---
  duration_ms: 0.5308
  ...
# Subtest: Carrying uses the original crate and idle uses the supplied resting pose
ok 608 - Carrying uses the original crate and idle uses the supplied resting pose
  ---
  duration_ms: 0.2834
  ...
# (node:29728) ExperimentalWarning: Importing JSON modules is an experimental feature and might change at any time
# (Use `node --trace-warnings ...` to show where the warning was created)
# Subtest: fluid uniforms match the original renderer recipe for all biome palettes and seeds
ok 609 - fluid uniforms match the original renderer recipe for all biome palettes and seeds
  ---
  duration_ms: 623.1718
  ...
# Subtest: animation uses integrated simulated time once and shader converts flat inks to linear
ok 610 - animation uses integrated simulated time once and shader converts flat inks to linear
  ---
  duration_ms: 3.027
  ...
# Subtest: toon retains the same fractional dusk phase as the sky after reload
ok 611 - toon retains the same fractional dusk phase as the sky after reload
  ---
  duration_ms: 26.5397
  ...
# Subtest: world reflections retain the supplied equirectangular HDR sampling, roughness LOD and night fill
ok 612 - world reflections retain the supplied equirectangular HDR sampling, roughness LOD and night fill
  ---
  duration_ms: 10.196
  ...
# Subtest: already compiled world materials share radiance textures, simulated night and changing sky yaw without texture clones
ok 613 - already compiled world materials share radiance textures, simulated night and changing sky yaw without texture clones
  ---
  duration_ms: 3.8046
  ...
# Subtest: native wet prop material composes reflected radiance with tangent normals, roughness, cel and coverage
ok 614 - native wet prop material composes reflected radiance with tangent normals, roughness, cel and coverage
  ---
  duration_ms: 8.8032
  ...
# Subtest: Navigation refuses a blocked destination, including routes shorter than one step
ok 615 - Navigation refuses a blocked destination, including routes shorter than one step
  ---
  duration_ms: 5.5694
  ...
# Subtest: sabana/mapungubwe/712: original terrain supports initial village and employee route
ok 616 - sabana/mapungubwe/712: original terrain supports initial village and employee route
  ---
  duration_ms: 6998.6199
  ...
# Subtest: sabana/saheliana/712: original terrain supports initial village and employee route
ok 617 - sabana/saheliana/712: original terrain supports initial village and employee route
  ---
  duration_ms: 6865.2614
  ...
# Subtest: sabana/suajili/712: original terrain supports initial village and employee route
ok 618 - sabana/suajili/712: original terrain supports initial village and employee route
  ---
  duration_ms: 7678.4792
  ...
# Subtest: sabana/musgum/712: original terrain supports initial village and employee route
ok 619 - sabana/musgum/712: original terrain supports initial village and employee route
  ---
  duration_ms: 6978.5903
  ...
# Subtest: sabana/etiope/712: original terrain supports initial village and employee route
ok 620 - sabana/etiope/712: original terrain supports initial village and employee route
  ---
  duration_ms: 6357.4063
  ...
# Subtest: gran-rio/mapungubwe/712: original terrain supports initial village and employee route
ok 621 - gran-rio/mapungubwe/712: original terrain supports initial village and employee route
  ---
  duration_ms: 1694.4346
  ...
# Subtest: gran-rio/saheliana/712: original terrain supports initial village and employee route
ok 622 - gran-rio/saheliana/712: original terrain supports initial village and employee route
  ---
  duration_ms: 6580.7575
  ...
# Subtest: gran-rio/suajili/712: original terrain supports initial village and employee route
ok 623 - gran-rio/suajili/712: original terrain supports initial village and employee route
  ---
  duration_ms: 5594.7895
  ...
# Subtest: gran-rio/musgum/712: original terrain supports initial village and employee route
ok 624 - gran-rio/musgum/712: original terrain supports initial village and employee route
  ---
  duration_ms: 5598.6464
  ...
# Subtest: gran-rio/etiope/712: original terrain supports initial village and employee route
ok 625 - gran-rio/etiope/712: original terrain supports initial village and employee route
  ---
  duration_ms: 7316.2301
  ...
# Subtest: manglares/mapungubwe/712: original terrain supports initial village and employee route
ok 626 - manglares/mapungubwe/712: original terrain supports initial village and employee route
  ---
  duration_ms: 2177.9646
  ...
# Subtest: manglares/saheliana/712: original terrain supports initial village and employee route
ok 627 - manglares/saheliana/712: original terrain supports initial village and employee route
  ---
  duration_ms: 2673.9139
  ...
# Subtest: manglares/suajili/712: original terrain supports initial village and employee route
ok 628 - manglares/suajili/712: original terrain supports initial village and employee route
  ---
  duration_ms: 1461.5373
  ...
# Subtest: manglares/musgum/712: original terrain supports initial village and employee route
ok 629 - manglares/musgum/712: original terrain supports initial village and employee route
  ---
  duration_ms: 1410.9387
  ...
# Subtest: manglares/etiope/712: original terrain supports initial village and employee route
ok 630 - manglares/etiope/712: original terrain supports initial village and employee route
  ---
  duration_ms: 1855.8263
  ...
# Subtest: volcanes/mapungubwe/712: original terrain supports initial village and employee route
ok 631 - volcanes/mapungubwe/712: original terrain supports initial village and employee route
  ---
  duration_ms: 9386.1093
  ...
# Subtest: volcanes/saheliana/712: original terrain supports initial village and employee route
ok 632 - volcanes/saheliana/712: original terrain supports initial village and employee route
  ---
  duration_ms: 14576.6844
  ...
# Subtest: volcanes/suajili/712: original terrain supports initial village and employee route
ok 633 - volcanes/suajili/712: original terrain supports initial village and employee route
  ---
  duration_ms: 6252.3091
  ...
# Subtest: volcanes/musgum/712: original terrain supports initial village and employee route
ok 634 - volcanes/musgum/712: original terrain supports initial village and employee route
  ---
  duration_ms: 10952.2687
  ...
# Subtest: volcanes/etiope/712: original terrain supports initial village and employee route
ok 635 - volcanes/etiope/712: original terrain supports initial village and employee route
  ---
  duration_ms: 77881.0906
  ...
# Subtest: gran-canon/mapungubwe/712: original terrain supports initial village and employee route
ok 636 - gran-canon/mapungubwe/712: original terrain supports initial village and employee route
  ---
  duration_ms: 530.7863
  ...
# Subtest: gran-canon/saheliana/712: original terrain supports initial village and employee route
ok 637 - gran-canon/saheliana/712: original terrain supports initial village and employee route
  ---
  duration_ms: 671.9394
  ...
# Subtest: gran-canon/suajili/712: original terrain supports initial village and employee route
ok 638 - gran-canon/suajili/712: original terrain supports initial village and employee route
  ---
  duration_ms: 512.0189
  ...
# Subtest: gran-canon/musgum/712: original terrain supports initial village and employee route
ok 639 - gran-canon/musgum/712: original terrain supports initial village and employee route
  ---
  duration_ms: 572.6474
  ...
# Subtest: gran-canon/etiope/712: original terrain supports initial village and employee route
ok 640 - gran-canon/etiope/712: original terrain supports initial village and employee route
  ---
  duration_ms: 411.6708
  ...
# Subtest: desierto/mapungubwe/712: original terrain supports initial village and employee route
ok 641 - desierto/mapungubwe/712: original terrain supports initial village and employee route
  ---
  duration_ms: 733.146
  ...
# Subtest: desierto/saheliana/712: original terrain supports initial village and employee route
ok 642 - desierto/saheliana/712: original terrain supports initial village and employee route
  ---
  duration_ms: 1412.9807
  ...
# Subtest: desierto/suajili/712: original terrain supports initial village and employee route
ok 643 - desierto/suajili/712: original terrain supports initial village and employee route
  ---
  duration_ms: 726.3885
  ...
# Subtest: desierto/musgum/712: original terrain supports initial village and employee route
ok 644 - desierto/musgum/712: original terrain supports initial village and employee route
  ---
  duration_ms: 659.1834
  ...
# Subtest: desierto/etiope/712: original terrain supports initial village and employee route
ok 645 - desierto/etiope/712: original terrain supports initial village and employee route
  ---
  duration_ms: 1674.5702
  ...
# Subtest: sabana/mapungubwe/918271: original terrain supports initial village and employee route
ok 646 - sabana/mapungubwe/918271: original terrain supports initial village and employee route
  ---
  duration_ms: 2283.3783
  ...
# Subtest: sabana/saheliana/918271: original terrain supports initial village and employee route
ok 647 - sabana/saheliana/918271: original terrain supports initial village and employee route
  ---
  duration_ms: 2076.4224
  ...
# Subtest: sabana/suajili/918271: original terrain supports initial village and employee route
ok 648 - sabana/suajili/918271: original terrain supports initial village and employee route
  ---
  duration_ms: 7217.591
  ...
# Subtest: sabana/musgum/918271: original terrain supports initial village and employee route
ok 649 - sabana/musgum/918271: original terrain supports initial village and employee route
  ---
  duration_ms: 1123.5854
  ...
# Subtest: sabana/etiope/918271: original terrain supports initial village and employee route
ok 650 - sabana/etiope/918271: original terrain supports initial village and employee route
  ---
  duration_ms: 1684.3181
  ...
# Subtest: gran-rio/mapungubwe/918271: original terrain supports initial village and employee route
ok 651 - gran-rio/mapungubwe/918271: original terrain supports initial village and employee route
  ---
  duration_ms: 1317.6472
  ...
# Subtest: gran-rio/saheliana/918271: original terrain supports initial village and employee route
ok 652 - gran-rio/saheliana/918271: original terrain supports initial village and employee route
  ---
  duration_ms: 1346.9967
  ...
# Subtest: gran-rio/suajili/918271: original terrain supports initial village and employee route
ok 653 - gran-rio/suajili/918271: original terrain supports initial village and employee route
  ---
  duration_ms: 10730.1906
  ...
# Subtest: gran-rio/musgum/918271: original terrain supports initial village and employee route
ok 654 - gran-rio/musgum/918271: original terrain supports initial village and employee route
  ---
  duration_ms: 1172.0165
  ...
# Subtest: gran-rio/etiope/918271: original terrain supports initial village and employee route
ok 655 - gran-rio/etiope/918271: original terrain supports initial village and employee route
  ---
  duration_ms: 1423.4611
  ...
# Subtest: manglares/mapungubwe/918271: original terrain supports initial village and employee route
ok 656 - manglares/mapungubwe/918271: original terrain supports initial village and employee route
  ---
  duration_ms: 884.0311
  ...
# Subtest: manglares/saheliana/918271: original terrain supports initial village and employee route
ok 657 - manglares/saheliana/918271: original terrain supports initial village and employee route
  ---
  duration_ms: 740.6082
  ...
# Subtest: manglares/suajili/918271: original terrain supports initial village and employee route
ok 658 - manglares/suajili/918271: original terrain supports initial village and employee route
  ---
  duration_ms: 580.9731
  ...
# Subtest: manglares/musgum/918271: original terrain supports initial village and employee route
ok 659 - manglares/musgum/918271: original terrain supports initial village and employee route
  ---
  duration_ms: 1041.6854
  ...
# Subtest: manglares/etiope/918271: original terrain supports initial village and employee route
ok 660 - manglares/etiope/918271: original terrain supports initial village and employee route
  ---
  duration_ms: 699.7791
  ...
# Subtest: volcanes/mapungubwe/918271: original terrain supports initial village and employee route
ok 661 - volcanes/mapungubwe/918271: original terrain supports initial village and employee route
  ---
  duration_ms: 1258.8603
  ...
# Subtest: volcanes/saheliana/918271: original terrain supports initial village and employee route
ok 662 - volcanes/saheliana/918271: original terrain supports initial village and employee route
  ---
  duration_ms: 1391.5226
  ...
# Subtest: volcanes/suajili/918271: original terrain supports initial village and employee route
ok 663 - volcanes/suajili/918271: original terrain supports initial village and employee route
  ---
  duration_ms: 11229.7133
  ...
# Subtest: volcanes/musgum/918271: original terrain supports initial village and employee route
ok 664 - volcanes/musgum/918271: original terrain supports initial village and employee route
  ---
  duration_ms: 2022.1564
  ...
# Subtest: volcanes/etiope/918271: original terrain supports initial village and employee route
ok 665 - volcanes/etiope/918271: original terrain supports initial village and employee route
  ---
  duration_ms: 8378.2156
  ...
# Subtest: gran-canon/mapungubwe/918271: original terrain supports initial village and employee route
ok 666 - gran-canon/mapungubwe/918271: original terrain supports initial village and employee route
  ---
  duration_ms: 214.7197
  ...
# Subtest: gran-canon/saheliana/918271: original terrain supports initial village and employee route
ok 667 - gran-canon/saheliana/918271: original terrain supports initial village and employee route
  ---
  duration_ms: 270.5624
  ...
# Subtest: gran-canon/suajili/918271: original terrain supports initial village and employee route
ok 668 - gran-canon/suajili/918271: original terrain supports initial village and employee route
  ---
  duration_ms: 167.8797
  ...
# Subtest: gran-canon/musgum/918271: original terrain supports initial village and employee route
ok 669 - gran-canon/musgum/918271: original terrain supports initial village and employee route
  ---
  duration_ms: 260.7164
  ...
# Subtest: gran-canon/etiope/918271: original terrain supports initial village and employee route
ok 670 - gran-canon/etiope/918271: original terrain supports initial village and employee route
  ---
  duration_ms: 529.7169
  ...
# Subtest: desierto/mapungubwe/918271: original terrain supports initial village and employee route
ok 671 - desierto/mapungubwe/918271: original terrain supports initial village and employee route
  ---
  duration_ms: 503.7213
  ...
# Subtest: desierto/saheliana/918271: original terrain supports initial village and employee route
ok 672 - desierto/saheliana/918271: original terrain supports initial village and employee route
  ---
  duration_ms: 677.7333
  ...
# Subtest: desierto/suajili/918271: original terrain supports initial village and employee route
ok 673 - desierto/suajili/918271: original terrain supports initial village and employee route
  ---
  duration_ms: 226.5149
  ...
# Subtest: desierto/musgum/918271: original terrain supports initial village and employee route
ok 674 - desierto/musgum/918271: original terrain supports initial village and employee route
  ---
  duration_ms: 898.3741
  ...
# Subtest: desierto/etiope/918271: original terrain supports initial village and employee route
ok 675 - desierto/etiope/918271: original terrain supports initial village and employee route
  ---
  duration_ms: 784.7179
  ...
1..675
# tests 675
# suites 0
# pass 675
# fail 0
# cancelled 0
# skipped 0
# todo 0
# duration_ms 466348.3523
