validate	Run npm test	﻿2026-10-03T03:16:18.0812123Z ##[group]Run npm test
validate	Run npm test	2026-10-03T03:16:18.0812415Z ^[[36;1mnpm test^[[0m
validate	Run npm test	2026-10-03T03:16:18.0874777Z shell: /usr/bin/bash -e {0}
validate	Run npm test	2026-10-03T03:16:18.0875049Z env:
validate	Run npm test	2026-10-03T03:16:18.0875325Z   pythonLocation: /opt/hostedtoolcache/Python/3.12.14/x64
validate	Run npm test	2026-10-03T03:16:18.0875780Z   PKG_CONFIG_PATH: /opt/hostedtoolcache/Python/3.12.14/x64/lib/pkgconfig
validate	Run npm test	2026-10-03T03:16:18.0876233Z   Python_ROOT_DIR: /opt/hostedtoolcache/Python/3.12.14/x64
validate	Run npm test	2026-10-03T03:16:18.0876631Z   Python2_ROOT_DIR: /opt/hostedtoolcache/Python/3.12.14/x64
validate	Run npm test	2026-10-03T03:16:18.0877022Z   Python3_ROOT_DIR: /opt/hostedtoolcache/Python/3.12.14/x64
validate	Run npm test	2026-10-03T03:16:18.0877419Z   LD_LIBRARY_PATH: /opt/hostedtoolcache/Python/3.12.14/x64/lib
validate	Run npm test	2026-10-03T03:16:18.0877775Z ##[endgroup]
validate	Run npm test	2026-10-03T03:16:18.2011196Z 
validate	Run npm test	2026-10-03T03:16:18.2011864Z > wild-guardians-africa@0.1.0 test
validate	Run npm test	2026-10-03T03:16:18.2012511Z > node --test tests
validate	Run npm test	2026-10-03T03:16:18.2012784Z 
validate	Run npm test	2026-10-03T03:16:18.2640936Z TAP version 13
validate	Run npm test	2026-10-03T03:16:20.1041377Z # Subtest: QA-017/019: eight canonical plant commands charge 309 and create only the approved checkpoints
validate	Run npm test	2026-10-03T03:16:20.1130835Z ok 1 - QA-017/019: eight canonical plant commands charge 309 and create only the approved checkpoints
validate	Run npm test	2026-10-03T03:16:20.1190069Z   ---
validate	Run npm test	2026-10-03T03:16:20.1266629Z   duration_ms: 5.161829
validate	Run npm test	2026-10-03T03:16:20.1284115Z   ...
validate	Run npm test	2026-10-03T03:16:20.1341149Z # Subtest: QA-009/018: attended millet and banana require 140/570 daylight seconds across an accelerated night
validate	Run npm test	2026-10-03T03:16:20.1342817Z ok 2 - QA-009/018: attended millet and banana require 140/570 daylight seconds across an accelerated night
validate	Run npm test	2026-10-03T03:16:20.1343829Z   ---
validate	Run npm test	2026-10-03T03:16:20.1344326Z   duration_ms: 484.253081
validate	Run npm test	2026-10-03T03:16:20.1344865Z   ...
validate	Run npm test	2026-10-03T03:16:20.1346071Z # Subtest: QA-019: physical care completes exactly the canonical number of waterings for every species, with no water charge
validate	Run npm test	2026-10-03T03:16:20.1347840Z ok 3 - QA-019: physical care completes exactly the canonical number of waterings for every species, with no water charge
validate	Run npm test	2026-10-03T03:16:20.1349054Z   ---
validate	Run npm test	2026-10-03T03:16:20.1349896Z   duration_ms: 714.144264
validate	Run npm test	2026-10-03T03:16:20.1372697Z   ...
validate	Run npm test	2026-10-03T03:16:20.1374351Z # Subtest: QA-015/020/021: one large step preserves banana checkpoint debt and freezes at 23.75 daylight seconds overdue
validate	Run npm test	2026-10-03T03:16:20.1383905Z ok 4 - QA-015/020/021: one large step preserves banana checkpoint debt and freezes at 23.75 daylight seconds overdue
validate	Run npm test	2026-10-03T03:16:20.1385196Z   ---
validate	Run npm test	2026-10-03T03:16:20.1385836Z   duration_ms: 6.167921
validate	Run npm test	2026-10-03T03:16:20.1386495Z   ...
validate	Run npm test	2026-10-03T03:16:20.1387903Z # Subtest: QA-022: ten seconds of remaining banana tolerance survive the full night then run out in daylight
validate	Run npm test	2026-10-03T03:16:20.1390266Z ok 5 - QA-022: ten seconds of remaining banana tolerance survive the full night then run out in daylight
validate	Run npm test	2026-10-03T03:16:20.1392215Z   ---
validate	Run npm test	2026-10-03T03:16:20.1406626Z   duration_ms: 36.006796
validate	Run npm test	2026-10-03T03:16:20.1417613Z   ...
validate	Run npm test	2026-10-03T03:16:20.1418918Z # Subtest: QA-023: a mature unrequested plant remains stable through four dawns without water or deterioration
validate	Run npm test	2026-10-03T03:16:20.1421025Z ok 6 - QA-023: a mature unrequested plant remains stable through four dawns without water or deterioration
validate	Run npm test	2026-10-03T03:16:20.1422078Z   ---
validate	Run npm test	2026-10-03T03:16:20.1422597Z   duration_ms: 139.682414
validate	Run npm test	2026-10-03T03:16:20.1423175Z   ...
validate	Run npm test	2026-10-03T03:16:20.1424475Z # Subtest: QA-024: first-care debt gates growth and long-tolerance cassava waits below maturity until final watering
validate	Run npm test	2026-10-03T03:16:20.1426418Z ok 7 - QA-024: first-care debt gates growth and long-tolerance cassava waits below maturity until final watering
validate	Run npm test	2026-10-03T03:16:20.1427338Z   ---
validate	Run npm test	2026-10-03T03:16:20.1427660Z   duration_ms: 77.813039
validate	Run npm test	2026-10-03T03:16:20.1428032Z   ...
validate	Run npm test	2026-10-03T03:16:20.1428956Z # Subtest: QA-015: large real frames stop at each dawn and charge only an explicitly confirmed daily contract once
validate	Run npm test	2026-10-03T03:16:20.1431129Z ok 8 - QA-015: large real frames stop at each dawn and charge only an explicitly confirmed daily contract once
validate	Run npm test	2026-10-03T03:16:20.1432303Z   ---
validate	Run npm test	2026-10-03T03:16:20.1432613Z   duration_ms: 158.855738
validate	Run npm test	2026-10-03T03:16:20.1432973Z   ...
validate	Run npm test	2026-10-03T03:16:20.1433799Z # Subtest: QA-029/031: Growth cannot cure dry pre-existing debt; manual watering resumes its 1.5 rate
validate	Run npm test	2026-10-03T03:16:20.1435046Z ok 9 - QA-029/031: Growth cannot cure dry pre-existing debt; manual watering resumes its 1.5 rate
validate	Run npm test	2026-10-03T03:16:20.1435760Z   ---
validate	Run npm test	2026-10-03T03:16:20.1436091Z   duration_ms: 3.422649
validate	Run npm test	2026-10-03T03:16:20.1436510Z   ...
validate	Run npm test	2026-10-03T03:16:20.1437374Z # Subtest: QA-024/029: Growth on a newly paid sprout never completes its initial sowing/watering task
validate	Run npm test	2026-10-03T03:16:20.1438679Z ok 10 - QA-024/029: Growth on a newly paid sprout never completes its initial sowing/watering task
validate	Run npm test	2026-10-03T03:16:20.1439449Z   ---
validate	Run npm test	2026-10-03T03:16:20.1440035Z   duration_ms: 1.591352
validate	Run npm test	2026-10-03T03:16:20.1440413Z   ...
validate	Run npm test	2026-10-03T03:16:20.1441320Z # Subtest: QA-030/032: a checkpoint at the exact Growth expiry is satisfied once with no deferred water task
validate	Run npm test	2026-10-03T03:16:20.1442722Z ok 11 - QA-030/032: a checkpoint at the exact Growth expiry is satisfied once with no deferred water task
validate	Run npm test	2026-10-03T03:16:20.1443525Z   ---
validate	Run npm test	2026-10-03T03:16:20.1443854Z   duration_ms: 6.561735
validate	Run npm test	2026-10-03T03:16:20.1444206Z   ...
validate	Run npm test	2026-10-03T03:16:20.1445115Z # Subtest: QA-030: each canonical species satisfies only the threshold crossed within the 30-second Growth effect
validate	Run npm test	2026-10-03T03:16:20.1446718Z ok 12 - QA-030: each canonical species satisfies only the threshold crossed within the 30-second Growth effect
validate	Run npm test	2026-10-03T03:16:20.1447581Z   ---
validate	Run npm test	2026-10-03T03:16:20.1447947Z   duration_ms: 66.052985
validate	Run npm test	2026-10-03T03:16:20.1448324Z   ...
validate	Run npm test	2026-10-03T03:16:20.1449355Z # Subtest: QA-029/031: an actual worker waters dry sunflower during Growth, then the next checkpoint is satisfied by magic
validate	Run npm test	2026-10-03T03:16:20.1452743Z ok 13 - QA-029/031: an actual worker waters dry sunflower during Growth, then the next checkpoint is satisfied by magic
validate	Run npm test	2026-10-03T03:16:20.1453670Z   ---
validate	Run npm test	2026-10-03T03:16:20.1454026Z   duration_ms: 13.735338
validate	Run npm test	2026-10-03T03:16:20.1454407Z   ...
validate	Run npm test	2026-10-03T03:16:20.1455599Z # Subtest: QA-025/026/028: mixed group harvest reserves distinct plants for two workers and pays each delivered crate once
validate	Run npm test	2026-10-03T03:16:20.1457297Z ok 14 - QA-025/026/028: mixed group harvest reserves distinct plants for two workers and pays each delivered crate once
validate	Run npm test	2026-10-03T03:16:20.1458222Z   ---
validate	Run npm test	2026-10-03T03:16:20.1458556Z   duration_ms: 27.967367
validate	Run npm test	2026-10-03T03:16:20.1458939Z   ...
validate	Run npm test	2026-10-03T03:16:20.1460174Z # Subtest: QA-027: group request inserts nearest-to-centre first while retaining an older watering task ahead of it
validate	Run npm test	2026-10-03T03:16:20.1461746Z ok 15 - QA-027: group request inserts nearest-to-centre first while retaining an older watering task ahead of it
validate	Run npm test	2026-10-03T03:16:20.1462921Z   ---
validate	Run npm test	2026-10-03T03:16:20.1463255Z   duration_ms: 0.645752
validate	Run npm test	2026-10-03T03:16:20.1463630Z   ...
validate	Run npm test	2026-10-03T03:16:20.1464530Z # Subtest: QA-033: Multiply requested before harvest does not reward a pickup after the effect expires
validate	Run npm test	2026-10-03T03:16:20.1465926Z ok 16 - QA-033: Multiply requested before harvest does not reward a pickup after the effect expires
validate	Run npm test	2026-10-03T03:16:20.1466750Z   ---
validate	Run npm test	2026-10-03T03:16:20.1467094Z   duration_ms: 16.536853
validate	Run npm test	2026-10-03T03:16:20.1467473Z   ...
validate	Run npm test	2026-10-03T03:16:20.1468590Z # Subtest: QA-034: male pickup within Multiply fixes one 21.6-valued crate, rounds delivery to 22 and survives reload
validate	Run npm test	2026-10-03T03:16:20.1471737Z ok 17 - QA-034: male pickup within Multiply fixes one 21.6-valued crate, rounds delivery to 22 and survives reload
validate	Run npm test	2026-10-03T03:16:20.1472662Z   ---
validate	Run npm test	2026-10-03T03:16:20.1473026Z   duration_ms: 14.508467
validate	Run npm test	2026-10-03T03:16:20.1473453Z   ...
validate	Run npm test	2026-10-03T03:16:20.1533750Z # Subtest: QA-011: accelerated night splits at raid arrival before moving the animal at normal speed
validate	Run npm test	2026-10-03T03:16:20.1560835Z ok 18 - QA-011: accelerated night splits at raid arrival before moving the animal at normal speed
validate	Run npm test	2026-10-03T03:16:20.1600432Z   ---
validate	Run npm test	2026-10-03T03:16:20.1601137Z   duration_ms: 7.823403
validate	Run npm test	2026-10-03T03:16:20.1602316Z   ...
validate	Run npm test	2026-10-03T03:16:20.1603544Z # Subtest: QA-011: one real frame straddling raid arrival matches two frames split at its boundary
validate	Run npm test	2026-10-03T03:16:20.1604879Z ok 19 - QA-011: one real frame straddling raid arrival matches two frames split at its boundary
validate	Run npm test	2026-10-03T03:16:20.1605640Z   ---
validate	Run npm test	2026-10-03T03:16:20.1605981Z   duration_ms: 1.742263
validate	Run npm test	2026-10-03T03:16:20.1606348Z   ...
validate	Run npm test	2026-10-03T03:16:20.1607052Z # Subtest: QA-009/010/015: 300 real daytime seconds and 60 calm-night seconds reach one blocked dawn
validate	Run npm test	2026-10-03T03:16:20.1607842Z ok 20 - QA-009/010/015: 300 real daytime seconds and 60 calm-night seconds reach one blocked dawn
validate	Run npm test	2026-10-03T03:16:20.1608297Z   ---
validate	Run npm test	2026-10-03T03:16:20.1608523Z   duration_ms: 153.342723
validate	Run npm test	2026-10-03T03:16:20.1608763Z   ...
validate	Run npm test	2026-10-03T03:16:20.1609302Z # Subtest: QA-009/010: fractional daylight-to-night frame uses each side of the boundary at its own speed
validate	Run npm test	2026-10-03T03:16:20.1610576Z ok 21 - QA-009/010: fractional daylight-to-night frame uses each side of the boundary at its own speed
validate	Run npm test	2026-10-03T03:16:20.1611094Z   ---
validate	Run npm test	2026-10-03T03:16:20.1611295Z   duration_ms: 0.471237
validate	Run npm test	2026-10-03T03:16:20.1611522Z   ...
validate	Run npm test	2026-10-03T03:16:20.1611948Z # Subtest: QA-010: a full calm night preserves growth and remaining water tolerance
validate	Run npm test	2026-10-03T03:16:20.1612574Z ok 22 - QA-010: a full calm night preserves growth and remaining water tolerance
validate	Run npm test	2026-10-03T03:16:20.1613007Z   ---
validate	Run npm test	2026-10-03T03:16:20.1613208Z   duration_ms: 39.85044
validate	Run npm test	2026-10-03T03:16:20.1613436Z   ...
validate	Run npm test	2026-10-03T03:16:20.1613910Z # Subtest: QA-012/013: only the last animal leaving restores accelerated night and emits one end
validate	Run npm test	2026-10-03T03:16:20.1614621Z ok 23 - QA-012/013: only the last animal leaving restores accelerated night and emits one end
validate	Run npm test	2026-10-03T03:16:20.1615053Z   ---
validate	Run npm test	2026-10-03T03:16:20.1615250Z   duration_ms: 0.98334
validate	Run npm test	2026-10-03T03:16:20.1615468Z   ...
validate	Run npm test	2026-10-03T03:16:20.1616248Z # Subtest: QA-007/014: blocked real-time advances preserve every field until all pause causes clear
validate	Run npm test	2026-10-03T03:16:20.1617494Z ok 24 - QA-007/014: blocked real-time advances preserve every field until all pause causes clear
validate	Run npm test	2026-10-03T03:16:20.1617954Z   ---
validate	Run npm test	2026-10-03T03:16:20.1618152Z   duration_ms: 0.454406
validate	Run npm test	2026-10-03T03:16:20.1618383Z   ...
validate	Run npm test	2026-10-03T03:16:20.1618865Z # Subtest: QA-037: all four profiles charge age wages once and preserve sex-independent contracts
validate	Run npm test	2026-10-03T03:16:20.1619923Z ok 25 - QA-037: all four profiles charge age wages once and preserve sex-independent contracts
validate	Run npm test	2026-10-03T03:16:20.1620672Z   ---
validate	Run npm test	2026-10-03T03:16:20.1620985Z   duration_ms: 9.062589
validate	Run npm test	2026-10-03T03:16:20.1621329Z   ...
validate	Run npm test	2026-10-03T03:16:20.1622141Z # Subtest: QA-039: confirming zero staff advances a recoverable farm without fictitious production
validate	Run npm test	2026-10-03T03:16:20.1623664Z ok 26 - QA-039: confirming zero staff advances a recoverable farm without fictitious production
validate	Run npm test	2026-10-03T03:16:20.1624379Z   ---
validate	Run npm test	2026-10-03T03:16:20.1624693Z   duration_ms: 23.962195
validate	Run npm test	2026-10-03T03:16:20.1625051Z   ...
validate	Run npm test	2026-10-03T03:16:20.1625733Z # Subtest: QA-040: real hiring with 100/20/0 living plants allocates six staff 4/1/1
validate	Run npm test	2026-10-03T03:16:20.1626761Z ok 27 - QA-040: real hiring with 100/20/0 living plants allocates six staff 4/1/1
validate	Run npm test	2026-10-03T03:16:20.1627384Z   ---
validate	Run npm test	2026-10-03T03:16:20.1627686Z   duration_ms: 34.351294
validate	Run npm test	2026-10-03T03:16:20.1628040Z   ...
validate	Run npm test	2026-10-03T03:16:20.1628756Z # Subtest: QA-041: scarce staff cover the most populated centers before assigning seconds
validate	Run npm test	2026-10-03T03:16:20.1630298Z ok 28 - QA-041: scarce staff cover the most populated centers before assigning seconds
validate	Run npm test	2026-10-03T03:16:20.1631225Z   ---
validate	Run npm test	2026-10-03T03:16:20.1631563Z   duration_ms: 4.875606
validate	Run npm test	2026-10-03T03:16:20.1631913Z   ...
validate	Run npm test	2026-10-03T03:16:20.1632638Z # Subtest: QA-042: tied scarcity uses creation order regardless of structure array order
validate	Run npm test	2026-10-03T03:16:20.1633719Z ok 29 - QA-042: tied scarcity uses creation order regardless of structure array order
validate	Run npm test	2026-10-03T03:16:20.1634367Z   ---
validate	Run npm test	2026-10-03T03:16:20.1634675Z   duration_ms: 1.08488
validate	Run npm test	2026-10-03T03:16:20.1635006Z   ...
validate	Run npm test	2026-10-03T03:16:20.1635970Z # Subtest: QA-042: equal weights and creation timestamps break ties by persistent ID
validate	Run npm test	2026-10-03T03:16:20.1637014Z ok 30 - QA-042: equal weights and creation timestamps break ties by persistent ID
validate	Run npm test	2026-10-03T03:16:20.1637657Z   ---
validate	Run npm test	2026-10-03T03:16:20.1637976Z   duration_ms: 13.771735
validate	Run npm test	2026-10-03T03:16:20.1638328Z   ...
validate	Run npm test	2026-10-03T03:16:20.1639012Z # Subtest: QA-043: eight workers divide 3/3/2 among empty centers and create no work
validate	Run npm test	2026-10-03T03:16:20.1640229Z ok 31 - QA-043: eight workers divide 3/3/2 among empty centers and create no work
validate	Run npm test	2026-10-03T03:16:20.1640855Z   ---
validate	Run npm test	2026-10-03T03:16:20.1641169Z   duration_ms: 28.430423
validate	Run npm test	2026-10-03T03:16:20.1641523Z   ...
validate	Run npm test	2026-10-03T03:16:20.1642239Z # Subtest: QA-044: species price, growth and water count do not change equal plant weights
validate	Run npm test	2026-10-03T03:16:20.1643358Z ok 32 - QA-044: species price, growth and water count do not change equal plant weights
validate	Run npm test	2026-10-03T03:16:20.1644085Z   ---
validate	Run npm test	2026-10-03T03:16:20.1644402Z   duration_ms: 1.677212
validate	Run npm test	2026-10-03T03:16:20.1644759Z   ...
validate	Run npm test	2026-10-03T03:16:20.1645542Z # Subtest: QA-045: vastly different village populations do not introduce a village-first quota
validate	Run npm test	2026-10-03T03:16:20.1646744Z ok 33 - QA-045: vastly different village populations do not introduce a village-first quota
validate	Run npm test	2026-10-03T03:16:20.1647428Z   ---
validate	Run npm test	2026-10-03T03:16:20.1647743Z   duration_ms: 4.7436
validate	Run npm test	2026-10-03T03:16:20.1648086Z   ...
validate	Run npm test	2026-10-03T03:16:20.1648952Z # Subtest: QA-046: four-profile hiring preserves balanced mixtures through unequal center quotas and save
validate	Run npm test	2026-10-03T03:16:20.1650504Z ok 34 - QA-046: four-profile hiring preserves balanced mixtures through unequal center quotas and save
validate	Run npm test	2026-10-03T03:16:20.1651271Z   ---
validate	Run npm test	2026-10-03T03:16:20.1651591Z   duration_ms: 15.236673
validate	Run npm test	2026-10-03T03:16:20.1651961Z   ...
validate	Run npm test	2026-10-03T03:16:20.1652795Z # Subtest: QA-049/050/051: new crops and a midday center do not transfer existing staff or crop bindings
validate	Run npm test	2026-10-03T03:16:20.1654054Z ok 35 - QA-049/050/051: new crops and a midday center do not transfer existing staff or crop bindings
validate	Run npm test	2026-10-03T03:16:20.1654785Z   ---
validate	Run npm test	2026-10-03T03:16:20.1655104Z   duration_ms: 286.726129
validate	Run npm test	2026-10-03T03:16:20.1655459Z   ...
validate	Run npm test	2026-10-03T03:16:20.1656486Z # Subtest: QA-052/143: founding changes territorial center assignment while current staff return to their original village
validate	Run npm test	2026-10-03T03:16:20.1658128Z ok 36 - QA-052/143: founding changes territorial center assignment while current staff return to their original village
validate	Run npm test	2026-10-03T03:16:20.1658997Z   ---
validate	Run npm test	2026-10-03T03:16:20.1659312Z   duration_ms: 175.227621
validate	Run npm test	2026-10-03T03:16:20.1659854Z   ...
validate	Run npm test	2026-10-03T03:16:20.1660669Z # Subtest: QA-052: territorial choice respects full detours and excludes unreachable village routes
validate	Run npm test	2026-10-03T03:16:20.1662162Z ok 37 - QA-052: territorial choice respects full detours and excludes unreachable village routes
validate	Run npm test	2026-10-03T03:16:20.1662895Z   ---
validate	Run npm test	2026-10-03T03:16:20.1663201Z   duration_ms: 2.126588
validate	Run npm test	2026-10-03T03:16:20.1663545Z   ...
validate	Run npm test	2026-10-03T03:20:30.2341759Z # Subtest: Sabana/Mapungubwe/712/olderFemale: sunflower farm sustains paid work, real deliveries and raids through night 100
validate	Run npm test	2026-10-03T03:20:30.2347703Z ok 38 - Sabana/Mapungubwe/712/olderFemale: sunflower farm sustains paid work, real deliveries and raids through night 100
validate	Run npm test	2026-10-03T03:20:30.2350398Z   ---
validate	Run npm test	2026-10-03T03:20:30.2350835Z   duration_ms: 136051.455284
validate	Run npm test	2026-10-03T03:20:30.2351315Z   ...
validate	Run npm test	2026-10-03T03:20:30.2352574Z # Subtest: Sabana/Mapungubwe/712/olderFemale: mixed eight-crop farm sustains paid work, real deliveries and raids through night 100
validate	Run npm test	2026-10-03T03:20:30.2356335Z ok 39 - Sabana/Mapungubwe/712/olderFemale: mixed eight-crop farm sustains paid work, real deliveries and raids through night 100
validate	Run npm test	2026-10-03T03:20:30.2357398Z   ---
validate	Run npm test	2026-10-03T03:20:30.2357787Z   duration_ms: 115458.285474
validate	Run npm test	2026-10-03T03:20:30.2358197Z   ...
validate	Run npm test	2026-10-03T03:20:30.2721186Z # Subtest: warthog: exhausted native body detours around a worker without a hit, speed increase or invalid segment
validate	Run npm test	2026-10-03T03:20:30.2726703Z ok 40 - warthog: exhausted native body detours around a worker without a hit, speed increase or invalid segment
validate	Run npm test	2026-10-03T03:20:30.2750694Z   ---
validate	Run npm test	2026-10-03T03:20:30.2751085Z   duration_ms: 9.294381
validate	Run npm test	2026-10-03T03:20:30.2751476Z   ...
validate	Run npm test	2026-10-03T03:20:30.2752498Z # Subtest: hyena: exhausted native body detours around a worker without a hit, speed increase or invalid segment
validate	Run npm test	2026-10-03T03:20:30.2754059Z ok 41 - hyena: exhausted native body detours around a worker without a hit, speed increase or invalid segment
validate	Run npm test	2026-10-03T03:20:30.2754935Z   ---
validate	Run npm test	2026-10-03T03:20:30.2755275Z   duration_ms: 2.275706
validate	Run npm test	2026-10-03T03:20:30.2755649Z   ...
validate	Run npm test	2026-10-03T03:20:30.2756651Z # Subtest: buffalo: exhausted native body detours around a worker without a hit, speed increase or invalid segment
validate	Run npm test	2026-10-03T03:20:30.2758239Z ok 42 - buffalo: exhausted native body detours around a worker without a hit, speed increase or invalid segment
validate	Run npm test	2026-10-03T03:20:30.2759119Z   ---
validate	Run npm test	2026-10-03T03:20:30.2759473Z   duration_ms: 5.266404
validate	Run npm test	2026-10-03T03:20:30.2760097Z   ...
validate	Run npm test	2026-10-03T03:20:30.2761113Z # Subtest: lion: exhausted native body detours around a worker without a hit, speed increase or invalid segment
validate	Run npm test	2026-10-03T03:20:30.2762663Z ok 43 - lion: exhausted native body detours around a worker without a hit, speed increase or invalid segment
validate	Run npm test	2026-10-03T03:20:30.2763468Z   ---
validate	Run npm test	2026-10-03T03:20:30.2763681Z   duration_ms: 4.893399
validate	Run npm test	2026-10-03T03:20:30.2763911Z   ...
validate	Run npm test	2026-10-03T03:20:30.2764477Z # Subtest: rhino: exhausted native body detours around a worker without a hit, speed increase or invalid segment
validate	Run npm test	2026-10-03T03:20:30.2765331Z ok 44 - rhino: exhausted native body detours around a worker without a hit, speed increase or invalid segment
validate	Run npm test	2026-10-03T03:20:30.2765810Z   ---
validate	Run npm test	2026-10-03T03:20:30.2766017Z   duration_ms: 1.623201
validate	Run npm test	2026-10-03T03:20:30.2766237Z   ...
validate	Run npm test	2026-10-03T03:20:30.2766770Z # Subtest: An occupied narrow static passage waits, keeps the exit, and resumes when the person reaches home
validate	Run npm test	2026-10-03T03:20:30.2767635Z ok 45 - An occupied narrow static passage waits, keeps the exit, and resumes when the person reaches home
validate	Run npm test	2026-10-03T03:20:30.2768147Z   ---
validate	Run npm test	2026-10-03T03:20:30.2768349Z   duration_ms: 14.300881
validate	Run npm test	2026-10-03T03:20:30.2768595Z   ...
validate	Run npm test	2026-10-03T03:20:30.2792428Z # Subtest: Workers avoid a retreating beast in both movement directions and charge only travelled running metres
validate	Run npm test	2026-10-03T03:20:30.2801120Z ok 46 - Workers avoid a retreating beast in both movement directions and charge only travelled running metres
validate	Run npm test	2026-10-03T03:20:30.2802376Z   ---
validate	Run npm test	2026-10-03T03:20:30.2814771Z   duration_ms: 9.238707
validate	Run npm test	2026-10-03T03:20:30.2815257Z   ...
validate	Run npm test	2026-10-03T03:20:30.2816307Z # Subtest: A worker blocked by a retreating body spends no reserve or gait time, then resumes the same paid route
validate	Run npm test	2026-10-03T03:20:30.2818193Z ok 47 - A worker blocked by a retreating body spends no reserve or gait time, then resumes the same paid route
validate	Run npm test	2026-10-03T03:20:30.2819062Z   ---
validate	Run npm test	2026-10-03T03:20:30.2819408Z   duration_ms: 5.616284
validate	Run npm test	2026-10-03T03:20:30.2820044Z   ...
validate	Run npm test	2026-10-03T03:20:30.2820872Z # Subtest: Two native animals crossing opposite ways maintain separation and both finish
validate	Run npm test	2026-10-03T03:20:30.2822115Z ok 48 - Two native animals crossing opposite ways maintain separation and both finish
validate	Run npm test	2026-10-03T03:20:30.2822923Z   ---
validate	Run npm test	2026-10-03T03:20:30.2823329Z   duration_ms: 2.443586
validate	Run npm test	2026-10-03T03:20:30.2823769Z   ...
validate	Run npm test	2026-10-03T03:20:30.2824610Z # Subtest: Saving midway through a detour preserves its route and deterministic motion
validate	Run npm test	2026-10-03T03:20:30.2825816Z ok 49 - Saving midway through a detour preserves its route and deterministic motion
validate	Run npm test	2026-10-03T03:20:30.2826541Z   ---
validate	Run npm test	2026-10-03T03:20:30.2826883Z   duration_ms: 2.135437
validate	Run npm test	2026-10-03T03:20:30.2827265Z   ...
validate	Run npm test	2026-10-03T03:20:30.2828280Z # Subtest: Physical clearance preserves active encounters but protects incapacitated people and exhausted states
validate	Run npm test	2026-10-03T03:20:30.2830124Z ok 50 - Physical clearance preserves active encounters but protects incapacitated people and exhausted states
validate	Run npm test	2026-10-03T03:20:30.2831053Z   ---
validate	Run npm test	2026-10-03T03:20:30.2831397Z   duration_ms: 0.355542
validate	Run npm test	2026-10-03T03:20:30.2832013Z   ...
validate	Run npm test	2026-10-03T03:20:30.2832967Z # Subtest: Legacy overlaps may escape continuously but cannot move deeper or across the other body
validate	Run npm test	2026-10-03T03:20:30.2834316Z ok 51 - Legacy overlaps may escape continuously but cannot move deeper or across the other body
validate	Run npm test	2026-10-03T03:20:30.2835127Z   ---
validate	Run npm test	2026-10-03T03:20:30.2835469Z   duration_ms: 0.248082
validate	Run npm test	2026-10-03T03:20:30.2835850Z   ...
validate	Run npm test	2026-10-03T03:20:30.2836787Z # Subtest: Crowded crop approaches are recomputed outside the other native bodies and the raid completes
validate	Run npm test	2026-10-03T03:20:30.2838236Z ok 52 - Crowded crop approaches are recomputed outside the other native bodies and the raid completes
validate	Run npm test	2026-10-03T03:20:30.2839054Z   ---
validate	Run npm test	2026-10-03T03:20:30.2839403Z   duration_ms: 35.167235
validate	Run npm test	2026-10-03T03:20:30.2860457Z   ...
validate	Run npm test	2026-10-03T03:20:30.2861360Z # Subtest: user source is preserved byte-for-byte and extracted function bodies are authentic
validate	Run npm test	2026-10-03T03:20:30.2862661Z ok 53 - user source is preserved byte-for-byte and extracted function bodies are authentic
validate	Run npm test	2026-10-03T03:20:30.2863446Z   ---
validate	Run npm test	2026-10-03T03:20:30.2863799Z   duration_ms: 3.469629
validate	Run npm test	2026-10-03T03:20:30.2864188Z   ...
validate	Run npm test	2026-10-03T03:20:30.2865061Z # Subtest: toon composes with native vertex deformation, preserves textures and depth materials
validate	Run npm test	2026-10-03T03:20:30.2866365Z ok 54 - toon composes with native vertex deformation, preserves textures and depth materials
validate	Run npm test	2026-10-03T03:20:30.2867138Z   ---
validate	Run npm test	2026-10-03T03:20:30.2867483Z   duration_ms: 3.000104
validate	Run npm test	2026-10-03T03:20:30.2867861Z   ...
validate	Run npm test	2026-10-03T03:20:30.2868728Z # Subtest: transparent VFX, basic overlays and painted water keep their native shader paths
validate	Run npm test	2026-10-03T03:20:30.2870228Z ok 55 - transparent VFX, basic overlays and painted water keep their native shader paths
validate	Run npm test	2026-10-03T03:20:30.2871001Z   ---
validate	Run npm test	2026-10-03T03:20:30.2871349Z   duration_ms: 1.655292
validate	Run npm test	2026-10-03T03:20:30.2871723Z   ...
validate	Run npm test	2026-10-03T03:20:30.2872645Z # Subtest: very low ground receives authentic toon bands without Three lighting or shadow dependencies
validate	Run npm test	2026-10-03T03:20:30.2874066Z ok 56 - very low ground receives authentic toon bands without Three lighting or shadow dependencies
validate	Run npm test	2026-10-03T03:20:30.2874886Z   ---
validate	Run npm test	2026-10-03T03:20:30.2875238Z   duration_ms: 0.672612
validate	Run npm test	2026-10-03T03:20:30.2875622Z   ...
validate	Run npm test	2026-10-03T03:20:30.2876719Z # Subtest: growth: native blessing lasts its approved simulated duration without hearts, extra gameplay or lost reload phase
validate	Run npm test	2026-10-03T03:20:30.2878447Z ok 57 - growth: native blessing lasts its approved simulated duration without hearts, extra gameplay or lost reload phase
validate	Run npm test	2026-10-03T03:20:30.2879414Z   ---
validate	Run npm test	2026-10-03T03:20:30.2879965Z   duration_ms: 178.448002
validate	Run npm test	2026-10-03T03:20:30.2880374Z   ...
validate	Run npm test	2026-10-03T03:20:30.2881494Z # Subtest: multiply: native blessing lasts its approved simulated duration without hearts, extra gameplay or lost reload phase
validate	Run npm test	2026-10-03T03:20:30.2883644Z ok 58 - multiply: native blessing lasts its approved simulated duration without hearts, extra gameplay or lost reload phase
validate	Run npm test	2026-10-03T03:20:30.2884638Z   ---
validate	Run npm test	2026-10-03T03:20:30.2884994Z   duration_ms: 86.190989
validate	Run npm test	2026-10-03T03:20:30.2885411Z   ...
validate	Run npm test	2026-10-03T03:20:30.2886425Z # Subtest: warthog/Right_Hand_Sword_Slash: complete native duration, one hit, saved progress and physical retreat
validate	Run npm test	2026-10-03T03:20:30.2887993Z ok 59 - warthog/Right_Hand_Sword_Slash: complete native duration, one hit, saved progress and physical retreat
validate	Run npm test	2026-10-03T03:20:30.2888893Z   ---
validate	Run npm test	2026-10-03T03:20:30.2889244Z   duration_ms: 4.898268
validate	Run npm test	2026-10-03T03:20:30.2890088Z   ...
validate	Run npm test	2026-10-03T03:20:30.2891105Z # Subtest: warthog/Charged_Upward_Slash: complete native duration, one hit, saved progress and physical retreat
validate	Run npm test	2026-10-03T03:20:30.2892664Z ok 60 - warthog/Charged_Upward_Slash: complete native duration, one hit, saved progress and physical retreat
validate	Run npm test	2026-10-03T03:20:30.2893558Z   ---
validate	Run npm test	2026-10-03T03:20:30.2893901Z   duration_ms: 0.502375
validate	Run npm test	2026-10-03T03:20:30.2894307Z   ...
validate	Run npm test	2026-10-03T03:20:30.2895226Z # Subtest: warthog/Weapon_Combo: complete native duration, one hit, saved progress and physical retreat
validate	Run npm test	2026-10-03T03:20:30.2896873Z ok 61 - warthog/Weapon_Combo: complete native duration, one hit, saved progress and physical retreat
validate	Run npm test	2026-10-03T03:20:30.2897695Z   ---
validate	Run npm test	2026-10-03T03:20:30.2898024Z   duration_ms: 0.740999
validate	Run npm test	2026-10-03T03:20:30.2898394Z   ...
validate	Run npm test	2026-10-03T03:20:30.2899322Z # Subtest: warthog/Weapon_Combo_2: complete native duration, one hit, saved progress and physical retreat
validate	Run npm test	2026-10-03T03:20:30.2901036Z ok 62 - warthog/Weapon_Combo_2: complete native duration, one hit, saved progress and physical retreat
validate	Run npm test	2026-10-03T03:20:30.2901879Z   ---
validate	Run npm test	2026-10-03T03:20:30.2902216Z   duration_ms: 0.485714
validate	Run npm test	2026-10-03T03:20:30.2902595Z   ...
validate	Run npm test	2026-10-03T03:20:30.2903566Z # Subtest: hyena/Right_Hand_Sword_Slash: complete native duration, one hit, saved progress and physical retreat
validate	Run npm test	2026-10-03T03:20:30.2905095Z ok 63 - hyena/Right_Hand_Sword_Slash: complete native duration, one hit, saved progress and physical retreat
validate	Run npm test	2026-10-03T03:20:30.2905969Z   ---
validate	Run npm test	2026-10-03T03:20:30.2906295Z   duration_ms: 0.430621
validate	Run npm test	2026-10-03T03:20:30.2906707Z   ...
validate	Run npm test	2026-10-03T03:20:30.2907701Z # Subtest: hyena/Charged_Upward_Slash: complete native duration, one hit, saved progress and physical retreat
validate	Run npm test	2026-10-03T03:20:30.2909273Z ok 64 - hyena/Charged_Upward_Slash: complete native duration, one hit, saved progress and physical retreat
validate	Run npm test	2026-10-03T03:20:30.2910329Z   ---
validate	Run npm test	2026-10-03T03:20:30.2910669Z   duration_ms: 0.500622
validate	Run npm test	2026-10-03T03:20:30.2911041Z   ...
validate	Run npm test	2026-10-03T03:20:30.2911944Z # Subtest: hyena/Weapon_Combo: complete native duration, one hit, saved progress and physical retreat
validate	Run npm test	2026-10-03T03:20:30.2913327Z ok 65 - hyena/Weapon_Combo: complete native duration, one hit, saved progress and physical retreat
validate	Run npm test	2026-10-03T03:20:30.2914146Z   ---
validate	Run npm test	2026-10-03T03:20:30.2914507Z   duration_ms: 0.550654
validate	Run npm test	2026-10-03T03:20:30.2914882Z   ...
validate	Run npm test	2026-10-03T03:20:30.2915792Z # Subtest: hyena/Weapon_Combo_2: complete native duration, one hit, saved progress and physical retreat
validate	Run npm test	2026-10-03T03:20:30.2917221Z ok 66 - hyena/Weapon_Combo_2: complete native duration, one hit, saved progress and physical retreat
validate	Run npm test	2026-10-03T03:20:30.2918036Z   ---
validate	Run npm test	2026-10-03T03:20:30.2918368Z   duration_ms: 0.442343
validate	Run npm test	2026-10-03T03:20:30.2918750Z   ...
validate	Run npm test	2026-10-03T03:20:30.2919958Z # Subtest: buffalo/Right_Hand_Sword_Slash: complete native duration, one hit, saved progress and physical retreat
validate	Run npm test	2026-10-03T03:20:30.2921520Z ok 67 - buffalo/Right_Hand_Sword_Slash: complete native duration, one hit, saved progress and physical retreat
validate	Run npm test	2026-10-03T03:20:30.2922396Z   ---
validate	Run npm test	2026-10-03T03:20:30.2922730Z   duration_ms: 0.719209
validate	Run npm test	2026-10-03T03:20:30.2923107Z   ...
validate	Run npm test	2026-10-03T03:20:30.2924103Z # Subtest: buffalo/Charged_Upward_Slash: complete native duration, one hit, saved progress and physical retreat
validate	Run npm test	2026-10-03T03:20:30.2927911Z ok 68 - buffalo/Charged_Upward_Slash: complete native duration, one hit, saved progress and physical retreat
validate	Run npm test	2026-10-03T03:20:30.2928808Z   ---
validate	Run npm test	2026-10-03T03:20:30.2929163Z   duration_ms: 0.665148
validate	Run npm test	2026-10-03T03:20:30.2929843Z   ...
validate	Run npm test	2026-10-03T03:20:30.2930801Z # Subtest: buffalo/Weapon_Combo: complete native duration, one hit, saved progress and physical retreat
validate	Run npm test	2026-10-03T03:20:30.2932259Z ok 69 - buffalo/Weapon_Combo: complete native duration, one hit, saved progress and physical retreat
validate	Run npm test	2026-10-03T03:20:30.2933091Z   ---
validate	Run npm test	2026-10-03T03:20:30.2933436Z   duration_ms: 0.768991
validate	Run npm test	2026-10-03T03:20:30.2933809Z   ...
validate	Run npm test	2026-10-03T03:20:30.2934756Z # Subtest: buffalo/Weapon_Combo_2: complete native duration, one hit, saved progress and physical retreat
validate	Run npm test	2026-10-03T03:20:30.2936204Z ok 70 - buffalo/Weapon_Combo_2: complete native duration, one hit, saved progress and physical retreat
validate	Run npm test	2026-10-03T03:20:30.2937048Z   ---
validate	Run npm test	2026-10-03T03:20:30.2937407Z   duration_ms: 0.701957
validate	Run npm test	2026-10-03T03:20:30.2937784Z   ...
validate	Run npm test	2026-10-03T03:20:30.2938771Z # Subtest: lion/Right_Hand_Sword_Slash: complete native duration, one hit, saved progress and physical retreat
validate	Run npm test	2026-10-03T03:20:30.2940490Z ok 71 - lion/Right_Hand_Sword_Slash: complete native duration, one hit, saved progress and physical retreat
validate	Run npm test	2026-10-03T03:20:30.2941364Z   ---
validate	Run npm test	2026-10-03T03:20:30.2941923Z   duration_ms: 0.831438
validate	Run npm test	2026-10-03T03:20:30.2942313Z   ...
validate	Run npm test	2026-10-03T03:20:30.2943440Z # Subtest: lion/Charged_Upward_Slash: complete native duration, one hit, saved progress and physical retreat
validate	Run npm test	2026-10-03T03:20:30.2944981Z ok 72 - lion/Charged_Upward_Slash: complete native duration, one hit, saved progress and physical retreat
validate	Run npm test	2026-10-03T03:20:30.2945824Z   ---
validate	Run npm test	2026-10-03T03:20:30.2946149Z   duration_ms: 3.284514
validate	Run npm test	2026-10-03T03:20:30.2946519Z   ...
validate	Run npm test	2026-10-03T03:20:30.2947418Z # Subtest: lion/Weapon_Combo: complete native duration, one hit, saved progress and physical retreat
validate	Run npm test	2026-10-03T03:20:30.2948789Z ok 73 - lion/Weapon_Combo: complete native duration, one hit, saved progress and physical retreat
validate	Run npm test	2026-10-03T03:20:30.2956024Z   ---
validate	Run npm test	2026-10-03T03:20:30.2956463Z   duration_ms: 0.824625
validate	Run npm test	2026-10-03T03:20:30.2956870Z   ...
validate	Run npm test	2026-10-03T03:20:30.2957820Z # Subtest: lion/Weapon_Combo_2: complete native duration, one hit, saved progress and physical retreat
validate	Run npm test	2026-10-03T03:20:30.2959250Z ok 74 - lion/Weapon_Combo_2: complete native duration, one hit, saved progress and physical retreat
validate	Run npm test	2026-10-03T03:20:30.2960401Z   ---
validate	Run npm test	2026-10-03T03:20:30.2960755Z   duration_ms: 0.697899
validate	Run npm test	2026-10-03T03:20:30.2961143Z   ...
validate	Run npm test	2026-10-03T03:20:30.2962096Z # Subtest: rhino/Right_Hand_Sword_Slash: complete native duration, one hit, saved progress and physical retreat
validate	Run npm test	2026-10-03T03:20:30.2963507Z ok 75 - rhino/Right_Hand_Sword_Slash: complete native duration, one hit, saved progress and physical retreat
validate	Run npm test	2026-10-03T03:20:30.2965264Z   ---
validate	Run npm test	2026-10-03T03:20:30.2965626Z   duration_ms: 0.567226
validate	Run npm test	2026-10-03T03:20:30.2966001Z   ...
validate	Run npm test	2026-10-03T03:20:30.2966996Z # Subtest: rhino/Charged_Upward_Slash: complete native duration, one hit, saved progress and physical retreat
validate	Run npm test	2026-10-03T03:20:30.2968563Z ok 76 - rhino/Charged_Upward_Slash: complete native duration, one hit, saved progress and physical retreat
validate	Run npm test	2026-10-03T03:20:30.2969445Z   ---
validate	Run npm test	2026-10-03T03:20:30.2970056Z   duration_ms: 0.677061
validate	Run npm test	2026-10-03T03:20:30.2970449Z   ...
validate	Run npm test	2026-10-03T03:20:30.2971356Z # Subtest: rhino/Weapon_Combo: complete native duration, one hit, saved progress and physical retreat
validate	Run npm test	2026-10-03T03:20:30.2972746Z ok 77 - rhino/Weapon_Combo: complete native duration, one hit, saved progress and physical retreat
validate	Run npm test	2026-10-03T03:20:30.2973560Z   ---
validate	Run npm test	2026-10-03T03:20:30.2973894Z   duration_ms: 0.485934
validate	Run npm test	2026-10-03T03:20:30.2974268Z   ...
validate	Run npm test	2026-10-03T03:20:30.2975195Z # Subtest: rhino/Weapon_Combo_2: complete native duration, one hit, saved progress and physical retreat
validate	Run npm test	2026-10-03T03:20:30.2976597Z ok 78 - rhino/Weapon_Combo_2: complete native duration, one hit, saved progress and physical retreat
validate	Run npm test	2026-10-03T03:20:30.2977402Z   ---
validate	Run npm test	2026-10-03T03:20:30.2977740Z   duration_ms: 0.517403
validate	Run npm test	2026-10-03T03:20:30.2978851Z   ...
validate	Run npm test	2026-10-03T03:20:30.2980054Z # Subtest: An invalidated target cannot be replaced underneath a committed attack or receive phantom damage
validate	Run npm test	2026-10-03T03:20:30.2981553Z ok 79 - An invalidated target cannot be replaced underneath a committed attack or receive phantom damage
validate	Run npm test	2026-10-03T03:20:30.2982413Z   ---
validate	Run npm test	2026-10-03T03:20:30.2982744Z   duration_ms: 0.505802
validate	Run npm test	2026-10-03T03:20:30.2983128Z   ...
validate	Run npm test	2026-10-03T03:20:30.2984056Z # Subtest: Exhausting a budget during an attack finishes its presentation without granting another hit
validate	Run npm test	2026-10-03T03:20:30.2985466Z ok 80 - Exhausting a budget during an attack finishes its presentation without granting another hit
validate	Run npm test	2026-10-03T03:20:30.2986269Z   ---
validate	Run npm test	2026-10-03T03:20:30.2986599Z   duration_ms: 0.396538
validate	Run npm test	2026-10-03T03:20:30.2986963Z   ...
validate	Run npm test	2026-10-03T03:20:30.2987979Z # Subtest: Shield contact consumes one completed attack without damage, and blocking pause freezes the clip phase
validate	Run npm test	2026-10-03T03:20:30.2989761Z ok 81 - Shield contact consumes one completed attack without damage, and blocking pause freezes the clip phase
validate	Run npm test	2026-10-03T03:20:30.2990677Z   ---
validate	Run npm test	2026-10-03T03:20:30.2991007Z   duration_ms: 0.851505
validate	Run npm test	2026-10-03T03:20:30.2991377Z   ...
validate	Run npm test	2026-10-03T03:20:30.2992260Z # Subtest: warthog: original GLB hash, in-place tracks, nonlooping poses and animated foot grounding
validate	Run npm test	2026-10-03T03:20:30.2993857Z ok 82 - warthog: original GLB hash, in-place tracks, nonlooping poses and animated foot grounding
validate	Run npm test	2026-10-03T03:20:30.2994652Z   ---
validate	Run npm test	2026-10-03T03:20:30.2994985Z   duration_ms: 2755.846499
validate	Run npm test	2026-10-03T03:20:30.2995370Z   ...
validate	Run npm test	2026-10-03T03:20:30.2996235Z # Subtest: hyena: original GLB hash, in-place tracks, nonlooping poses and animated foot grounding
validate	Run npm test	2026-10-03T03:20:30.2997557Z ok 83 - hyena: original GLB hash, in-place tracks, nonlooping poses and animated foot grounding
validate	Run npm test	2026-10-03T03:20:30.2998334Z   ---
validate	Run npm test	2026-10-03T03:20:30.2998680Z   duration_ms: 2303.440379
validate	Run npm test	2026-10-03T03:20:30.2999079Z   ...
validate	Run npm test	2026-10-03T03:20:30.3000180Z # Subtest: buffalo: original GLB hash, in-place tracks, nonlooping poses and animated foot grounding
validate	Run npm test	2026-10-03T03:20:30.3001542Z ok 84 - buffalo: original GLB hash, in-place tracks, nonlooping poses and animated foot grounding
validate	Run npm test	2026-10-03T03:20:30.3002316Z   ---
validate	Run npm test	2026-10-03T03:20:30.3002649Z   duration_ms: 1860.371887
validate	Run npm test	2026-10-03T03:20:30.3003063Z   ...
validate	Run npm test	2026-10-03T03:20:30.3003916Z # Subtest: lion: original GLB hash, in-place tracks, nonlooping poses and animated foot grounding
validate	Run npm test	2026-10-03T03:20:30.3005212Z ok 85 - lion: original GLB hash, in-place tracks, nonlooping poses and animated foot grounding
validate	Run npm test	2026-10-03T03:20:30.3005982Z   ---
validate	Run npm test	2026-10-03T03:20:30.3006317Z   duration_ms: 1421.140574
validate	Run npm test	2026-10-03T03:20:30.3006701Z   ...
validate	Run npm test	2026-10-03T03:20:30.3007559Z # Subtest: rhino: original GLB hash, in-place tracks, nonlooping poses and animated foot grounding
validate	Run npm test	2026-10-03T03:20:30.3008867Z ok 86 - rhino: original GLB hash, in-place tracks, nonlooping poses and animated foot grounding
validate	Run npm test	2026-10-03T03:20:30.3009845Z   ---
validate	Run npm test	2026-10-03T03:20:30.3010194Z   duration_ms: 1191.070934
validate	Run npm test	2026-10-03T03:20:30.3010601Z   ...
validate	Run npm test	2026-10-03T03:20:30.3011394Z # Subtest: chunk clip preserves the original half-open FS predicate and biome exceptions
validate	Run npm test	2026-10-03T03:20:30.3012605Z ok 87 - chunk clip preserves the original half-open FS predicate and biome exceptions
validate	Run npm test	2026-10-03T03:20:30.3013339Z   ---
validate	Run npm test	2026-10-03T03:20:30.3013675Z   duration_ms: 3.505445
validate	Run npm test	2026-10-03T03:20:30.3014056Z   ...
validate	Run npm test	2026-10-03T03:20:30.3015190Z # Subtest: adjacent chunks carry independent bounds through LOD while retaining shared atlas material and solid shadow geometry
validate	Run npm test	2026-10-03T03:20:30.3016975Z ok 88 - adjacent chunks carry independent bounds through LOD while retaining shared atlas material and solid shadow geometry
validate	Run npm test	2026-10-03T03:20:30.3018040Z   ---
validate	Run npm test	2026-10-03T03:20:30.3018387Z   duration_ms: 11.294244
validate	Run npm test	2026-10-03T03:20:30.3018776Z   ...
validate	Run npm test	2026-10-03T03:20:30.3019963Z # Subtest: clip shader composes once with coverage and African Toon without enabling clipping on shadow material
validate	Run npm test	2026-10-03T03:20:30.3021506Z ok 89 - clip shader composes once with coverage and African Toon without enabling clipping on shadow material
validate	Run npm test	2026-10-03T03:20:30.3022601Z   ---
validate	Run npm test	2026-10-03T03:20:30.3022934Z   duration_ms: 2.122892
validate	Run npm test	2026-10-03T03:20:30.3023321Z   ...
validate	Run npm test	2026-10-03T03:20:30.3024339Z # Subtest: full native chunk boxes match the original plane culling and remain independent of reduced render geometry
validate	Run npm test	2026-10-03T03:20:30.3025936Z ok 90 - full native chunk boxes match the original plane culling and remain independent of reduced render geometry
validate	Run npm test	2026-10-03T03:20:30.3026827Z   ---
validate	Run npm test	2026-10-03T03:20:30.3027164Z   duration_ms: 13.200282
validate	Run npm test	2026-10-03T03:20:30.3027551Z   ...
validate	Run npm test	2026-10-03T03:20:30.3028609Z # Subtest: global groups retain native matrices and per-instance coverage, cull main chunks but keep shadow populations
validate	Run npm test	2026-10-03T03:20:30.3030493Z ok 91 - global groups retain native matrices and per-instance coverage, cull main chunks but keep shadow populations
validate	Run npm test	2026-10-03T03:20:30.3031421Z   ---
validate	Run npm test	2026-10-03T03:20:30.3031761Z   duration_ms: 6.522301
validate	Run npm test	2026-10-03T03:20:30.3032155Z   ...
validate	Run npm test	2026-10-03T03:20:30.3032999Z # Subtest: clip exceptions, hidden chunks and vegetation retain the original pass eligibility
validate	Run npm test	2026-10-03T03:20:30.3034272Z ok 92 - clip exceptions, hidden chunks and vegetation retain the original pass eligibility
validate	Run npm test	2026-10-03T03:20:30.3035240Z   ---
validate	Run npm test	2026-10-03T03:20:30.3035577Z   duration_ms: 12.562237
validate	Run npm test	2026-10-03T03:20:30.3035954Z   ...
validate	Run npm test	2026-10-03T03:20:30.3037017Z # Subtest: retired groups release their own buffers once, preserve borrowed arrays and switch back to individual drawing
validate	Run npm test	2026-10-03T03:20:30.3038657Z ok 93 - retired groups release their own buffers once, preserve borrowed arrays and switch back to individual drawing
validate	Run npm test	2026-10-03T03:20:30.3039785Z   ---
validate	Run npm test	2026-10-03T03:20:30.3040136Z   duration_ms: 9.651414
validate	Run npm test	2026-10-03T03:20:30.3040513Z   ...
validate	Run npm test	2026-10-03T03:20:30.3041581Z # Subtest: light volume retains offscreen casters, excludes remote/clip chunks and follows focus independently of color
validate	Run npm test	2026-10-03T03:20:30.3043266Z ok 94 - light volume retains offscreen casters, excludes remote/clip chunks and follows focus independently of color
validate	Run npm test	2026-10-03T03:20:30.3044193Z   ---
validate	Run npm test	2026-10-03T03:20:30.3044521Z   duration_ms: 5.940458
validate	Run npm test	2026-10-03T03:20:30.3044898Z   ...
validate	Run npm test	2026-10-03T03:20:30.3045755Z # Subtest: shadow selection includes bounds of the final native variant even if they exceed LOD0
validate	Run npm test	2026-10-03T03:20:30.3047078Z ok 95 - shadow selection includes bounds of the final native variant even if they exceed LOD0
validate	Run npm test	2026-10-03T03:20:30.3047849Z   ---
validate	Run npm test	2026-10-03T03:20:30.3048174Z   duration_ms: 3.345298
validate	Run npm test	2026-10-03T03:20:30.3048549Z   ...
validate	Run npm test	2026-10-03T03:20:30.3049952Z # Subtest: native distance selection matches the complete lab method across categories, qualities, size and three-dimensional eye poses
validate	Run npm test	2026-10-03T03:20:30.3051880Z ok 96 - native distance selection matches the complete lab method across categories, qualities, size and three-dimensional eye poses
validate	Run npm test	2026-10-03T03:20:30.3052897Z   ---
validate	Run npm test	2026-10-03T03:20:30.3053234Z   duration_ms: 82.027442
validate	Run npm test	2026-10-03T03:20:30.3053618Z   ...
validate	Run npm test	2026-10-03T03:20:30.3054677Z # Subtest: render bins preserve authored transforms and coverage through level changes, retaining full logical geometry
validate	Run npm test	2026-10-03T03:20:30.3056421Z ok 97 - render bins preserve authored transforms and coverage through level changes, retaining full logical geometry
validate	Run npm test	2026-10-03T03:20:30.3057359Z   ---
validate	Run npm test	2026-10-03T03:20:30.3057703Z   duration_ms: 7.200045
validate	Run npm test	2026-10-03T03:20:30.3058064Z   ...
validate	Run npm test	2026-10-03T03:20:30.3059205Z # Subtest: short vegetation distance culling does not remove logical instances and reappears when the camera returns
validate	Run npm test	2026-10-03T03:20:30.3061179Z ok 98 - short vegetation distance culling does not remove logical instances and reappears when the camera returns
validate	Run npm test	2026-10-03T03:20:30.3062147Z   ---
validate	Run npm test	2026-10-03T03:20:30.3062478Z   duration_ms: 1.844912
validate	Run npm test	2026-10-03T03:20:30.3062842Z   ...
validate	Run npm test	2026-10-03T03:20:30.3063867Z # Subtest: native shadow population combines color bins once using the final original variant and stable GPU matrices
validate	Run npm test	2026-10-03T03:20:30.3065495Z ok 99 - native shadow population combines color bins once using the final original variant and stable GPU matrices
validate	Run npm test	2026-10-03T03:20:30.3066632Z   ---
validate	Run npm test	2026-10-03T03:20:30.3066970Z   duration_ms: 20.234453
validate	Run npm test	2026-10-03T03:20:30.3067361Z   ...
validate	Run npm test	2026-10-03T03:20:30.3068322Z # Subtest: shadow proxies enter only the shadow traversal and restore borrowed resources even on an exception
validate	Run npm test	2026-10-03T03:20:30.3070016Z ok 100 - shadow proxies enter only the shadow traversal and restore borrowed resources even on an exception
validate	Run npm test	2026-10-03T03:20:30.3070898Z   ---
validate	Run npm test	2026-10-03T03:20:30.3071237Z   duration_ms: 9.185378
validate	Run npm test	2026-10-03T03:20:30.3071617Z   ...
validate	Run npm test	2026-10-03T03:20:30.3072592Z # Subtest: disabled, cached and empty-light passes do not add proxies; hidden color batches and grass never cast
validate	Run npm test	2026-10-03T03:20:30.3074123Z ok 101 - disabled, cached and empty-light passes do not add proxies; hidden color batches and grass never cast
validate	Run npm test	2026-10-03T03:20:30.3075012Z   ---
validate	Run npm test	2026-10-03T03:20:30.3075346Z   duration_ms: 11.106224
validate	Run npm test	2026-10-03T03:20:30.3075750Z   ...
validate	Run npm test	2026-10-03T03:20:30.3076688Z # Subtest: all 120 original surface classifications and every LOD tangent buffer match the native recipes
validate	Run npm test	2026-10-03T03:20:30.3078149Z ok 102 - all 120 original surface classifications and every LOD tangent buffer match the native recipes
validate	Run npm test	2026-10-03T03:20:30.3079193Z   ---
validate	Run npm test	2026-10-03T03:20:30.3079745Z   duration_ms: 1192.25853
validate	Run npm test	2026-10-03T03:20:30.3080154Z   ...
validate	Run npm test	2026-10-03T03:20:30.3081230Z # Subtest: native atlas loading preserves shared color/normal/MR maps, per-asset materials and per-LOD tangent handedness
validate	Run npm test	2026-10-03T03:20:30.3082916Z ok 103 - native atlas loading preserves shared color/normal/MR maps, per-asset materials and per-LOD tangent handedness
validate	Run npm test	2026-10-03T03:20:30.3083854Z   ---
validate	Run npm test	2026-10-03T03:20:30.3084184Z   duration_ms: 575.944785
validate	Run npm test	2026-10-03T03:20:30.3084566Z   ...
validate	Run npm test	2026-10-03T03:20:30.3085480Z # Subtest: native surface uniforms and atlas channels compose with cel shading and per-instance coverage
validate	Run npm test	2026-10-03T03:20:30.3086935Z ok 104 - native surface uniforms and atlas channels compose with cel shading and per-instance coverage
validate	Run npm test	2026-10-03T03:20:30.3087783Z   ---
validate	Run npm test	2026-10-03T03:20:30.3088122Z   duration_ms: 2.94367
validate	Run npm test	2026-10-03T03:20:30.3088486Z   ...
validate	Run npm test	2026-10-03T03:20:30.3089710Z # Subtest: warthog: four clips present one committed logical hit with independent decorative contacts, pause and reload
validate	Run npm test	2026-10-03T03:20:30.3091386Z ok 105 - warthog: four clips present one committed logical hit with independent decorative contacts, pause and reload
validate	Run npm test	2026-10-03T03:20:30.3092321Z   ---
validate	Run npm test	2026-10-03T03:20:30.3092654Z   duration_ms: 212.546018
validate	Run npm test	2026-10-03T03:20:30.3093036Z   ...
validate	Run npm test	2026-10-03T03:20:30.3094054Z # Subtest: hyena: four clips present one committed logical hit with independent decorative contacts, pause and reload
validate	Run npm test	2026-10-03T03:20:30.3095667Z ok 106 - hyena: four clips present one committed logical hit with independent decorative contacts, pause and reload
validate	Run npm test	2026-10-03T03:20:30.3096581Z   ---
validate	Run npm test	2026-10-03T03:20:30.3096925Z   duration_ms: 156.492606
validate	Run npm test	2026-10-03T03:20:30.3097319Z   ...
validate	Run npm test	2026-10-03T03:20:30.3098358Z # Subtest: buffalo: four clips present one committed logical hit with independent decorative contacts, pause and reload
validate	Run npm test	2026-10-03T03:20:30.3100192Z ok 107 - buffalo: four clips present one committed logical hit with independent decorative contacts, pause and reload
validate	Run npm test	2026-10-03T03:20:30.3101135Z   ---
validate	Run npm test	2026-10-03T03:20:30.3101462Z   duration_ms: 139.063214
validate	Run npm test	2026-10-03T03:20:30.3101844Z   ...
validate	Run npm test	2026-10-03T03:20:30.3102853Z # Subtest: lion: four clips present one committed logical hit with independent decorative contacts, pause and reload
validate	Run npm test	2026-10-03T03:20:30.3104452Z ok 108 - lion: four clips present one committed logical hit with independent decorative contacts, pause and reload
validate	Run npm test	2026-10-03T03:20:30.3105361Z   ---
validate	Run npm test	2026-10-03T03:20:30.3105703Z   duration_ms: 104.822543
validate	Run npm test	2026-10-03T03:20:30.3106078Z   ...
validate	Run npm test	2026-10-03T03:20:30.3107096Z # Subtest: rhino: four clips present one committed logical hit with independent decorative contacts, pause and reload
validate	Run npm test	2026-10-03T03:20:30.3108911Z ok 109 - rhino: four clips present one committed logical hit with independent decorative contacts, pause and reload
validate	Run npm test	2026-10-03T03:20:30.3110040Z   ---
validate	Run npm test	2026-10-03T03:20:30.3110386Z   duration_ms: 81.450628
validate	Run npm test	2026-10-03T03:20:30.3110793Z   ...
validate	Run npm test	2026-10-03T03:20:30.3111770Z # Subtest: Shield hit metadata places the contact on its actual edge and survives shield expiry and raid removal
validate	Run npm test	2026-10-03T03:20:30.3113303Z ok 110 - Shield hit metadata places the contact on its actual edge and survives shield expiry and raid removal
validate	Run npm test	2026-10-03T03:20:30.3114176Z   ---
validate	Run npm test	2026-10-03T03:20:30.3114515Z   duration_ms: 1.304649
validate	Run npm test	2026-10-03T03:20:30.3114900Z   ...
validate	Run npm test	2026-10-03T03:20:30.3115858Z # Subtest: Invalidated targets and exhausted attacks release visuals without inventing a completed impact
validate	Run npm test	2026-10-03T03:20:30.3117335Z ok 111 - Invalidated targets and exhausted attacks release visuals without inventing a completed impact
validate	Run npm test	2026-10-03T03:20:30.3118203Z   ---
validate	Run npm test	2026-10-03T03:20:30.3118542Z   duration_ms: 10.296577
validate	Run npm test	2026-10-03T03:20:30.3118938Z   ...
validate	Run npm test	2026-10-03T03:20:30.3120142Z # Subtest: Different attack IDs coexist through dissipating tails; legacy/malformed metadata cannot replay damage
validate	Run npm test	2026-10-03T03:20:30.3121744Z ok 112 - Different attack IDs coexist through dissipating tails; legacy/malformed metadata cannot replay damage
validate	Run npm test	2026-10-03T03:20:30.3122888Z   ---
validate	Run npm test	2026-10-03T03:20:30.3123233Z   duration_ms: 0.421655
validate	Run npm test	2026-10-03T03:20:30.3123614Z   ...
validate	Run npm test	2026-10-03T03:20:30.3124633Z # Subtest: Legacy center hit facts recover native culture and yaw from the retained structure without changing damage
validate	Run npm test	2026-10-03T03:20:30.3126263Z ok 113 - Legacy center hit facts recover native culture and yaw from the retained structure without changing damage
validate	Run npm test	2026-10-03T03:20:30.3127174Z   ---
validate	Run npm test	2026-10-03T03:20:30.3127503Z   duration_ms: 2.019889
validate	Run npm test	2026-10-03T03:20:30.3127884Z   ...
validate	Run npm test	2026-10-03T03:20:30.3128608Z # Subtest: Every gameplay sound resolves to a one-shot in the supplied SFX lab
validate	Run npm test	2026-10-03T03:20:30.3129892Z ok 114 - Every gameplay sound resolves to a one-shot in the supplied SFX lab
validate	Run npm test	2026-10-03T03:20:30.3130562Z   ---
validate	Run npm test	2026-10-03T03:20:30.3130892Z   duration_ms: 6.411004
validate	Run npm test	2026-10-03T03:20:30.3131256Z   ...
validate	Run npm test	2026-10-03T03:20:30.3132030Z # Subtest: Leaving a scene while a sound decodes cannot start playback afterwards
validate	Run npm test	2026-10-03T03:20:30.3133137Z ok 115 - Leaving a scene while a sound decodes cannot start playback afterwards
validate	Run npm test	2026-10-03T03:20:30.3133835Z   ---
validate	Run npm test	2026-10-03T03:20:30.3134171Z   duration_ms: 0.357695
validate	Run npm test	2026-10-03T03:20:30.3134548Z   ...
validate	Run npm test	2026-10-03T03:20:30.3135340Z # Subtest: Loading a save suppresses historical sound events while new events still play
validate	Run npm test	2026-10-03T03:20:30.3136537Z ok 116 - Loading a save suppresses historical sound events while new events still play
validate	Run npm test	2026-10-03T03:20:30.3137270Z   ---
validate	Run npm test	2026-10-03T03:20:30.3137616Z   duration_ms: 0.757581
validate	Run npm test	2026-10-03T03:20:30.3137994Z   ...
validate	Run npm test	2026-10-03T03:20:30.3138852Z # Subtest: five native center envelopes contain intact/interior and falling vertices throughout collapse
validate	Run npm test	2026-10-03T03:20:30.3140468Z ok 117 - five native center envelopes contain intact/interior and falling vertices throughout collapse
validate	Run npm test	2026-10-03T03:20:30.3141290Z   ---
validate	Run npm test	2026-10-03T03:20:30.3141648Z   duration_ms: 3720.251637
validate	Run npm test	2026-10-03T03:20:30.3142058Z   ...
validate	Run npm test	2026-10-03T03:20:30.3143025Z # Subtest: all five DEST cultures share HDR resources with cel debris, retain native depth and use lab exposure
validate	Run npm test	2026-10-03T03:20:30.3144553Z ok 118 - all five DEST cultures share HDR resources with cel debris, retain native depth and use lab exposure
validate	Run npm test	2026-10-03T03:20:30.3145430Z   ---
validate	Run npm test	2026-10-03T03:20:30.3145774Z   duration_ms: 8.6864
validate	Run npm test	2026-10-03T03:20:30.3146147Z   ...
validate	Run npm test	2026-10-03T03:20:30.3146906Z # Subtest: removing world fog also removes it from DEST buildings, debris and smoke
validate	Run npm test	2026-10-03T03:20:30.3148031Z ok 119 - removing world fog also removes it from DEST buildings, debris and smoke
validate	Run npm test	2026-10-03T03:20:30.3148716Z   ---
validate	Run npm test	2026-10-03T03:20:30.3149055Z   duration_ms: 2.736294
validate	Run npm test	2026-10-03T03:20:30.3149444Z   ...
validate	Run npm test	2026-10-03T03:20:30.3150746Z # Subtest: Five native center templates retain original textures, proportions, UVs and world footprint
validate	Run npm test	2026-10-03T03:20:30.3152427Z ok 120 - Five native center templates retain original textures, proportions, UVs and world footprint
validate	Run npm test	2026-10-03T03:20:30.3153253Z   ---
validate	Run npm test	2026-10-03T03:20:30.3153590Z   duration_ms: 10.997845
validate	Run npm test	2026-10-03T03:20:30.3153976Z   ...
validate	Run npm test	2026-10-03T03:20:30.3154889Z # Subtest: Collapse displays all native 3.2 seconds after an oversized hit and restores intact on repair
validate	Run npm test	2026-10-03T03:20:30.3156398Z ok 121 - Collapse displays all native 3.2 seconds after an oversized hit and restores intact on repair
validate	Run npm test	2026-10-03T03:20:30.3157229Z   ---
validate	Run npm test	2026-10-03T03:20:30.3157575Z   duration_ms: 33.499002
validate	Run npm test	2026-10-03T03:20:30.3157964Z   ...
validate	Run npm test	2026-10-03T03:20:30.3158807Z # Subtest: Separate houses keep independent damage masks, shader time and interior depth guard
validate	Run npm test	2026-10-03T03:20:30.3160496Z ok 122 - Separate houses keep independent damage masks, shader time and interior depth guard
validate	Run npm test	2026-10-03T03:20:30.3161345Z   ---
validate	Run npm test	2026-10-03T03:20:30.3161706Z   duration_ms: 18.041666
validate	Run npm test	2026-10-03T03:20:30.3162100Z   ...
validate	Run npm test	2026-10-03T03:20:30.3163067Z # Subtest: Opening pass invalidates on damage, view, transform and resolution and restores renderer on failure
validate	Run npm test	2026-10-03T03:20:30.3164576Z ok 123 - Opening pass invalidates on damage, view, transform and resolution and restores renderer on failure
validate	Run npm test	2026-10-03T03:20:30.3165660Z   ---
validate	Run npm test	2026-10-03T03:20:30.3166001Z   duration_ms: 2.189536
validate	Run npm test	2026-10-03T03:20:30.3166381Z   ...
validate	Run npm test	2026-10-03T03:20:30.3167328Z # Subtest: Original visual raycast tracks displaced houses and leaves ruins selectable for reconstruction
validate	Run npm test	2026-10-03T03:20:30.3168808Z ok 124 - Original visual raycast tracks displaced houses and leaves ruins selectable for reconstruction
validate	Run npm test	2026-10-03T03:20:30.3169871Z   ---
validate	Run npm test	2026-10-03T03:20:30.3170226Z   duration_ms: 127.820511
validate	Run npm test	2026-10-03T03:20:30.3170618Z   ...
validate	Run npm test	2026-10-03T03:20:30.3171524Z # Subtest: Removing a center disposes private materials while shared native templates remain reusable
validate	Run npm test	2026-10-03T03:20:30.3172918Z ok 125 - Removing a center disposes private materials while shared native templates remain reusable
validate	Run npm test	2026-10-03T03:20:30.3173778Z   ---
validate	Run npm test	2026-10-03T03:20:30.3174108Z   duration_ms: 1.403893
validate	Run npm test	2026-10-03T03:20:30.3174486Z   ...
validate	Run npm test	2026-10-03T03:20:30.3175398Z # Subtest: Five paid centers clear their native damage only when the real rounded repair debit executes
validate	Run npm test	2026-10-03T03:20:30.3176799Z ok 126 - Five paid centers clear their native damage only when the real rounded repair debit executes
validate	Run npm test	2026-10-03T03:20:30.3177608Z   ---
validate	Run npm test	2026-10-03T03:20:30.3177945Z   duration_ms: 98.252327
validate	Run npm test	2026-10-03T03:20:30.3178319Z   ...
validate	Run npm test	2026-10-03T03:20:30.3179260Z # Subtest: Real blocking pauses and a saved collapse retain identical native geometry phase and shader time
validate	Run npm test	2026-10-03T03:20:30.3180962Z ok 127 - Real blocking pauses and a saved collapse retain identical native geometry phase and shader time
validate	Run npm test	2026-10-03T03:20:30.3181836Z   ---
validate	Run npm test	2026-10-03T03:20:30.3182165Z   duration_ms: 22.81502
validate	Run npm test	2026-10-03T03:20:30.3182543Z   ...
validate	Run npm test	2026-10-03T03:20:30.3183507Z # Subtest: GPU particle instances preserve native shapes, upload layouts, softness scale and paused clocks
validate	Run npm test	2026-10-03T03:20:30.3185012Z ok 128 - GPU particle instances preserve native shapes, upload layouts, softness scale and paused clocks
validate	Run npm test	2026-10-03T03:20:30.3185879Z   ---
validate	Run npm test	2026-10-03T03:20:30.3186224Z   duration_ms: 10.84472
validate	Run npm test	2026-10-03T03:20:30.3186601Z   ...
validate	Run npm test	2026-10-03T03:20:30.3187719Z # Subtest: Smoke captures actual opaque material shaders, excludes transparency, skips quiet scenes and restores failure state
validate	Run npm test	2026-10-03T03:20:30.3189700Z ok 129 - Smoke captures actual opaque material shaders, excludes transparency, skips quiet scenes and restores failure state
validate	Run npm test	2026-10-03T03:20:30.3190719Z   ---
validate	Run npm test	2026-10-03T03:20:30.3191062Z   duration_ms: 3.195059
validate	Run npm test	2026-10-03T03:20:30.3191441Z   ...
validate	Run npm test	2026-10-03T03:20:30.3192393Z # Subtest: Native debris support follows Float32 rendered terrain triangles on both sides of grid diagonals
validate	Run npm test	2026-10-03T03:20:30.3193894Z ok 130 - Native debris support follows Float32 rendered terrain triangles on both sides of grid diagonals
validate	Run npm test	2026-10-03T03:20:30.3194979Z   ---
validate	Run npm test	2026-10-03T03:20:30.3195322Z   duration_ms: 54.504626
validate	Run npm test	2026-10-03T03:20:30.3195709Z   ...
validate	Run npm test	2026-10-03T03:20:30.3196731Z # Subtest: Particle meshes remain presentation only and release geometry, materials and emitters on center removal
validate	Run npm test	2026-10-03T03:20:30.3198327Z ok 131 - Particle meshes remain presentation only and release geometry, materials and emitters on center removal
validate	Run npm test	2026-10-03T03:20:30.3199229Z   ---
validate	Run npm test	2026-10-03T03:20:30.3199777Z   duration_ms: 2.838213
validate	Run npm test	2026-10-03T03:20:30.3200178Z   ...
validate	Run npm test	2026-10-03T03:20:30.3201103Z # Subtest: centers consume shared fractional atmosphere rather than inferring night from sun intensity
validate	Run npm test	2026-10-03T03:20:30.3202538Z ok 132 - centers consume shared fractional atmosphere rather than inferring night from sun intensity
validate	Run npm test	2026-10-03T03:20:30.3203363Z   ---
validate	Run npm test	2026-10-03T03:20:30.3203688Z   duration_ms: 1.175889
validate	Run npm test	2026-10-03T03:20:30.3204075Z   ...
validate	Run npm test	2026-10-03T03:20:30.3205097Z # Subtest: sabana/mapungubwe: legal minimal campaign reaches night 100, reloads active raid and continues postgame
validate	Run npm test	2026-10-03T03:20:30.3206751Z ok 133 - sabana/mapungubwe: legal minimal campaign reaches night 100, reloads active raid and continues postgame
validate	Run npm test	2026-10-03T03:20:30.3207639Z   ---
validate	Run npm test	2026-10-03T03:20:30.3208168Z   duration_ms: 7312.491921
validate	Run npm test	2026-10-03T03:20:30.3208562Z   ...
validate	Run npm test	2026-10-03T03:20:30.3209760Z # Subtest: sabana/saheliana: legal minimal campaign reaches night 100, reloads active raid and continues postgame
validate	Run npm test	2026-10-03T03:20:30.3211347Z ok 134 - sabana/saheliana: legal minimal campaign reaches night 100, reloads active raid and continues postgame
validate	Run npm test	2026-10-03T03:20:30.3212218Z   ---
validate	Run npm test	2026-10-03T03:20:30.3212551Z   duration_ms: 6865.148697
validate	Run npm test	2026-10-03T03:20:30.3212933Z   ...
validate	Run npm test	2026-10-03T03:20:30.3213921Z # Subtest: sabana/suajili: legal minimal campaign reaches night 100, reloads active raid and continues postgame
validate	Run npm test	2026-10-03T03:20:30.3215480Z ok 135 - sabana/suajili: legal minimal campaign reaches night 100, reloads active raid and continues postgame
validate	Run npm test	2026-10-03T03:20:30.3216365Z   ---
validate	Run npm test	2026-10-03T03:20:30.3216692Z   duration_ms: 6907.811204
validate	Run npm test	2026-10-03T03:20:30.3217075Z   ...
validate	Run npm test	2026-10-03T03:20:30.3218039Z # Subtest: sabana/musgum: legal minimal campaign reaches night 100, reloads active raid and continues postgame
validate	Run npm test	2026-10-03T03:20:30.3219760Z ok 136 - sabana/musgum: legal minimal campaign reaches night 100, reloads active raid and continues postgame
validate	Run npm test	2026-10-03T03:20:30.3220642Z   ---
validate	Run npm test	2026-10-03T03:20:30.3220981Z   duration_ms: 5938.915723
validate	Run npm test	2026-10-03T03:20:30.3221368Z   ...
validate	Run npm test	2026-10-03T03:20:30.3222337Z # Subtest: sabana/etiope: legal minimal campaign reaches night 100, reloads active raid and continues postgame
validate	Run npm test	2026-10-03T03:20:30.3223873Z ok 137 - sabana/etiope: legal minimal campaign reaches night 100, reloads active raid and continues postgame
validate	Run npm test	2026-10-03T03:20:30.3224751Z   ---
validate	Run npm test	2026-10-03T03:20:30.3225092Z   duration_ms: 5886.290647
validate	Run npm test	2026-10-03T03:20:30.3225474Z   ...
validate	Run npm test	2026-10-03T03:20:30.3226506Z # Subtest: gran-rio/mapungubwe: legal minimal campaign reaches night 100, reloads active raid and continues postgame
validate	Run npm test	2026-10-03T03:20:30.3228145Z ok 138 - gran-rio/mapungubwe: legal minimal campaign reaches night 100, reloads active raid and continues postgame
validate	Run npm test	2026-10-03T03:20:30.3229074Z   ---
validate	Run npm test	2026-10-03T03:20:30.3229415Z   duration_ms: 3142.746839
validate	Run npm test	2026-10-03T03:20:30.3230016Z   ...
validate	Run npm test	2026-10-03T03:20:30.3231047Z # Subtest: gran-rio/saheliana: legal minimal campaign reaches night 100, reloads active raid and continues postgame
validate	Run npm test	2026-10-03T03:20:30.3232642Z ok 139 - gran-rio/saheliana: legal minimal campaign reaches night 100, reloads active raid and continues postgame
validate	Run npm test	2026-10-03T03:20:30.3233554Z   ---
validate	Run npm test	2026-10-03T03:20:30.3233903Z   duration_ms: 5158.190624
validate	Run npm test	2026-10-03T03:20:30.3234294Z   ...
validate	Run npm test	2026-10-03T03:20:30.3235280Z # Subtest: gran-rio/suajili: legal minimal campaign reaches night 100, reloads active raid and continues postgame
validate	Run npm test	2026-10-03T03:20:30.3236842Z ok 140 - gran-rio/suajili: legal minimal campaign reaches night 100, reloads active raid and continues postgame
validate	Run npm test	2026-10-03T03:20:30.3237991Z   ---
validate	Run npm test	2026-10-03T03:20:30.3238333Z   duration_ms: 6319.595358
validate	Run npm test	2026-10-03T03:20:30.3238729Z   ...
validate	Run npm test	2026-10-03T03:20:30.3239916Z # Subtest: gran-rio/musgum: legal minimal campaign reaches night 100, reloads active raid and continues postgame
validate	Run npm test	2026-10-03T03:20:30.3241468Z ok 141 - gran-rio/musgum: legal minimal campaign reaches night 100, reloads active raid and continues postgame
validate	Run npm test	2026-10-03T03:20:30.3242346Z   ---
validate	Run npm test	2026-10-03T03:20:30.3242686Z   duration_ms: 5942.373305
validate	Run npm test	2026-10-03T03:20:30.3243077Z   ...
validate	Run npm test	2026-10-03T03:20:30.3244060Z # Subtest: gran-rio/etiope: legal minimal campaign reaches night 100, reloads active raid and continues postgame
validate	Run npm test	2026-10-03T03:20:30.3245625Z ok 142 - gran-rio/etiope: legal minimal campaign reaches night 100, reloads active raid and continues postgame
validate	Run npm test	2026-10-03T03:20:30.3246489Z   ---
validate	Run npm test	2026-10-03T03:20:30.3246811Z   duration_ms: 3627.486141
validate	Run npm test	2026-10-03T03:20:30.3247223Z   ...
validate	Run npm test	2026-10-03T03:20:30.3248265Z # Subtest: manglares/mapungubwe: legal minimal campaign reaches night 100, reloads active raid and continues postgame
validate	Run npm test	2026-10-03T03:20:30.3250110Z ok 143 - manglares/mapungubwe: legal minimal campaign reaches night 100, reloads active raid and continues postgame
validate	Run npm test	2026-10-03T03:20:30.3251036Z   ---
validate	Run npm test	2026-10-03T03:20:30.3251569Z   duration_ms: 1817.875078
validate	Run npm test	2026-10-03T03:20:30.3251966Z   ...
validate	Run npm test	2026-10-03T03:20:30.3253035Z # Subtest: manglares/saheliana: legal minimal campaign reaches night 100, reloads active raid and continues postgame
validate	Run npm test	2026-10-03T03:20:30.3254675Z ok 144 - manglares/saheliana: legal minimal campaign reaches night 100, reloads active raid and continues postgame
validate	Run npm test	2026-10-03T03:20:30.3255589Z   ---
validate	Run npm test	2026-10-03T03:20:30.3255986Z   duration_ms: 1578.82891
validate	Run npm test	2026-10-03T03:20:30.3256372Z   ...
validate	Run npm test	2026-10-03T03:20:30.3257379Z # Subtest: manglares/suajili: legal minimal campaign reaches night 100, reloads active raid and continues postgame
validate	Run npm test	2026-10-03T03:20:30.3258984Z ok 145 - manglares/suajili: legal minimal campaign reaches night 100, reloads active raid and continues postgame
validate	Run npm test	2026-10-03T03:20:30.3260096Z   ---
validate	Run npm test	2026-10-03T03:20:30.3260440Z   duration_ms: 1576.011048
validate	Run npm test	2026-10-03T03:20:30.3260829Z   ...
validate	Run npm test	2026-10-03T03:20:30.3261826Z # Subtest: manglares/musgum: legal minimal campaign reaches night 100, reloads active raid and continues postgame
validate	Run npm test	2026-10-03T03:20:30.3263393Z ok 146 - manglares/musgum: legal minimal campaign reaches night 100, reloads active raid and continues postgame
validate	Run npm test	2026-10-03T03:20:30.3264301Z   ---
validate	Run npm test	2026-10-03T03:20:30.3264638Z   duration_ms: 1677.85563
validate	Run npm test	2026-10-03T03:20:30.3265032Z   ...
validate	Run npm test	2026-10-03T03:20:30.3266020Z # Subtest: manglares/etiope: legal minimal campaign reaches night 100, reloads active raid and continues postgame
validate	Run npm test	2026-10-03T03:20:30.3267581Z ok 147 - manglares/etiope: legal minimal campaign reaches night 100, reloads active raid and continues postgame
validate	Run npm test	2026-10-03T03:20:30.3268470Z   ---
validate	Run npm test	2026-10-03T03:20:30.3268813Z   duration_ms: 1931.364936
validate	Run npm test	2026-10-03T03:20:30.3269201Z   ...
validate	Run npm test	2026-10-03T03:20:30.3270418Z # Subtest: volcanes/mapungubwe: legal minimal campaign reaches night 100, reloads active raid and continues postgame
validate	Run npm test	2026-10-03T03:20:30.3272069Z ok 148 - volcanes/mapungubwe: legal minimal campaign reaches night 100, reloads active raid and continues postgame
validate	Run npm test	2026-10-03T03:20:30.3272978Z   ---
validate	Run npm test	2026-10-03T03:20:30.3273314Z   duration_ms: 4016.532934
validate	Run npm test	2026-10-03T03:20:30.3273695Z   ...
validate	Run npm test	2026-10-03T03:20:30.3274891Z # Subtest: volcanes/saheliana: legal minimal campaign reaches night 100, reloads active raid and continues postgame
validate	Run npm test	2026-10-03T03:20:30.3276579Z ok 149 - volcanes/saheliana: legal minimal campaign reaches night 100, reloads active raid and continues postgame
validate	Run npm test	2026-10-03T03:20:30.3277477Z   ---
validate	Run npm test	2026-10-03T03:20:30.3277817Z   duration_ms: 8405.414989
validate	Run npm test	2026-10-03T03:20:30.3278204Z   ...
validate	Run npm test	2026-10-03T03:20:30.3279196Z # Subtest: volcanes/suajili: legal minimal campaign reaches night 100, reloads active raid and continues postgame
validate	Run npm test	2026-10-03T03:20:30.3281021Z ok 150 - volcanes/suajili: legal minimal campaign reaches night 100, reloads active raid and continues postgame
validate	Run npm test	2026-10-03T03:20:30.3282186Z   ---
validate	Run npm test	2026-10-03T03:20:30.3282556Z   duration_ms: 6270.477235
validate	Run npm test	2026-10-03T03:20:30.3282947Z   ...
validate	Run npm test	2026-10-03T03:20:30.3283927Z # Subtest: volcanes/musgum: legal minimal campaign reaches night 100, reloads active raid and continues postgame
validate	Run npm test	2026-10-03T03:20:30.3285501Z ok 151 - volcanes/musgum: legal minimal campaign reaches night 100, reloads active raid and continues postgame
validate	Run npm test	2026-10-03T03:20:30.3286396Z   ---
validate	Run npm test	2026-10-03T03:20:30.3286729Z   duration_ms: 10796.223056
validate	Run npm test	2026-10-03T03:20:30.3287122Z   ...
validate	Run npm test	2026-10-03T03:20:30.3288107Z # Subtest: volcanes/etiope: legal minimal campaign reaches night 100, reloads active raid and continues postgame
validate	Run npm test	2026-10-03T03:20:30.3289871Z ok 152 - volcanes/etiope: legal minimal campaign reaches night 100, reloads active raid and continues postgame
validate	Run npm test	2026-10-03T03:20:30.3290755Z   ---
validate	Run npm test	2026-10-03T03:20:30.3291103Z   duration_ms: 32306.372749
validate	Run npm test	2026-10-03T03:20:30.3291489Z   ...
validate	Run npm test	2026-10-03T03:20:30.3292542Z # Subtest: gran-canon/mapungubwe: legal minimal campaign reaches night 100, reloads active raid and continues postgame
validate	Run npm test	2026-10-03T03:20:30.3294235Z ok 153 - gran-canon/mapungubwe: legal minimal campaign reaches night 100, reloads active raid and continues postgame
validate	Run npm test	2026-10-03T03:20:30.3295154Z   ---
validate	Run npm test	2026-10-03T03:20:30.3295692Z   duration_ms: 1214.105859
validate	Run npm test	2026-10-03T03:20:30.3296099Z   ...
validate	Run npm test	2026-10-03T03:20:30.3297150Z # Subtest: gran-canon/saheliana: legal minimal campaign reaches night 100, reloads active raid and continues postgame
validate	Run npm test	2026-10-03T03:20:30.3298820Z ok 154 - gran-canon/saheliana: legal minimal campaign reaches night 100, reloads active raid and continues postgame
validate	Run npm test	2026-10-03T03:20:30.3299975Z   ---
validate	Run npm test	2026-10-03T03:20:30.3300321Z   duration_ms: 1444.901349
validate	Run npm test	2026-10-03T03:20:30.3317938Z   ...
validate	Run npm test	2026-10-03T03:20:30.3321347Z # Subtest: gran-canon/suajili: legal minimal campaign reaches night 100, reloads active raid and continues postgame
validate	Run npm test	2026-10-03T03:20:30.3323638Z ok 155 - gran-canon/suajili: legal minimal campaign reaches night 100, reloads active raid and continues postgame
validate	Run npm test	2026-10-03T03:20:30.3324696Z   ---
validate	Run npm test	2026-10-03T03:20:30.3325264Z   duration_ms: 1560.471267
validate	Run npm test	2026-10-03T03:20:30.3325722Z   ...
validate	Run npm test	2026-10-03T03:20:30.3327065Z # Subtest: gran-canon/musgum: legal minimal campaign reaches night 100, reloads active raid and continues postgame
validate	Run npm test	2026-10-03T03:20:30.3329282Z ok 156 - gran-canon/musgum: legal minimal campaign reaches night 100, reloads active raid and continues postgame
validate	Run npm test	2026-10-03T03:20:30.3330704Z   ---
validate	Run npm test	2026-10-03T03:20:30.3331063Z   duration_ms: 1220.185698
validate	Run npm test	2026-10-03T03:20:30.3331453Z   ...
validate	Run npm test	2026-10-03T03:20:30.3332804Z # Subtest: gran-canon/etiope: legal minimal campaign reaches night 100, reloads active raid and continues postgame
validate	Run npm test	2026-10-03T03:20:30.3335050Z ok 157 - gran-canon/etiope: legal minimal campaign reaches night 100, reloads active raid and continues postgame
validate	Run npm test	2026-10-03T03:20:30.3336232Z   ---
validate	Run npm test	2026-10-03T03:20:30.3336694Z   duration_ms: 2400.349815
validate	Run npm test	2026-10-03T03:20:30.3337289Z   ...
validate	Run npm test	2026-10-03T03:20:30.3338742Z # Subtest: desierto/mapungubwe: legal minimal campaign reaches night 100, reloads active raid and continues postgame
validate	Run npm test	2026-10-03T03:20:30.3341073Z ok 158 - desierto/mapungubwe: legal minimal campaign reaches night 100, reloads active raid and continues postgame
validate	Run npm test	2026-10-03T03:20:30.3342302Z   ---
validate	Run npm test	2026-10-03T03:20:30.3342852Z   duration_ms: 2298.791814
validate	Run npm test	2026-10-03T03:20:30.3343376Z   ...
validate	Run npm test	2026-10-03T03:20:30.3344414Z # Subtest: desierto/saheliana: legal minimal campaign reaches night 100, reloads active raid and continues postgame
validate	Run npm test	2026-10-03T03:20:30.3346354Z ok 159 - desierto/saheliana: legal minimal campaign reaches night 100, reloads active raid and continues postgame
validate	Run npm test	2026-10-03T03:20:30.3347406Z   ---
validate	Run npm test	2026-10-03T03:20:30.3347959Z   duration_ms: 2278.149968
validate	Run npm test	2026-10-03T03:20:30.3348477Z   ...
validate	Run npm test	2026-10-03T03:20:30.3349941Z # Subtest: desierto/suajili: legal minimal campaign reaches night 100, reloads active raid and continues postgame
validate	Run npm test	2026-10-03T03:20:30.3352050Z ok 160 - desierto/suajili: legal minimal campaign reaches night 100, reloads active raid and continues postgame
validate	Run npm test	2026-10-03T03:20:30.3353638Z   ---
validate	Run npm test	2026-10-03T03:20:30.3354196Z   duration_ms: 1647.660718
validate	Run npm test	2026-10-03T03:20:30.3354702Z   ...
validate	Run npm test	2026-10-03T03:20:30.3356147Z # Subtest: desierto/musgum: legal minimal campaign reaches night 100, reloads active raid and continues postgame
validate	Run npm test	2026-10-03T03:20:30.3358338Z ok 161 - desierto/musgum: legal minimal campaign reaches night 100, reloads active raid and continues postgame
validate	Run npm test	2026-10-03T03:20:30.3359801Z   ---
validate	Run npm test	2026-10-03T03:20:30.3360165Z   duration_ms: 1967.539738
validate	Run npm test	2026-10-03T03:20:30.3360686Z   ...
validate	Run npm test	2026-10-03T03:20:30.3362176Z # Subtest: desierto/etiope: legal minimal campaign reaches night 100, reloads active raid and continues postgame
validate	Run npm test	2026-10-03T03:20:30.3364174Z ok 162 - desierto/etiope: legal minimal campaign reaches night 100, reloads active raid and continues postgame
validate	Run npm test	2026-10-03T03:20:30.3365359Z   ---
validate	Run npm test	2026-10-03T03:20:30.3365913Z   duration_ms: 1639.749279
validate	Run npm test	2026-10-03T03:20:30.3366416Z   ...
validate	Run npm test	2026-10-03T03:20:30.3367629Z # Subtest: A new center chooses a reachable village by complete path distance rather than straight-line proximity
validate	Run npm test	2026-10-03T03:20:30.3369790Z ok 163 - A new center chooses a reachable village by complete path distance rather than straight-line proximity
validate	Run npm test	2026-10-03T03:20:30.3371327Z   ---
validate	Run npm test	2026-10-03T03:20:30.3371778Z   duration_ms: 4.096316
validate	Run npm test	2026-10-03T03:20:30.3372263Z   ...
validate	Run npm test	2026-10-03T03:20:30.3373592Z # Subtest: No valid village route rejects a new center before debit, ID allocation, suppression or events
validate	Run npm test	2026-10-03T03:20:30.3375513Z ok 164 - No valid village route rejects a new center before debit, ID allocation, suppression or events
validate	Run npm test	2026-10-03T03:20:30.3376651Z   ---
validate	Run npm test	2026-10-03T03:20:30.3377256Z   duration_ms: 1.288058
validate	Run npm test	2026-10-03T03:20:30.3377744Z   ...
validate	Run npm test	2026-10-03T03:20:30.3378968Z # Subtest: Preview checks the selected culture hull and remains identical to committed native geometry
validate	Run npm test	2026-10-03T03:20:30.3380751Z ok 165 - Preview checks the selected culture hull and remains identical to committed native geometry
validate	Run npm test	2026-10-03T03:20:30.3381916Z   ---
validate	Run npm test	2026-10-03T03:20:30.3382489Z   duration_ms: 6.096058
validate	Run npm test	2026-10-03T03:20:30.3383004Z   ...
validate	Run npm test	2026-10-03T03:20:30.3384197Z # Subtest: Unbuildable culture hull or overlapping crops cannot be selected as a valid destination
validate	Run npm test	2026-10-03T03:20:30.3386154Z ok 166 - Unbuildable culture hull or overlapping crops cannot be selected as a valid destination
validate	Run npm test	2026-10-03T03:20:30.3387155Z   ---
validate	Run npm test	2026-10-03T03:20:30.3387599Z   duration_ms: 1.107611
validate	Run npm test	2026-10-03T03:20:30.3387998Z   ...
validate	Run npm test	2026-10-03T03:20:30.3388999Z # Subtest: Real Navigation validates the proposed building and preserves live collision caches during preview
validate	Run npm test	2026-10-03T03:20:30.3390983Z ok 167 - Real Navigation validates the proposed building and preserves live collision caches during preview
validate	Run npm test	2026-10-03T03:20:30.3392164Z   ---
validate	Run npm test	2026-10-03T03:20:30.3392612Z   duration_ms: 73.28223
validate	Run npm test	2026-10-03T03:20:30.3392985Z   ...
validate	Run npm test	2026-10-03T03:20:30.3393996Z # Subtest: A worker from the selected village reaches, cares for a crop and returns along real collision-safe routes
validate	Run npm test	2026-10-03T03:20:30.3395601Z ok 168 - A worker from the selected village reaches, cares for a crop and returns along real collision-safe routes
validate	Run npm test	2026-10-03T03:20:30.3396493Z   ---
validate	Run npm test	2026-10-03T03:20:30.3396829Z   duration_ms: 141.140651
validate	Run npm test	2026-10-03T03:20:30.3397224Z   ...
validate	Run npm test	2026-10-03T03:20:30.3397996Z # Subtest: The unreachable-center command explains its failure in English and Spanish
validate	Run npm test	2026-10-03T03:20:30.3399320Z ok 169 - The unreachable-center command explains its failure in English and Spanish
validate	Run npm test	2026-10-03T03:20:30.3400344Z   ---
validate	Run npm test	2026-10-03T03:20:30.3400700Z   duration_ms: 0.423858
validate	Run npm test	2026-10-03T03:20:30.3401325Z   ...
validate	Run npm test	2026-10-03T03:20:30.3402477Z # Subtest: suajili: native GLB scale, rotated collision, service routes and paid delivery agree
validate	Run npm test	2026-10-03T03:20:30.3404311Z ok 170 - suajili: native GLB scale, rotated collision, service routes and paid delivery agree
validate	Run npm test	2026-10-03T03:20:30.3405313Z   ---
validate	Run npm test	2026-10-03T03:20:30.3405767Z   duration_ms: 966.336533
validate	Run npm test	2026-10-03T03:20:30.3406710Z   ...
validate	Run npm test	2026-10-03T03:20:30.3407855Z # Subtest: etiope: native GLB scale, rotated collision, service routes and paid delivery agree
validate	Run npm test	2026-10-03T03:20:30.3409761Z ok 171 - etiope: native GLB scale, rotated collision, service routes and paid delivery agree
validate	Run npm test	2026-10-03T03:20:30.3410880Z   ---
validate	Run npm test	2026-10-03T03:20:30.3411332Z   duration_ms: 774.358273
validate	Run npm test	2026-10-03T03:20:30.3411832Z   ...
validate	Run npm test	2026-10-03T03:20:30.3412995Z # Subtest: mapungubwe: native GLB scale, rotated collision, service routes and paid delivery agree
validate	Run npm test	2026-10-03T03:20:30.3414890Z ok 172 - mapungubwe: native GLB scale, rotated collision, service routes and paid delivery agree
validate	Run npm test	2026-10-03T03:20:30.3415886Z   ---
validate	Run npm test	2026-10-03T03:20:30.3416433Z   duration_ms: 676.975125
validate	Run npm test	2026-10-03T03:20:30.3416924Z   ...
validate	Run npm test	2026-10-03T03:20:30.3418082Z # Subtest: saheliana: native GLB scale, rotated collision, service routes and paid delivery agree
validate	Run npm test	2026-10-03T03:20:30.3420251Z ok 173 - saheliana: native GLB scale, rotated collision, service routes and paid delivery agree
validate	Run npm test	2026-10-03T03:20:30.3421075Z   ---
validate	Run npm test	2026-10-03T03:20:30.3421539Z   duration_ms: 687.525069
validate	Run npm test	2026-10-03T03:20:30.3422076Z   ...
validate	Run npm test	2026-10-03T03:20:30.3423201Z # Subtest: musgum: native GLB scale, rotated collision, service routes and paid delivery agree
validate	Run npm test	2026-10-03T03:20:30.3424873Z ok 174 - musgum: native GLB scale, rotated collision, service routes and paid delivery agree
validate	Run npm test	2026-10-03T03:20:30.3426317Z   ---
validate	Run npm test	2026-10-03T03:20:30.3426781Z   duration_ms: 673.736584
validate	Run npm test	2026-10-03T03:20:30.3427271Z   ...
validate	Run npm test	2026-10-03T03:20:30.3428711Z # Subtest: real worker returns identical native terrain, water and populations in all biomes and transfers both buffers
validate	Run npm test	2026-10-03T03:20:30.3431207Z ok 175 - real worker returns identical native terrain, water and populations in all biomes and transfers both buffers
validate	Run npm test	2026-10-03T03:20:30.3432338Z   ---
validate	Run npm test	2026-10-03T03:20:30.3432675Z   duration_ms: 1997.850543
validate	Run npm test	2026-10-03T03:20:30.3433283Z   ...
validate	Run npm test	2026-10-03T03:20:30.3434540Z # Subtest: queue dispatches one nearest scored request and ignores late IDs without completing the active job
validate	Run npm test	2026-10-03T03:20:30.3436561Z ok 176 - queue dispatches one nearest scored request and ignores late IDs without completing the active job
validate	Run npm test	2026-10-03T03:20:30.3437707Z   ---
validate	Run npm test	2026-10-03T03:20:30.3438154Z   duration_ms: 1.696879
validate	Run npm test	2026-10-03T03:20:30.3438630Z   ...
validate	Run npm test	2026-10-03T03:20:30.3439928Z # Subtest: travel and forced rebuild discard obsolete responses and regenerate the current epoch
validate	Run npm test	2026-10-03T03:20:30.3441483Z ok 177 - travel and forced rebuild discard obsolete responses and regenerate the current epoch
validate	Run npm test	2026-10-03T03:20:30.3442478Z   ---
validate	Run npm test	2026-10-03T03:20:30.3442937Z   duration_ms: 0.422166
validate	Run npm test	2026-10-03T03:20:30.3443532Z   ...
validate	Run npm test	2026-10-03T03:20:30.3444716Z # Subtest: worker failure preserves pending work in asynchronous local mode and dispose cancels it
validate	Run npm test	2026-10-03T03:20:30.3446402Z ok 178 - worker failure preserves pending work in asynchronous local mode and dispose cancels it
validate	Run npm test	2026-10-03T03:20:30.3447516Z   ---
validate	Run npm test	2026-10-03T03:20:30.3447872Z   duration_ms: 0.857516
validate	Run npm test	2026-10-03T03:20:30.3448486Z   ...
validate	Run npm test	2026-10-03T03:20:30.3450054Z # Subtest: generation and installation failures settle waiters and coordinate mismatches never enter the world
validate	Run npm test	2026-10-03T03:20:30.3451928Z ok 179 - generation and installation failures settle waiters and coordinate mismatches never enter the world
validate	Run npm test	2026-10-03T03:20:30.3453129Z   ---
validate	Run npm test	2026-10-03T03:20:30.3453484Z   duration_ms: 1.274833
validate	Run npm test	2026-10-03T03:20:30.3454070Z   ...
validate	Run npm test	2026-10-03T03:20:30.3455399Z # Subtest: scene installs transferred data without regenerating terrain or navigation population on the main thread
validate	Run npm test	2026-10-03T03:20:30.3457592Z ok 180 - scene installs transferred data without regenerating terrain or navigation population on the main thread
validate	Run npm test	2026-10-03T03:20:30.3458816Z   ---
validate	Run npm test	2026-10-03T03:20:30.3459366Z   duration_ms: 96.149412
validate	Run npm test	2026-10-03T03:20:30.3460056Z   ...
validate	Run npm test	2026-10-03T03:20:30.3461165Z # Subtest: initial readiness follows the native nine-chunk threshold while the outer queue continues
validate	Run npm test	2026-10-03T03:20:30.3462779Z ok 181 - initial readiness follows the native nine-chunk threshold while the outer queue continues
validate	Run npm test	2026-10-03T03:20:30.3464041Z   ---
validate	Run npm test	2026-10-03T03:20:30.3464495Z   duration_ms: 1.083096
validate	Run npm test	2026-10-03T03:20:30.3464973Z   ...
validate	Run npm test	2026-10-03T03:20:30.3466237Z # Subtest: native contact pixels match the original rasterizer across biomes, bounds and filtered instances
validate	Run npm test	2026-10-03T03:20:30.3468353Z ok 182 - native contact pixels match the original rasterizer across biomes, bounds and filtered instances
validate	Run npm test	2026-10-03T03:20:30.3469687Z   ---
validate	Run npm test	2026-10-03T03:20:30.3470153Z   duration_ms: 95.604816
validate	Run npm test	2026-10-03T03:20:30.3470742Z   ...
validate	Run npm test	2026-10-03T03:20:30.3471949Z # Subtest: contacts ignore grass and disabled layers, clamp radii and take the darkest overlapping stamp
validate	Run npm test	2026-10-03T03:20:30.3473967Z ok 183 - contacts ignore grass and disabled layers, clamp radii and take the darkest overlapping stamp
validate	Run npm test	2026-10-03T03:20:30.3474906Z   ---
validate	Run npm test	2026-10-03T03:20:30.3475241Z   duration_ms: 3.807828
validate	Run npm test	2026-10-03T03:20:30.3475609Z   ...
validate	Run npm test	2026-10-03T03:20:30.3476591Z # Subtest: resident contact texture is stable, updates on streaming or removal and releases its owner resource
validate	Run npm test	2026-10-03T03:20:30.3478114Z ok 184 - resident contact texture is stable, updates on streaming or removal and releases its owner resource
validate	Run npm test	2026-10-03T03:20:30.3478992Z   ---
validate	Run npm test	2026-10-03T03:20:30.3479735Z   duration_ms: 3.966264
validate	Run npm test	2026-10-03T03:20:30.3480121Z   ...
validate	Run npm test	2026-10-03T03:20:30.3481091Z # Subtest: A harvest begun before shift end completes its native action and physical transport across dawn
validate	Run npm test	2026-10-03T03:20:30.3483115Z ok 185 - A harvest begun before shift end completes its native action and physical transport across dawn
validate	Run npm test	2026-10-03T03:20:30.3484166Z   ---
validate	Run npm test	2026-10-03T03:20:30.3484614Z   duration_ms: 111.994313
validate	Run npm test	2026-10-03T03:20:30.3485216Z   ...
validate	Run npm test	2026-10-03T03:20:30.3486529Z # Subtest: A delivery crossing dawn retains its carrier, position and unpaid value through zero hiring and reload
validate	Run npm test	2026-10-03T03:20:30.3488616Z ok 186 - A delivery crossing dawn retains its carrier, position and unpaid value through zero hiring and reload
validate	Run npm test	2026-10-03T03:20:30.3489817Z   ---
validate	Run npm test	2026-10-03T03:20:30.3490151Z   duration_ms: 4.936701
validate	Run npm test	2026-10-03T03:20:30.3490520Z   ...
validate	Run npm test	2026-10-03T03:20:30.3491279Z # Subtest: A busy person cannot be hired twice; only the new daily contract is charged
validate	Run npm test	2026-10-03T03:20:30.3492402Z ok 187 - A busy person cannot be hired twice; only the new daily contract is charged
validate	Run npm test	2026-10-03T03:20:30.3493128Z   ---
validate	Run npm test	2026-10-03T03:20:30.3493477Z   duration_ms: 2.072167
validate	Run npm test	2026-10-03T03:20:30.3493999Z   ...
validate	Run npm test	2026-10-03T03:20:30.3495150Z # Subtest: An expired carrier finishes its chain but cannot take ordinary tasks from the new day
validate	Run npm test	2026-10-03T03:20:30.3496636Z ok 188 - An expired carrier finishes its chain but cannot take ordinary tasks from the new day
validate	Run npm test	2026-10-03T03:20:30.3497759Z   ---
validate	Run npm test	2026-10-03T03:20:30.3498199Z   duration_ms: 7.750509
validate	Run npm test	2026-10-03T03:20:30.3498784Z   ...
validate	Run npm test	2026-10-03T03:20:30.3500286Z # Subtest: Replaying a hiring transaction from the previous day leaves hiring open and grants no free new contract
validate	Run npm test	2026-10-03T03:20:30.3502943Z ok 189 - Replaying a hiring transaction from the previous day leaves hiring open and grants no free new contract
validate	Run npm test	2026-10-03T03:20:30.3503710Z   ---
validate	Run npm test	2026-10-03T03:20:30.3504083Z   duration_ms: 0.995343
validate	Run npm test	2026-10-03T03:20:30.3504470Z   ...
validate	Run npm test	2026-10-03T03:20:30.3505214Z # Subtest: Cargo coordinates follow the actual carrier after every movement step
validate	Run npm test	2026-10-03T03:20:30.3506351Z ok 190 - Cargo coordinates follow the actual carrier after every movement step
validate	Run npm test	2026-10-03T03:20:30.3507052Z   ---
validate	Run npm test	2026-10-03T03:20:30.3507401Z   duration_ms: 0.621487
validate	Run npm test	2026-10-03T03:20:30.3507788Z   ...
validate	Run npm test	2026-10-03T03:20:30.3508715Z # Subtest: Losing the carrier center drops the box at its physical position without paying or deleting it
validate	Run npm test	2026-10-03T03:20:30.3510623Z ok 191 - Losing the carrier center drops the box at its physical position without paying or deleting it
validate	Run npm test	2026-10-03T03:20:30.3511475Z   ---
validate	Run npm test	2026-10-03T03:20:30.3511828Z   duration_ms: 0.928739
validate	Run npm test	2026-10-03T03:20:30.3512209Z   ...
validate	Run npm test	2026-10-03T03:20:30.3513034Z # Subtest: Snapshot validation rejects orphaned, duplicated or inconsistent carrier links
validate	Run npm test	2026-10-03T03:20:30.3514827Z ok 192 - Snapshot validation rejects orphaned, duplicated or inconsistent carrier links
validate	Run npm test	2026-10-03T03:20:30.3515851Z   ---
validate	Run npm test	2026-10-03T03:20:30.3516188Z   duration_ms: 2.239138
validate	Run npm test	2026-10-03T03:20:30.3516706Z   ...
validate	Run npm test	2026-10-03T03:20:30.3518051Z # Subtest: Fractional wallet balances and settled ledger entries are rejected while a pending harvest formula remains valid
validate	Run npm test	2026-10-03T03:20:30.3520329Z ok 193 - Fractional wallet balances and settled ledger entries are rejected while a pending harvest formula remains valid
validate	Run npm test	2026-10-03T03:20:30.3521453Z   ---
validate	Run npm test	2026-10-03T03:20:30.3521951Z   duration_ms: 1.183854
validate	Run npm test	2026-10-03T03:20:30.3522440Z   ...
validate	Run npm test	2026-10-03T03:20:30.3523800Z # Subtest: New harvest provenance survives reload and rejects an orphan, species mismatch, living source or duplicated yield
validate	Run npm test	2026-10-03T03:20:30.3526157Z ok 194 - New harvest provenance survives reload and rejects an orphan, species mismatch, living source or duplicated yield
validate	Run npm test	2026-10-03T03:20:30.3527469Z   ---
validate	Run npm test	2026-10-03T03:20:30.3527928Z   duration_ms: 1.873418
validate	Run npm test	2026-10-03T03:20:30.3528411Z   ...
validate	Run npm test	2026-10-03T03:20:30.3529403Z # Subtest: A corrupt latest carrier relation falls back to the last valid saved snapshot
validate	Run npm test	2026-10-03T03:20:30.3531325Z ok 195 - A corrupt latest carrier relation falls back to the last valid saved snapshot
validate	Run npm test	2026-10-03T03:20:30.3532581Z   ---
validate	Run npm test	2026-10-03T03:20:30.3533035Z   duration_ms: 1.323233
validate	Run npm test	2026-10-03T03:20:30.3533618Z   ...
validate	Run npm test	2026-10-03T03:20:30.3534506Z # Subtest: Generated balance matches authoritative received JSON exactly
validate	Run npm test	2026-10-03T03:20:30.3535908Z ok 196 - Generated balance matches authoritative received JSON exactly
validate	Run npm test	2026-10-03T03:20:30.3536862Z   ---
validate	Run npm test	2026-10-03T03:20:30.3537218Z   duration_ms: 2.518629
validate	Run npm test	2026-10-03T03:20:30.3537604Z   ...
validate	Run npm test	2026-10-03T03:20:30.3538598Z # Subtest: Ledger rounds an exact repair fraction upward only at settlement
validate	Run npm test	2026-10-03T03:20:30.3540519Z ok 197 - Ledger rounds an exact repair fraction upward only at settlement
validate	Run npm test	2026-10-03T03:20:30.3541513Z   ---
validate	Run npm test	2026-10-03T03:20:30.3541962Z   duration_ms: 0.679905
validate	Run npm test	2026-10-03T03:20:30.3542457Z   ...
validate	Run npm test	2026-10-03T03:20:30.3543077Z # Subtest: Money formatter never changes accounting
validate	Run npm test	2026-10-03T03:20:30.3544006Z ok 198 - Money formatter never changes accounting
validate	Run npm test	2026-10-03T03:20:30.3544651Z   ---
validate	Run npm test	2026-10-03T03:20:30.3545153Z   duration_ms: 13.782749
validate	Run npm test	2026-10-03T03:20:30.3545670Z   ...
validate	Run npm test	2026-10-03T03:20:30.3546474Z # Subtest: Global allocation: 60/30/10, seven workers -> 4/2/1
validate	Run npm test	2026-10-03T03:20:30.3547522Z ok 199 - Global allocation: 60/30/10, seven workers -> 4/2/1
validate	Run npm test	2026-10-03T03:20:30.3548300Z   ---
validate	Run npm test	2026-10-03T03:20:30.3548635Z   duration_ms: 0.406126
validate	Run npm test	2026-10-03T03:20:30.3549008Z   ...
validate	Run npm test	2026-10-03T03:20:30.3550001Z # Subtest: Stable equal residues and empty centers retain base assignment
validate	Run npm test	2026-10-03T03:20:30.3551035Z ok 200 - Stable equal residues and empty centers retain base assignment
validate	Run npm test	2026-10-03T03:20:30.3551991Z   ---
validate	Run npm test	2026-10-03T03:20:30.3552335Z   duration_ms: 0.217945
validate	Run npm test	2026-10-03T03:20:30.3552724Z   ...
validate	Run npm test	2026-10-03T03:20:30.3553524Z # Subtest: Scarce workforce covers highest plant weights before adding a second worker
validate	Run npm test	2026-10-03T03:20:30.3554711Z ok 201 - Scarce workforce covers highest plant weights before adding a second worker
validate	Run npm test	2026-10-03T03:20:30.3555430Z   ---
validate	Run npm test	2026-10-03T03:20:30.3555785Z   duration_ms: 0.262038
validate	Run npm test	2026-10-03T03:20:30.3556230Z   ...
validate	Run npm test	2026-10-03T03:20:30.3556988Z # Subtest: Zero weights divide without fictitious plants; no centers divide nowhere
validate	Run npm test	2026-10-03T03:20:30.3558132Z ok 202 - Zero weights divide without fictitious plants; no centers divide nowhere
validate	Run npm test	2026-10-03T03:20:30.3558990Z   ---
validate	Run npm test	2026-10-03T03:20:30.3559325Z   duration_ms: 0.205041
validate	Run npm test	2026-10-03T03:20:30.3559883Z   ...
validate	Run npm test	2026-10-03T03:20:30.3560574Z # Subtest: Allocation conserves every worker over 3000 seeded scenarios
validate	Run npm test	2026-10-03T03:20:30.3561575Z ok 203 - Allocation conserves every worker over 3000 seeded scenarios
validate	Run npm test	2026-10-03T03:20:30.3562209Z   ---
validate	Run npm test	2026-10-03T03:20:30.3562556Z   duration_ms: 57.322567
validate	Run npm test	2026-10-03T03:20:30.3563155Z   ...
validate	Run npm test	2026-10-03T03:20:30.3563973Z # Subtest: Hiring rejects negatives and unknown profiles; balanced profiles preserve totals
validate	Run npm test	2026-10-03T03:20:30.3565257Z ok 204 - Hiring rejects negatives and unknown profiles; balanced profiles preserve totals
validate	Run npm test	2026-10-03T03:20:30.3566015Z   ---
validate	Run npm test	2026-10-03T03:20:30.3566354Z   duration_ms: 0.669476
validate	Run npm test	2026-10-03T03:20:30.3566736Z   ...
validate	Run npm test	2026-10-03T03:20:30.3567488Z # Subtest: mijo: first combined task gates growth; mandatory watering gates maturity
validate	Run npm test	2026-10-03T03:20:30.3568622Z ok 205 - mijo: first combined task gates growth; mandatory watering gates maturity
validate	Run npm test	2026-10-03T03:20:30.3569320Z   ---
validate	Run npm test	2026-10-03T03:20:30.3569874Z   duration_ms: 0.577204
validate	Run npm test	2026-10-03T03:20:30.3570254Z   ...
validate	Run npm test	2026-10-03T03:20:30.3570987Z # Subtest: mijo: magic satisfies only crossed checkpoints, no initial water debt
validate	Run npm test	2026-10-03T03:20:30.3572090Z ok 206 - mijo: magic satisfies only crossed checkpoints, no initial water debt
validate	Run npm test	2026-10-03T03:20:30.3572775Z   ---
validate	Run npm test	2026-10-03T03:20:30.3573110Z   duration_ms: 0.230089
validate	Run npm test	2026-10-03T03:20:30.3573492Z   ...
validate	Run npm test	2026-10-03T03:20:30.3574270Z # Subtest: girasol: first combined task gates growth; mandatory watering gates maturity
validate	Run npm test	2026-10-03T03:20:30.3575438Z ok 207 - girasol: first combined task gates growth; mandatory watering gates maturity
validate	Run npm test	2026-10-03T03:20:30.3576383Z   ---
validate	Run npm test	2026-10-03T03:20:30.3576721Z   duration_ms: 0.215913
validate	Run npm test	2026-10-03T03:20:30.3577097Z   ...
validate	Run npm test	2026-10-03T03:20:30.3577852Z # Subtest: girasol: magic satisfies only crossed checkpoints, no initial water debt
validate	Run npm test	2026-10-03T03:20:30.3578982Z ok 208 - girasol: magic satisfies only crossed checkpoints, no initial water debt
validate	Run npm test	2026-10-03T03:20:30.3580253Z   ---
validate	Run npm test	2026-10-03T03:20:30.3580657Z   duration_ms: 0.146482
validate	Run npm test	2026-10-03T03:20:30.3581331Z   ...
validate	Run npm test	2026-10-03T03:20:30.3582314Z # Subtest: sorgo: first combined task gates growth; mandatory watering gates maturity
validate	Run npm test	2026-10-03T03:20:30.3583705Z ok 209 - sorgo: first combined task gates growth; mandatory watering gates maturity
validate	Run npm test	2026-10-03T03:20:30.3584690Z   ---
validate	Run npm test	2026-10-03T03:20:30.3585231Z   duration_ms: 0.175798
validate	Run npm test	2026-10-03T03:20:30.3585710Z   ...
validate	Run npm test	2026-10-03T03:20:30.3586769Z # Subtest: sorgo: magic satisfies only crossed checkpoints, no initial water debt
validate	Run npm test	2026-10-03T03:20:30.3588212Z ok 210 - sorgo: magic satisfies only crossed checkpoints, no initial water debt
validate	Run npm test	2026-10-03T03:20:30.3589228Z   ---
validate	Run npm test	2026-10-03T03:20:30.3589773Z   duration_ms: 0.1345
validate	Run npm test	2026-10-03T03:20:30.3590303Z   ...
validate	Run npm test	2026-10-03T03:20:30.3591395Z # Subtest: maiz: first combined task gates growth; mandatory watering gates maturity
validate	Run npm test	2026-10-03T03:20:30.3593039Z ok 211 - maiz: first combined task gates growth; mandatory watering gates maturity
validate	Run npm test	2026-10-03T03:20:30.3593847Z   ---
validate	Run npm test	2026-10-03T03:20:30.3594396Z   duration_ms: 0.181538
validate	Run npm test	2026-10-03T03:20:30.3594880Z   ...
validate	Run npm test	2026-10-03T03:20:30.3595974Z # Subtest: maiz: magic satisfies only crossed checkpoints, no initial water debt
validate	Run npm test	2026-10-03T03:20:30.3597449Z ok 212 - maiz: magic satisfies only crossed checkpoints, no initial water debt
validate	Run npm test	2026-10-03T03:20:30.3598450Z   ---
validate	Run npm test	2026-10-03T03:20:30.3598901Z   duration_ms: 0.125884
validate	Run npm test	2026-10-03T03:20:30.3599382Z   ...
validate	Run npm test	2026-10-03T03:20:30.3600647Z # Subtest: batata: first combined task gates growth; mandatory watering gates maturity
validate	Run npm test	2026-10-03T03:20:30.3602159Z ok 213 - batata: first combined task gates growth; mandatory watering gates maturity
validate	Run npm test	2026-10-03T03:20:30.3603189Z   ---
validate	Run npm test	2026-10-03T03:20:30.3603632Z   duration_ms: 0.247621
validate	Run npm test	2026-10-03T03:20:30.3604215Z   ...
validate	Run npm test	2026-10-03T03:20:30.3605174Z # Subtest: batata: magic satisfies only crossed checkpoints, no initial water debt
validate	Run npm test	2026-10-03T03:20:30.3606826Z ok 214 - batata: magic satisfies only crossed checkpoints, no initial water debt
validate	Run npm test	2026-10-03T03:20:30.3607653Z   ---
validate	Run npm test	2026-10-03T03:20:30.3607995Z   duration_ms: 0.163895
validate	Run npm test	2026-10-03T03:20:30.3608577Z   ...
validate	Run npm test	2026-10-03T03:20:30.3609477Z # Subtest: algodon: first combined task gates growth; mandatory watering gates maturity
validate	Run npm test	2026-10-03T03:20:30.3611367Z ok 215 - algodon: first combined task gates growth; mandatory watering gates maturity
validate	Run npm test	2026-10-03T03:20:30.3612623Z   ---
validate	Run npm test	2026-10-03T03:20:30.3612970Z   duration_ms: 0.227524
validate	Run npm test	2026-10-03T03:20:30.3613342Z   ...
validate	Run npm test	2026-10-03T03:20:30.3614224Z # Subtest: algodon: magic satisfies only crossed checkpoints, no initial water debt
validate	Run npm test	2026-10-03T03:20:30.3616016Z ok 216 - algodon: magic satisfies only crossed checkpoints, no initial water debt
validate	Run npm test	2026-10-03T03:20:30.3617044Z   ---
validate	Run npm test	2026-10-03T03:20:30.3617491Z   duration_ms: 0.116477
validate	Run npm test	2026-10-03T03:20:30.3618058Z   ...
validate	Run npm test	2026-10-03T03:20:30.3619121Z # Subtest: yuca: first combined task gates growth; mandatory watering gates maturity
validate	Run npm test	2026-10-03T03:20:30.3620892Z ok 217 - yuca: first combined task gates growth; mandatory watering gates maturity
validate	Run npm test	2026-10-03T03:20:30.3621988Z   ---
validate	Run npm test	2026-10-03T03:20:30.3622453Z   duration_ms: 0.105787
validate	Run npm test	2026-10-03T03:20:30.3622932Z   ...
validate	Run npm test	2026-10-03T03:20:30.3623985Z # Subtest: yuca: magic satisfies only crossed checkpoints, no initial water debt
validate	Run npm test	2026-10-03T03:20:30.3625627Z ok 218 - yuca: magic satisfies only crossed checkpoints, no initial water debt
validate	Run npm test	2026-10-03T03:20:30.3626521Z   ---
validate	Run npm test	2026-10-03T03:20:30.3627071Z   duration_ms: 0.083345
validate	Run npm test	2026-10-03T03:20:30.3627554Z   ...
validate	Run npm test	2026-10-03T03:20:30.3628553Z # Subtest: platano: first combined task gates growth; mandatory watering gates maturity
validate	Run npm test	2026-10-03T03:20:30.3629960Z ok 219 - platano: first combined task gates growth; mandatory watering gates maturity
validate	Run npm test	2026-10-03T03:20:30.3630927Z   ---
validate	Run npm test	2026-10-03T03:20:30.3631271Z   duration_ms: 0.097091
validate	Run npm test	2026-10-03T03:20:30.3631793Z   ...
validate	Run npm test	2026-10-03T03:20:30.3632846Z # Subtest: platano: magic satisfies only crossed checkpoints, no initial water debt
validate	Run npm test	2026-10-03T03:20:30.3634507Z ok 220 - platano: magic satisfies only crossed checkpoints, no initial water debt
validate	Run npm test	2026-10-03T03:20:30.3635524Z   ---
validate	Run npm test	2026-10-03T03:20:30.3635963Z   duration_ms: 0.09094
validate	Run npm test	2026-10-03T03:20:30.3636543Z   ...
validate	Run npm test	2026-10-03T03:20:30.3637189Z # Subtest: Growth magic does not clear earlier water debt
validate	Run npm test	2026-10-03T03:20:30.3638273Z ok 221 - Growth magic does not clear earlier water debt
validate	Run npm test	2026-10-03T03:20:30.3639138Z   ---
validate	Run npm test	2026-10-03T03:20:30.3639766Z   duration_ms: 0.162122
validate	Run npm test	2026-10-03T03:20:30.3640286Z   ...
validate	Run npm test	2026-10-03T03:20:30.3641374Z # Subtest: Contiguous harvest selection does not include distant same-species plants
validate	Run npm test	2026-10-03T03:20:30.3643149Z ok 222 - Contiguous harvest selection does not include distant same-species plants
validate	Run npm test	2026-10-03T03:20:30.3643893Z   ---
validate	Run npm test	2026-10-03T03:20:30.3644243Z   duration_ms: 0.272217
validate	Run npm test	2026-10-03T03:20:30.3644625Z   ...
validate	Run npm test	2026-10-03T03:20:30.3645427Z # Subtest: FIFO chooses oldest task, proximity chooses its worker and reserves atomically
validate	Run npm test	2026-10-03T03:20:30.3646654Z ok 223 - FIFO chooses oldest task, proximity chooses its worker and reserves atomically
validate	Run npm test	2026-10-03T03:20:30.3647385Z   ---
validate	Run npm test	2026-10-03T03:20:30.3647717Z   duration_ms: 0.412959
validate	Run npm test	2026-10-03T03:20:30.3648087Z   ...
validate	Run npm test	2026-10-03T03:20:30.3648755Z # Subtest: Threat boundaries and attraction are live plant base values
validate	Run npm test	2026-10-03T03:20:30.3649969Z ok 224 - Threat boundaries and attraction are live plant base values
validate	Run npm test	2026-10-03T03:20:30.3650620Z   ---
validate	Run npm test	2026-10-03T03:20:30.3650962Z   duration_ms: 0.292455
validate	Run npm test	2026-10-03T03:20:30.3651325Z   ...
validate	Run npm test	2026-10-03T03:20:30.3652063Z # Subtest: Every reachable threat budget has unique legal unordered compositions
validate	Run npm test	2026-10-03T03:20:30.3653182Z ok 225 - Every reachable threat budget has unique legal unordered compositions
validate	Run npm test	2026-10-03T03:20:30.3653888Z   ---
validate	Run npm test	2026-10-03T03:20:30.3654229Z   duration_ms: 1.765707
validate	Run npm test	2026-10-03T03:20:30.3654613Z   ...
validate	Run npm test	2026-10-03T03:20:30.3655296Z # Subtest: Building collapse thresholds remain distinct and irreversible
validate	Run npm test	2026-10-03T03:20:30.3656372Z ok 226 - Building collapse thresholds remain distinct and irreversible
validate	Run npm test	2026-10-03T03:20:30.3657011Z   ---
validate	Run npm test	2026-10-03T03:20:30.3657342Z   duration_ms: 0.195053
validate	Run npm test	2026-10-03T03:20:30.3657729Z   ...
validate	Run npm test	2026-10-03T03:20:30.3658500Z # Subtest: Permission matrix handles stacked pauses, night, raid and center recovery
validate	Run npm test	2026-10-03T03:20:30.3660303Z ok 227 - Permission matrix handles stacked pauses, night, raid and center recovery
validate	Run npm test	2026-10-03T03:20:30.3661268Z   ---
validate	Run npm test	2026-10-03T03:20:30.3661604Z   duration_ms: 0.248723
validate	Run npm test	2026-10-03T03:20:30.3661978Z   ...
validate	Run npm test	2026-10-03T03:20:30.3662641Z # Subtest: Economic dawn thresholds and linear unlimited village costs
validate	Run npm test	2026-10-03T03:20:30.3663619Z ok 228 - Economic dawn thresholds and linear unlimited village costs
validate	Run npm test	2026-10-03T03:20:30.3664268Z   ---
validate	Run npm test	2026-10-03T03:20:30.3664607Z   duration_ms: 0.26363
validate	Run npm test	2026-10-03T03:20:30.3664985Z   ...
validate	Run npm test	2026-10-03T03:20:30.3665754Z # Subtest: Snapshots reject malformed data, roundtrip random state and isolate slots
validate	Run npm test	2026-10-03T03:20:30.3666929Z ok 229 - Snapshots reject malformed data, roundtrip random state and isolate slots
validate	Run npm test	2026-10-03T03:20:30.3667651Z   ---
validate	Run npm test	2026-10-03T03:20:30.3667988Z   duration_ms: 1.549885
validate	Run npm test	2026-10-03T03:20:30.3668375Z   ...
validate	Run npm test	2026-10-03T03:20:30.3669457Z # Subtest: mature plants and paused morphs keep both buffer versions stable; wind changes through the shared uniform alone
validate	Run npm test	2026-10-03T03:20:30.3671383Z ok 230 - mature plants and paused morphs keep both buffer versions stable; wind changes through the shared uniform alone
validate	Run npm test	2026-10-03T03:20:30.3672358Z   ---
validate	Run npm test	2026-10-03T03:20:30.3672705Z   duration_ms: 25.602403
validate	Run npm test	2026-10-03T03:20:30.3673097Z   ...
validate	Run npm test	2026-10-03T03:20:30.3674102Z # Subtest: growth within a stage uploads only growth components while the position and rotation remain untouched
validate	Run npm test	2026-10-03T03:20:30.3675874Z ok 231 - growth within a stage uploads only growth components while the position and rotation remain untouched
validate	Run npm test	2026-10-03T03:20:30.3676759Z   ---
validate	Run npm test	2026-10-03T03:20:30.3677108Z   duration_ms: 13.376031
validate	Run npm test	2026-10-03T03:20:30.3677499Z   ...
validate	Run npm test	2026-10-03T03:20:30.3678614Z # Subtest: slot changes, height and recentering update matrices, retain unchanged growth, and clamp visible count to capacity
validate	Run npm test	2026-10-03T03:20:30.3681569Z ok 232 - slot changes, height and recentering update matrices, retain unchanged growth, and clamp visible count to capacity
validate	Run npm test	2026-10-03T03:20:30.3682507Z   ---
validate	Run npm test	2026-10-03T03:20:30.3682827Z   duration_ms: 16.89331
validate	Run npm test	2026-10-03T03:20:30.3683185Z   ...
validate	Run npm test	2026-10-03T03:20:30.3684146Z # Subtest: multiple updates before a GPU draw retain earlier dirty ranges and never upload the unused capacity
validate	Run npm test	2026-10-03T03:20:30.3685644Z ok 233 - multiple updates before a GPU draw retain earlier dirty ranges and never upload the unused capacity
validate	Run npm test	2026-10-03T03:20:30.3686581Z   ---
validate	Run npm test	2026-10-03T03:20:30.3686977Z   duration_ms: 11.579106
validate	Run npm test	2026-10-03T03:20:30.3687433Z   ...
validate	Run npm test	2026-10-03T03:20:30.3688183Z # Subtest: DEST extraction and five original GLBs retain audited source hashes
validate	Run npm test	2026-10-03T03:20:30.3689241Z ok 234 - DEST extraction and five original GLBs retain audited source hashes
validate	Run npm test	2026-10-03T03:20:30.3690053Z   ---
validate	Run npm test	2026-10-03T03:20:30.3690263Z   duration_ms: 85.554454
validate	Run npm test	2026-10-03T03:20:30.3690487Z   ...
validate	Run npm test	2026-10-03T03:20:30.3690979Z # Subtest: Original GLSL masks, opening-depth guard and collapse programs are retained verbatim
validate	Run npm test	2026-10-03T03:20:30.3691722Z ok 235 - Original GLSL masks, opening-depth guard and collapse programs are retained verbatim
validate	Run npm test	2026-10-03T03:20:30.3692170Z   ---
validate	Run npm test	2026-10-03T03:20:30.3692369Z   duration_ms: 0.506543
validate	Run npm test	2026-10-03T03:20:30.3692587Z   ...
validate	Run npm test	2026-10-03T03:20:30.3693067Z # Subtest: All original triangle pivots follow exact native trajectories and six damage stages
validate	Run npm test	2026-10-03T03:20:30.3693791Z ok 236 - All original triangle pivots follow exact native trajectories and six damage stages
validate	Run npm test	2026-10-03T03:20:30.3694239Z   ---
validate	Run npm test	2026-10-03T03:20:30.3694432Z   duration_ms: 87.88441
validate	Run npm test	2026-10-03T03:20:30.3694643Z   ...
validate	Run npm test	2026-10-03T03:20:30.3695113Z # Subtest: Only native Sahelian roof patch adds geometry; original UVs and buffers stay unchanged
validate	Run npm test	2026-10-03T03:20:30.3695851Z ok 237 - Only native Sahelian roof patch adds geometry; original UVs and buffers stay unchanged
validate	Run npm test	2026-10-03T03:20:30.3696290Z   ---
validate	Run npm test	2026-10-03T03:20:30.3696477Z   duration_ms: 33.19338
validate	Run npm test	2026-10-03T03:20:30.3696693Z   ...
validate	Run npm test	2026-10-03T03:20:30.3697163Z # Subtest: Eight fitted damage sites and footprint ash regenerate deterministically after repair
validate	Run npm test	2026-10-03T03:20:30.3697896Z ok 238 - Eight fitted damage sites and footprint ash regenerate deterministically after repair
validate	Run npm test	2026-10-03T03:20:30.3698536Z   ---
validate	Run npm test	2026-10-03T03:20:30.3698724Z   duration_ms: 2050.796867
validate	Run npm test	2026-10-03T03:20:30.3698955Z   ...
validate	Run npm test	2026-10-03T03:20:30.3699437Z # Subtest: Native particle shaders and fragment geometry retain source hashes and exact source code
validate	Run npm test	2026-10-03T03:20:30.3700875Z ok 239 - Native particle shaders and fragment geometry retain source hashes and exact source code
validate	Run npm test	2026-10-03T03:20:30.3701673Z   ---
validate	Run npm test	2026-10-03T03:20:30.3702002Z   duration_ms: 5.726465
validate	Run npm test	2026-10-03T03:20:30.3702376Z   ...
validate	Run npm test	2026-10-03T03:20:30.3703394Z # Subtest: All five houses reproduce original ash scatter, emissions, gravity, bounce, friction and upload data
validate	Run npm test	2026-10-03T03:20:30.3705412Z ok 240 - All five houses reproduce original ash scatter, emissions, gravity, bounce, friction and upload data
validate	Run npm test	2026-10-03T03:20:30.3706333Z   ---
validate	Run npm test	2026-10-03T03:20:30.3706689Z   duration_ms: 387.666711
validate	Run npm test	2026-10-03T03:20:30.3707086Z   ...
validate	Run npm test	2026-10-03T03:20:30.3708054Z # Subtest: Original smoke quality caps and 340-fragment cap remain bounded under repeated structural bursts
validate	Run npm test	2026-10-03T03:20:30.3709819Z ok 241 - Original smoke quality caps and 340-fragment cap remain bounded under repeated structural bursts
validate	Run npm test	2026-10-03T03:20:30.3710702Z   ---
validate	Run npm test	2026-10-03T03:20:30.3711056Z   duration_ms: 119.147539
validate	Run npm test	2026-10-03T03:20:30.3711675Z   ...
validate	Run npm test	2026-10-03T03:20:30.3712687Z # Subtest: Loaded collapse does not replay bursts; zero elapsed freezes particles and full repair clears emitters
validate	Run npm test	2026-10-03T03:20:30.3714279Z ok 242 - Loaded collapse does not replay bursts; zero elapsed freezes particles and full repair clears emitters
validate	Run npm test	2026-10-03T03:20:30.3715189Z   ---
validate	Run npm test	2026-10-03T03:20:30.3715535Z   duration_ms: 1.130583
validate	Run npm test	2026-10-03T03:20:30.3715923Z   ...
validate	Run npm test	2026-10-03T03:20:30.3716592Z # Subtest: Raid destruction reassigns only displaced employees locally without another wage
validate	Run npm test	2026-10-03T03:20:30.3717238Z ok 243 - Raid destruction reassigns only displaced employees locally without another wage
validate	Run npm test	2026-10-03T03:20:30.3717380Z   ---
validate	Run npm test	2026-10-03T03:20:30.3717549Z   duration_ms: 4.419413
validate	Run npm test	2026-10-03T03:20:30.3717690Z   ...
validate	Run npm test	2026-10-03T03:20:30.3718458Z # Subtest: Returning and already home displaced workers remain recoverable by a new center after reload
validate	Run npm test	2026-10-03T03:20:30.3719207Z ok 244 - Returning and already home displaced workers remain recoverable by a new center after reload
validate	Run npm test	2026-10-03T03:20:30.3719360Z   ---
validate	Run npm test	2026-10-03T03:20:30.3719735Z   duration_ms: 5.93916
validate	Run npm test	2026-10-03T03:20:30.3719900Z   ...
validate	Run npm test	2026-10-03T03:20:30.3720601Z # Subtest: Rebuilt center recovers displaced contracts while surviving staff keep assignments
validate	Run npm test	2026-10-03T03:20:30.3721270Z ok 245 - Rebuilt center recovers displaced contracts while surviving staff keep assignments
validate	Run npm test	2026-10-03T03:20:30.3721422Z   ---
validate	Run npm test	2026-10-03T03:20:30.3721593Z   duration_ms: 0.863757
validate	Run npm test	2026-10-03T03:20:30.3721728Z   ...
validate	Run npm test	2026-10-03T03:20:30.3722524Z # Subtest: Worker arrival reconstructs a ruined center and recovers its displaced staff without rebalance
validate	Run npm test	2026-10-03T03:20:30.3723279Z ok 246 - Worker arrival reconstructs a ruined center and recovers its displaced staff without rebalance
validate	Run npm test	2026-10-03T03:20:30.3723427Z   ---
validate	Run npm test	2026-10-03T03:20:30.3723597Z   duration_ms: 1.847588
validate	Run npm test	2026-10-03T03:20:30.3723744Z   ...
validate	Run npm test	2026-10-03T03:20:30.3724457Z # Subtest: Recovery excludes incapacitated, expired, shift-ended and foreign-village workers
validate	Run npm test	2026-10-03T03:20:30.3725136Z ok 247 - Recovery excludes incapacitated, expired, shift-ended and foreign-village workers
validate	Run npm test	2026-10-03T03:20:30.3725310Z   ---
validate	Run npm test	2026-10-03T03:20:30.3725483Z   duration_ms: 0.790932
validate	Run npm test	2026-10-03T03:20:30.3725624Z   ...
validate	Run npm test	2026-10-03T03:20:30.3726228Z # Subtest: New construction during an active attack cannot recall fleeing employees
validate	Run npm test	2026-10-03T03:20:30.3726789Z ok 248 - New construction during an active attack cannot recall fleeing employees
validate	Run npm test	2026-10-03T03:20:30.3726933Z   ---
validate	Run npm test	2026-10-03T03:20:30.3727092Z   duration_ms: 0.475024
validate	Run npm test	2026-10-03T03:20:30.3727232Z   ...
validate	Run npm test	2026-10-03T03:20:30.3727984Z # Subtest: A rejected frontal encounter rolls once, but later physical overlap makes the hit mandatory
validate	Run npm test	2026-10-03T03:20:30.3728920Z ok 249 - A rejected frontal encounter rolls once, but later physical overlap makes the hit mandatory
validate	Run npm test	2026-10-03T03:20:30.3729072Z   ---
validate	Run npm test	2026-10-03T03:20:30.3729246Z   duration_ms: 4.278341
validate	Run npm test	2026-10-03T03:20:30.3729388Z   ...
validate	Run npm test	2026-10-03T03:20:30.3730213Z # Subtest: A non-overlapping passage behind the animal never rolls or spends a hit
validate	Run npm test	2026-10-03T03:20:30.3730802Z ok 250 - A non-overlapping passage behind the animal never rolls or spends a hit
validate	Run npm test	2026-10-03T03:20:30.3730955Z   ---
validate	Run npm test	2026-10-03T03:20:30.3731122Z   duration_ms: 0.321027
validate	Run npm test	2026-10-03T03:20:30.3731276Z   ...
validate	Run npm test	2026-10-03T03:20:30.3732088Z # Subtest: One continuing encounter hits once; leaving and returning permits the second hit of the same animal
validate	Run npm test	2026-10-03T03:20:30.3732873Z ok 251 - One continuing encounter hits once; leaving and returning permits the second hit of the same animal
validate	Run npm test	2026-10-03T03:20:30.3733017Z   ---
validate	Run npm test	2026-10-03T03:20:30.3733183Z   duration_ms: 0.64494
validate	Run npm test	2026-10-03T03:20:30.3733323Z   ...
validate	Run npm test	2026-10-03T03:20:30.3734132Z # Subtest: Saving inside a rejected encounter preserves its roll and resumes without frame-by-frame retries
validate	Run npm test	2026-10-03T03:20:30.3734908Z ok 252 - Saving inside a rejected encounter preserves its roll and resumes without frame-by-frame retries
validate	Run npm test	2026-10-03T03:20:30.3735058Z   ---
validate	Run npm test	2026-10-03T03:20:30.3735467Z   duration_ms: 0.921604
validate	Run npm test	2026-10-03T03:20:30.3735619Z   ...
validate	Run npm test	2026-10-03T03:20:30.3736543Z # Subtest: Continuous relative trajectories detect an overlap even when both endpoints lie outside the encounter radius
validate	Run npm test	2026-10-03T03:20:30.3737446Z ok 253 - Continuous relative trajectories detect an overlap even when both endpoints lie outside the encounter radius
validate	Run npm test	2026-10-03T03:20:30.3737605Z   ---
validate	Run npm test	2026-10-03T03:20:30.3737782Z   duration_ms: 0.38163
validate	Run npm test	2026-10-03T03:20:30.3737943Z   ...
validate	Run npm test	2026-10-03T03:20:30.3738643Z # Subtest: Physical pushes check their whole path and turn along a wall instead of crossing it
validate	Run npm test	2026-10-03T03:20:30.3739314Z ok 254 - Physical pushes check their whole path and turn along a wall instead of crossing it
validate	Run npm test	2026-10-03T03:20:30.3739475Z   ---
validate	Run npm test	2026-10-03T03:20:30.3739841Z   duration_ms: 0.898802
validate	Run npm test	2026-10-03T03:20:30.3739984Z   ...
validate	Run npm test	2026-10-03T03:20:30.3740819Z # Subtest: A completely blocked push keeps the worker on valid terrain and does not jump to a valid far endpoint
validate	Run npm test	2026-10-03T03:20:30.3741609Z ok 255 - A completely blocked push keeps the worker on valid terrain and does not jump to a valid far endpoint
validate	Run npm test	2026-10-03T03:20:30.3741751Z   ---
validate	Run npm test	2026-10-03T03:20:30.3741919Z   duration_ms: 0.218085
validate	Run npm test	2026-10-03T03:20:30.3742064Z   ...
validate	Run npm test	2026-10-03T03:20:30.3742699Z # Subtest: Retreating animals and exhausted hit budgets cannot create a free worker hit
validate	Run npm test	2026-10-03T03:20:30.3743294Z ok 256 - Retreating animals and exhausted hit budgets cannot create a free worker hit
validate	Run npm test	2026-10-03T03:20:30.3743444Z   ---
validate	Run npm test	2026-10-03T03:20:30.3743610Z   duration_ms: 0.290891
validate	Run npm test	2026-10-03T03:20:30.3743745Z   ...
validate	Run npm test	2026-10-03T03:20:30.3744546Z # Subtest: Recovery remains attached to the injured person during re-hiring and clears on the following day
validate	Run npm test	2026-10-03T03:20:30.3745317Z ok 257 - Recovery remains attached to the injured person during re-hiring and clears on the following day
validate	Run npm test	2026-10-03T03:20:30.3745466Z   ---
validate	Run npm test	2026-10-03T03:20:30.3745632Z   duration_ms: 87.102047
validate	Run npm test	2026-10-03T03:20:30.3745777Z   ...
validate	Run npm test	2026-10-03T03:20:30.3746630Z # Subtest: Valid frontal encounters preserve the approved sixty-percent probability across a reproducible sample
validate	Run npm test	2026-10-03T03:20:30.3747466Z ok 258 - Valid frontal encounters preserve the approved sixty-percent probability across a reproducible sample
validate	Run npm test	2026-10-03T03:20:30.3747612Z   ---
validate	Run npm test	2026-10-03T03:20:30.3747781Z   duration_ms: 50.8777
validate	Run npm test	2026-10-03T03:20:30.3747924Z   ...
validate	Run npm test	2026-10-03T03:20:30.3748740Z # Subtest: Raid survivors return walking even with urgent tasks, and resume ordinary running only after arrival
validate	Run npm test	2026-10-03T03:20:30.3749741Z ok 259 - Raid survivors return walking even with urgent tasks, and resume ordinary running only after arrival
validate	Run npm test	2026-10-03T03:20:30.3749900Z   ---
validate	Run npm test	2026-10-03T03:20:30.3750072Z   duration_ms: 30.785778
validate	Run npm test	2026-10-03T03:20:30.3750419Z   ...
validate	Run npm test	2026-10-03T03:20:30.3751072Z # Subtest: endpoint guard leaves the complete received mix, UVs, LOD, scale and fill intact
validate	Run npm test	2026-10-03T03:20:30.3751705Z ok 260 - endpoint guard leaves the complete received mix, UVs, LOD, scale and fill intact
validate	Run npm test	2026-10-03T03:20:30.3751847Z   ---
validate	Run npm test	2026-10-03T03:20:30.3752011Z   duration_ms: 2.265194
validate	Run npm test	2026-10-03T03:20:30.3752153Z   ...
validate	Run npm test	2026-10-03T03:20:30.3752978Z # Subtest: Standard, Basic and painted fluid share a live endpoint switch without changing depth or recompiling
validate	Run npm test	2026-10-03T03:20:30.3753780Z ok 261 - Standard, Basic and painted fluid share a live endpoint switch without changing depth or recompiling
validate	Run npm test	2026-10-03T03:20:30.3753932Z   ---
validate	Run npm test	2026-10-03T03:20:30.3754102Z   duration_ms: 2.990013
validate	Run npm test	2026-10-03T03:20:30.3754243Z   ...
validate	Run npm test	2026-10-03T03:20:30.3754985Z # Subtest: native destruction and debris also use one guarded HDR recipe with the original mixed path
validate	Run npm test	2026-10-03T03:20:30.3755704Z ok 262 - native destruction and debris also use one guarded HDR recipe with the original mixed path
validate	Run npm test	2026-10-03T03:20:30.3755851Z   ---
validate	Run npm test	2026-10-03T03:20:30.3756169Z   duration_ms: 0.373966
validate	Run npm test	2026-10-03T03:20:30.3756312Z   ...
validate	Run npm test	2026-10-03T03:20:30.3757144Z # Subtest: noise adapter preserves every authored operation outside its uniform guard and rejects source drift
validate	Run npm test	2026-10-03T03:20:30.3758135Z ok 263 - noise adapter preserves every authored operation outside its uniform guard and rejects source drift
validate	Run npm test	2026-10-03T03:20:30.3758286Z   ---
validate	Run npm test	2026-10-03T03:20:30.3758459Z   duration_ms: 3.256498
validate	Run npm test	2026-10-03T03:20:30.3758600Z   ...
validate	Run npm test	2026-10-03T03:20:30.3759404Z # Subtest: both ground qualities and volcanic objects share a live diagnostic uniform without recompilation
validate	Run npm test	2026-10-03T03:20:30.3760404Z ok 264 - both ground qualities and volcanic objects share a live diagnostic uniform without recompilation
validate	Run npm test	2026-10-03T03:20:30.3760555Z   ---
validate	Run npm test	2026-10-03T03:20:30.3760720Z   duration_ms: 1.892812
validate	Run npm test	2026-10-03T03:20:30.3760858Z   ...
validate	Run npm test	2026-10-03T03:20:30.3761494Z # Subtest: HDR environment bytes match original radiance compression for both panoramas
validate	Run npm test	2026-10-03T03:20:30.3762099Z ok 265 - HDR environment bytes match original radiance compression for both panoramas
validate	Run npm test	2026-10-03T03:20:30.3762243Z   ---
validate	Run npm test	2026-10-03T03:20:30.3762411Z   duration_ms: 365.698578
validate	Run npm test	2026-10-03T03:20:30.3762560Z   ...
validate	Run npm test	2026-10-03T03:20:30.3763217Z # Subtest: complete Fresnel, environment BRDF and fluid branch retain user shader constants
validate	Run npm test	2026-10-03T03:20:30.3763863Z ok 266 - complete Fresnel, environment BRDF and fluid branch retain user shader constants
validate	Run npm test	2026-10-03T03:20:30.3764013Z   ---
validate	Run npm test	2026-10-03T03:20:30.3764177Z   duration_ms: 1.116568
validate	Run npm test	2026-10-03T03:20:30.3764325Z   ...
validate	Run npm test	2026-10-03T03:20:30.3765019Z # Subtest: water binds common night and yaw, keeps native exposure and avoids a second tone curve
validate	Run npm test	2026-10-03T03:20:30.3765667Z ok 267 - water binds common night and yaw, keeps native exposure and avoids a second tone curve
validate	Run npm test	2026-10-03T03:20:30.3765805Z   ---
validate	Run npm test	2026-10-03T03:20:30.3765969Z   duration_ms: 3.325377
validate	Run npm test	2026-10-03T03:20:30.3766114Z   ...
validate	Run npm test	2026-10-03T03:20:30.3766688Z # Subtest: Native footprint preserves walkable space outside its building edges
validate	Run npm test	2026-10-03T03:20:30.3767234Z ok 268 - Native footprint preserves walkable space outside its building edges
validate	Run npm test	2026-10-03T03:20:30.3767383Z   ---
validate	Run npm test	2026-10-03T03:20:30.3767552Z   duration_ms: 1.9991
validate	Run npm test	2026-10-03T03:20:30.3767697Z   ...
validate	Run npm test	2026-10-03T03:20:30.3768178Z # Subtest: Building overlap includes crossing edges and containment
validate	Run npm test	2026-10-03T03:20:30.3768627Z ok 269 - Building overlap includes crossing edges and containment
validate	Run npm test	2026-10-03T03:20:30.3768769Z   ---
validate	Run npm test	2026-10-03T03:20:30.3768945Z   duration_ms: 0.66125
validate	Run npm test	2026-10-03T03:20:30.3769093Z   ...
validate	Run npm test	2026-10-03T03:20:30.3769848Z # Subtest: Full occupied interior is checked for water, not just building bounds
validate	Run npm test	2026-10-03T03:20:30.3770395Z ok 270 - Full occupied interior is checked for water, not just building bounds
validate	Run npm test	2026-10-03T03:20:30.3770538Z   ---
validate	Run npm test	2026-10-03T03:20:30.3770703Z   duration_ms: 0.551185
validate	Run npm test	2026-10-03T03:20:30.3770839Z   ...
validate	Run npm test	2026-10-03T03:20:30.3771696Z # Subtest: Large props beside the native footprint survive; occupied props block placement
validate	Run npm test	2026-10-03T03:20:30.3772321Z ok 271 - Large props beside the native footprint survive; occupied props block placement
validate	Run npm test	2026-10-03T03:20:30.3772464Z   ---
validate	Run npm test	2026-10-03T03:20:30.3772643Z   duration_ms: 1.418489
validate	Run npm test	2026-10-03T03:20:30.3772788Z   ...
validate	Run npm test	2026-10-03T03:20:30.3773441Z # Subtest: Asynchronous initial search preserves deterministic positions and suppression
validate	Run npm test	2026-10-03T03:20:30.3774058Z ok 272 - Asynchronous initial search preserves deterministic positions and suppression
validate	Run npm test	2026-10-03T03:20:30.3774199Z   ---
validate	Run npm test	2026-10-03T03:20:30.3774361Z   duration_ms: 2.963563
validate	Run npm test	2026-10-03T03:20:30.3774496Z   ...
validate	Run npm test	2026-10-03T03:20:30.3775116Z # Subtest: Departure search restores existing obstacles even if route evaluation fails
validate	Run npm test	2026-10-03T03:20:30.3775712Z ok 273 - Departure search restores existing obstacles even if route evaluation fails
validate	Run npm test	2026-10-03T03:20:30.3775856Z   ---
validate	Run npm test	2026-10-03T03:20:30.3776015Z   duration_ms: 0.60203
validate	Run npm test	2026-10-03T03:20:30.3776167Z   ...
validate	Run npm test	2026-10-03T03:20:30.3777012Z # Subtest: A route blocked after reservation releases its worker without deleting the task or starting an action
validate	Run npm test	2026-10-03T03:20:30.3777816Z ok 274 - A route blocked after reservation releases its worker without deleting the task or starting an action
validate	Run npm test	2026-10-03T03:20:30.3778196Z   ---
validate	Run npm test	2026-10-03T03:20:30.3778367Z   duration_ms: 6.99222
validate	Run npm test	2026-10-03T03:20:30.3778509Z   ...
validate	Run npm test	2026-10-03T03:20:30.3779312Z # Subtest: Repair settles its rounded current price exactly once on arrival, without an extra animation delay
validate	Run npm test	2026-10-03T03:20:30.3780309Z ok 275 - Repair settles its rounded current price exactly once on arrival, without an extra animation delay
validate	Run npm test	2026-10-03T03:20:30.3780471Z   ---
validate	Run npm test	2026-10-03T03:20:30.3780637Z   duration_ms: 5.532153
validate	Run npm test	2026-10-03T03:20:30.3780781Z   ...
validate	Run npm test	2026-10-03T03:20:30.3781507Z # Subtest: Funds spent after requesting repair cancel execution at arrival without partial payment
validate	Run npm test	2026-10-03T03:20:30.3782202Z ok 276 - Funds spent after requesting repair cancel execution at arrival without partial payment
validate	Run npm test	2026-10-03T03:20:30.3782359Z   ---
validate	Run npm test	2026-10-03T03:20:30.3782528Z   duration_ms: 1.172171
validate	Run npm test	2026-10-03T03:20:30.3782676Z   ...
validate	Run npm test	2026-10-03T03:20:30.3783441Z # Subtest: Surviving repair order becomes full reconstruction and does not wait for collapse to finish
validate	Run npm test	2026-10-03T03:20:30.3784177Z ok 277 - Surviving repair order becomes full reconstruction and does not wait for collapse to finish
validate	Run npm test	2026-10-03T03:20:30.3784326Z   ---
validate	Run npm test	2026-10-03T03:20:30.3784483Z   duration_ms: 1.369918
validate	Run npm test	2026-10-03T03:20:30.3784625Z   ...
validate	Run npm test	2026-10-03T03:20:30.3785314Z # Subtest: Starting an attack immediately cancels manual repair orders and releases the worker
validate	Run npm test	2026-10-03T03:20:30.3785983Z ok 278 - Starting an attack immediately cancels manual repair orders and releases the worker
validate	Run npm test	2026-10-03T03:20:30.3786124Z   ---
validate	Run npm test	2026-10-03T03:20:30.3786294Z   duration_ms: 1.449517
validate	Run npm test	2026-10-03T03:20:30.3786444Z   ...
validate	Run npm test	2026-10-03T03:20:30.3787316Z # Subtest: Postgame founding uses complete native village, valid departure, exact linear costs and persistent state
validate	Run npm test	2026-10-03T03:20:30.3788164Z ok 279 - Postgame founding uses complete native village, valid departure, exact linear costs and persistent state
validate	Run npm test	2026-10-03T03:20:30.3788314Z   ---
validate	Run npm test	2026-10-03T03:20:30.3788486Z   duration_ms: 6.242654
validate	Run npm test	2026-10-03T03:20:30.3788635Z   ...
validate	Run npm test	2026-10-03T03:20:30.3789278Z # Subtest: A village without a walkable departure is rejected before charging or founding
validate	Run npm test	2026-10-03T03:20:30.3790134Z ok 280 - A village without a walkable departure is rejected before charging or founding
validate	Run npm test	2026-10-03T03:20:30.3790280Z   ---
validate	Run npm test	2026-10-03T03:20:30.3790445Z   duration_ms: 1.181178
validate	Run npm test	2026-10-03T03:20:30.3790590Z   ...
validate	Run npm test	2026-10-03T03:20:30.3791216Z # Subtest: 30 canonical combinations validate and each new game starts isolated at 1000
validate	Run npm test	2026-10-03T03:20:30.3791822Z ok 281 - 30 canonical combinations validate and each new game starts isolated at 1000
validate	Run npm test	2026-10-03T03:20:30.3791978Z   ---
validate	Run npm test	2026-10-03T03:20:30.3792150Z   duration_ms: 3.304207
validate	Run npm test	2026-10-03T03:20:30.3792495Z   ...
validate	Run npm test	2026-10-03T03:20:30.3793101Z # Subtest: First day center/plant/tutorial hiring sequence and payment idempotency
validate	Run npm test	2026-10-03T03:20:30.3793667Z ok 282 - First day center/plant/tutorial hiring sequence and payment idempotency
validate	Run npm test	2026-10-03T03:20:30.3793814Z   ---
validate	Run npm test	2026-10-03T03:20:30.3793986Z   duration_ms: 0.844261
validate	Run npm test	2026-10-03T03:20:30.3794132Z   ...
validate	Run npm test	2026-10-03T03:20:30.3794603Z # Subtest: Invalid placement makes no economic or world modification
validate	Run npm test	2026-10-03T03:20:30.3795059Z ok 283 - Invalid placement makes no economic or world modification
validate	Run npm test	2026-10-03T03:20:30.3795204Z   ---
validate	Run npm test	2026-10-03T03:20:30.3795369Z   duration_ms: 0.529635
validate	Run npm test	2026-10-03T03:20:30.3795513Z   ...
validate	Run npm test	2026-10-03T03:20:30.3796091Z # Subtest: Workers physically plant, water and harvest; only crate delivery pays
validate	Run npm test	2026-10-03T03:20:30.3796668Z ok 284 - Workers physically plant, water and harvest; only crate delivery pays
validate	Run npm test	2026-10-03T03:20:30.3796825Z   ---
validate	Run npm test	2026-10-03T03:20:30.3796993Z   duration_ms: 26.150454
validate	Run npm test	2026-10-03T03:20:30.3797146Z   ...
validate	Run npm test	2026-10-03T03:20:30.3797534Z # Subtest: Stacked pauses freeze crops and spell clocks
validate	Run npm test	2026-10-03T03:20:30.3797891Z ok 285 - Stacked pauses freeze crops and spell clocks
validate	Run npm test	2026-10-03T03:20:30.3798037Z   ---
validate	Run npm test	2026-10-03T03:20:30.3798208Z   duration_ms: 1.177631
validate	Run npm test	2026-10-03T03:20:30.3798355Z   ...
validate	Run npm test	2026-10-03T03:20:30.3799145Z # Subtest: Manual harvest orders survive queue reconstruction, manual repairs do not
validate	Run npm test	2026-10-03T03:20:30.3800028Z ok 286 - Manual harvest orders survive queue reconstruction, manual repairs do not
validate	Run npm test	2026-10-03T03:20:30.3800181Z   ---
validate	Run npm test	2026-10-03T03:20:30.3800340Z   duration_ms: 0.747261
validate	Run npm test	2026-10-03T03:20:30.3800481Z   ...
validate	Run npm test	2026-10-03T03:20:30.3800910Z # Subtest: New midday center does not move plants or employees
validate	Run npm test	2026-10-03T03:20:30.3801319Z ok 287 - New midday center does not move plants or employees
validate	Run npm test	2026-10-03T03:20:30.3801461Z   ---
validate	Run npm test	2026-10-03T03:20:30.3801628Z   duration_ms: 1.208359
validate	Run npm test	2026-10-03T03:20:30.3801770Z   ...
validate	Run npm test	2026-10-03T03:20:30.3802459Z # Subtest: Growth/multiply permissions, area nonoverlap, cooldown from activation and expiry
validate	Run npm test	2026-10-03T03:20:30.3803134Z ok 288 - Growth/multiply permissions, area nonoverlap, cooldown from activation and expiry
validate	Run npm test	2026-10-03T03:20:30.3803283Z   ---
validate	Run npm test	2026-10-03T03:20:30.3803448Z   duration_ms: 8.506006
validate	Run npm test	2026-10-03T03:20:30.3803595Z   ...
validate	Run npm test	2026-10-03T03:20:30.3804197Z # Subtest: Night 1 is calm, night 2 exactly one tutorial warthog with zero attraction
validate	Run npm test	2026-10-03T03:20:30.3804746Z ok 289 - Night 1 is calm, night 2 exactly one tutorial warthog with zero attraction
validate	Run npm test	2026-10-03T03:20:30.3804884Z   ---
validate	Run npm test	2026-10-03T03:20:30.3805052Z   duration_ms: 0.552057
validate	Run npm test	2026-10-03T03:20:30.3805193Z   ...
validate	Run npm test	2026-10-03T03:20:30.3805712Z # Subtest: Raid drops a carried crate, frees tasks and preserves its value
validate	Run npm test	2026-10-03T03:20:30.3806202Z ok 290 - Raid drops a carried crate, frees tasks and preserves its value
validate	Run npm test	2026-10-03T03:20:30.3806349Z   ---
validate	Run npm test	2026-10-03T03:20:30.3806517Z   duration_ms: 0.646763
validate	Run npm test	2026-10-03T03:20:30.3806654Z   ...
validate	Run npm test	2026-10-03T03:20:30.3807205Z # Subtest: Combo attack counts one logical hit; active raid survives roundtrip
validate	Run npm test	2026-10-03T03:20:30.3807736Z ok 291 - Combo attack counts one logical hit; active raid survives roundtrip
validate	Run npm test	2026-10-03T03:20:30.3807879Z   ---
validate	Run npm test	2026-10-03T03:20:30.3808049Z   duration_ms: 5.11688
validate	Run npm test	2026-10-03T03:20:30.3808193Z   ...
validate	Run npm test	2026-10-03T03:20:30.3808872Z # Subtest: Attack crossing dawn prevents events, hiring and night completion until departure
validate	Run npm test	2026-10-03T03:20:30.3809687Z ok 292 - Attack crossing dawn prevents events, hiring and night completion until departure
validate	Run npm test	2026-10-03T03:20:30.3809845Z   ---
validate	Run npm test	2026-10-03T03:20:30.3810013Z   duration_ms: 4.482149
validate	Run npm test	2026-10-03T03:20:30.3810149Z   ...
validate	Run npm test	2026-10-03T03:20:30.3810679Z # Subtest: Final raid defeat takes precedence over hundredth night victory
validate	Run npm test	2026-10-03T03:20:30.3811177Z ok 293 - Final raid defeat takes precedence over hundredth night victory
validate	Run npm test	2026-10-03T03:20:30.3811319Z   ---
validate	Run npm test	2026-10-03T03:20:30.3811478Z   duration_ms: 0.876952
validate	Run npm test	2026-10-03T03:20:30.3811628Z   ...
validate	Run npm test	2026-10-03T03:20:30.3812340Z # Subtest: Hundredth completed night wins only after economic check; postgame suppresses attacks
validate	Run npm test	2026-10-03T03:20:30.3813212Z ok 294 - Hundredth completed night wins only after economic check; postgame suppresses attacks
validate	Run npm test	2026-10-03T03:20:30.3813362Z   ---
validate	Run npm test	2026-10-03T03:20:30.3813532Z   duration_ms: 0.496834
validate	Run npm test	2026-10-03T03:20:30.3813679Z   ...
validate	Run npm test	2026-10-03T03:20:30.3814358Z # Subtest: Event frost leaves mature plants intact; favorable growth keeps mandatory water debt
validate	Run npm test	2026-10-03T03:20:30.3815012Z ok 295 - Event frost leaves mature plants intact; favorable growth keeps mandatory water debt
validate	Run npm test	2026-10-03T03:20:30.3815155Z   ---
validate	Run npm test	2026-10-03T03:20:30.3815315Z   duration_ms: 0.464694
validate	Run npm test	2026-10-03T03:20:30.3815457Z   ...
validate	Run npm test	2026-10-03T03:20:30.3816124Z # Subtest: Plague consumes half remaining tolerance without killing plants or changing coins
validate	Run npm test	2026-10-03T03:20:30.3816764Z ok 296 - Plague consumes half remaining tolerance without killing plants or changing coins
validate	Run npm test	2026-10-03T03:20:30.3816913Z   ---
validate	Run npm test	2026-10-03T03:20:30.3817087Z   duration_ms: 3.412189
validate	Run npm test	2026-10-03T03:20:30.3817294Z   ...
validate	Run npm test	2026-10-03T03:20:30.3818070Z # Subtest: Partition clips triangles into frame and leaf while retaining interpolated texture coordinates
validate	Run npm test	2026-10-03T03:20:30.3818810Z ok 297 - Partition clips triangles into frame and leaf while retaining interpolated texture coordinates
validate	Run npm test	2026-10-03T03:20:30.3819134Z   ---
validate	Run npm test	2026-10-03T03:20:30.3819295Z   duration_ms: 1.535437
validate	Run npm test	2026-10-03T03:20:30.3819448Z   ...
validate	Run npm test	2026-10-03T03:20:30.3820384Z # Subtest: Every closed native leaf preserves total source surface area, bounds and regional pivots
validate	Run npm test	2026-10-03T03:20:30.3821127Z ok 298 - Every closed native leaf preserves total source surface area, bounds and regional pivots
validate	Run npm test	2026-10-03T03:20:30.3821272Z   ---
validate	Run npm test	2026-10-03T03:20:30.3821448Z   duration_ms: 457.281583
validate	Run npm test	2026-10-03T03:20:30.3821594Z   ...
validate	Run npm test	2026-10-03T03:20:30.3822343Z # Subtest: Opening is a rigid hinge rotation: frames remain fixed and normals do not accumulate rotation
validate	Run npm test	2026-10-03T03:20:30.3823056Z ok 299 - Opening is a rigid hinge rotation: frames remain fixed and normals do not accumulate rotation
validate	Run npm test	2026-10-03T03:20:30.3823212Z   ---
validate	Run npm test	2026-10-03T03:20:30.3823381Z   duration_ms: 448.879531
validate	Run npm test	2026-10-03T03:20:30.3823519Z   ...
validate	Run npm test	2026-10-03T03:20:30.3824212Z # Subtest: Full original gate geometry leaves a swept controller corridor when the leaf is open
validate	Run npm test	2026-10-03T03:20:30.3824903Z ok 300 - Full original gate geometry leaves a swept controller corridor when the leaf is open
validate	Run npm test	2026-10-03T03:20:30.3825143Z   ---
validate	Run npm test	2026-10-03T03:20:30.3825318Z   duration_ms: 397.106404
validate	Run npm test	2026-10-03T03:20:30.3825464Z   ...
validate	Run npm test	2026-10-03T03:20:30.3826313Z # Subtest: Production mesh applies opening changes without changing health, opacity or the closed source bridge
validate	Run npm test	2026-10-03T03:20:30.3827117Z ok 301 - Production mesh applies opening changes without changing health, opacity or the closed source bridge
validate	Run npm test	2026-10-03T03:20:30.3827265Z   ---
validate	Run npm test	2026-10-03T03:20:30.3827432Z   duration_ms: 414.267904
validate	Run npm test	2026-10-03T03:20:30.3827569Z   ...
validate	Run npm test	2026-10-03T03:20:30.3828296Z # Subtest: Gate frames retain original mesh hashes and the height of all four exported bodies
validate	Run npm test	2026-10-03T03:20:30.3829042Z ok 302 - Gate frames retain original mesh hashes and the height of all four exported bodies
validate	Run npm test	2026-10-03T03:20:30.3829358Z   ---
validate	Run npm test	2026-10-03T03:20:30.3829965Z   duration_ms: 106.287026
validate	Run npm test	2026-10-03T03:20:30.3830217Z   ...
validate	Run npm test	2026-10-03T03:20:30.3830969Z # Subtest: Worker controllers pass through open native arches while their pillars remain solid
validate	Run npm test	2026-10-03T03:20:30.3831705Z ok 303 - Worker controllers pass through open native arches while their pillars remain solid
validate	Run npm test	2026-10-03T03:20:30.3832106Z   ---
validate	Run npm test	2026-10-03T03:20:30.3832366Z   duration_ms: 4.709356
validate	Run npm test	2026-10-03T03:20:30.3832548Z   ...
validate	Run npm test	2026-10-03T03:20:30.3833339Z # Subtest: Short modules preserve their actual opening width instead of ignoring the whole gate
validate	Run npm test	2026-10-03T03:20:30.3834156Z ok 304 - Short modules preserve their actual opening width instead of ignoring the whole gate
validate	Run npm test	2026-10-03T03:20:30.3834374Z   ---
validate	Run npm test	2026-10-03T03:20:30.3834645Z   duration_ms: 0.582414
validate	Run npm test	2026-10-03T03:20:30.3835091Z   ...
validate	Run npm test	2026-10-03T03:20:30.3835805Z # Subtest: Frame transforms are cached and update when placement or scale changes
validate	Run npm test	2026-10-03T03:20:30.3836477Z ok 305 - Frame transforms are cached and update when placement or scale changes
validate	Run npm test	2026-10-03T03:20:30.3855596Z   ---
validate	Run npm test	2026-10-03T03:20:30.3856344Z   duration_ms: 0.697228
validate	Run npm test	2026-10-03T03:20:30.3856517Z   ...
validate	Run npm test	2026-10-03T03:20:30.3857237Z # Subtest: Convex frame projection retains side boundaries and a positive controller clearance
validate	Run npm test	2026-10-03T03:20:30.3857926Z ok 306 - Convex frame projection retains side boundaries and a positive controller clearance
validate	Run npm test	2026-10-03T03:20:30.3858084Z   ---
validate	Run npm test	2026-10-03T03:20:30.3858256Z   duration_ms: 0.384916
validate	Run npm test	2026-10-03T03:20:30.3858407Z   ...
validate	Run npm test	2026-10-03T03:20:30.3859190Z # Subtest: Every original triangle below native body height is covered by the physical frame projection
validate	Run npm test	2026-10-03T03:20:30.3860263Z ok 307 - Every original triangle below native body height is covered by the physical frame projection
validate	Run npm test	2026-10-03T03:20:30.3860417Z   ---
validate	Run npm test	2026-10-03T03:20:30.3860606Z   duration_ms: 16.209925
validate	Run npm test	2026-10-03T03:20:30.3860748Z   ...
validate	Run npm test	2026-10-03T03:20:30.3861471Z # Subtest: Workers request a near crossing and wait without spending run distance or movement phases
validate	Run npm test	2026-10-03T03:20:30.3862167Z ok 308 - Workers request a near crossing and wait without spending run distance or movement phases
validate	Run npm test	2026-10-03T03:20:30.3862549Z   ---
validate	Run npm test	2026-10-03T03:20:30.3862724Z   duration_ms: 4.629057
validate	Run npm test	2026-10-03T03:20:30.3862865Z   ...
validate	Run npm test	2026-10-03T03:20:30.3863473Z # Subtest: All four native profiles wait in Idle and preserve the crate carrying pose
validate	Run npm test	2026-10-03T03:20:30.3864051Z ok 309 - All four native profiles wait in Idle and preserve the crate carrying pose
validate	Run npm test	2026-10-03T03:20:30.3864194Z   ---
validate	Run npm test	2026-10-03T03:20:30.3864371Z   duration_ms: 0.500592
validate	Run npm test	2026-10-03T03:20:30.3864513Z   ...
validate	Run npm test	2026-10-03T03:20:30.3865222Z # Subtest: Pauses, preparation and end states freeze leaf clocks; closing waits for body occupancy
validate	Run npm test	2026-10-03T03:20:30.3865893Z ok 310 - Pauses, preparation and end states freeze leaf clocks; closing waits for body occupancy
validate	Run npm test	2026-10-03T03:20:30.3866047Z   ---
validate	Run npm test	2026-10-03T03:20:30.3866215Z   duration_ms: 0.901268
validate	Run npm test	2026-10-03T03:20:30.3866353Z   ...
validate	Run npm test	2026-10-03T03:20:30.3866919Z # Subtest: Passing beside a closed gate does not request opening or stop a worker
validate	Run npm test	2026-10-03T03:20:30.3867468Z ok 311 - Passing beside a closed gate does not request opening or stop a worker
validate	Run npm test	2026-10-03T03:20:30.3867618Z   ---
validate	Run npm test	2026-10-03T03:20:30.3867783Z   duration_ms: 0.366983
validate	Run npm test	2026-10-03T03:20:30.3867930Z   ...
validate	Run npm test	2026-10-03T03:20:30.3868634Z # Subtest: Collapsing gates hold crossing until rubble; legacy occupants restore a safe open pose
validate	Run npm test	2026-10-03T03:20:30.3869304Z ok 312 - Collapsing gates hold crossing until rubble; legacy occupants restore a safe open pose
validate	Run npm test	2026-10-03T03:20:30.3869451Z   ---
validate	Run npm test	2026-10-03T03:20:30.3869862Z   duration_ms: 0.455488
validate	Run npm test	2026-10-03T03:20:30.3870014Z   ...
validate	Run npm test	2026-10-03T03:20:30.3870734Z # Subtest: Physical collision uses current leaf phase while route planning includes the opened leaf
validate	Run npm test	2026-10-03T03:20:30.3871435Z ok 313 - Physical collision uses current leaf phase while route planning includes the opened leaf
validate	Run npm test	2026-10-03T03:20:30.3871584Z   ---
validate	Run npm test	2026-10-03T03:20:30.3871748Z   duration_ms: 21.619605
validate	Run npm test	2026-10-03T03:20:30.3871895Z   ...
validate	Run npm test	2026-10-03T03:20:30.3872657Z # Subtest: Paid workers cross three original leaf materials without penetrating a closing or moving leaf
validate	Run npm test	2026-10-03T03:20:30.3873391Z ok 314 - Paid workers cross three original leaf materials without penetrating a closing or moving leaf
validate	Run npm test	2026-10-03T03:20:30.3873540Z   ---
validate	Run npm test	2026-10-03T03:20:30.3873713Z   duration_ms: 638.005089
validate	Run npm test	2026-10-03T03:20:30.3873862Z   ...
validate	Run npm test	2026-10-03T03:20:30.3874532Z # Subtest: Opening and waiting persist exactly through save/reload and reject malformed phases
validate	Run npm test	2026-10-03T03:20:30.3875176Z ok 315 - Opening and waiting persist exactly through save/reload and reject malformed phases
validate	Run npm test	2026-10-03T03:20:30.3875320Z   ---
validate	Run npm test	2026-10-03T03:20:30.3875481Z   duration_ms: 3.178296
validate	Run npm test	2026-10-03T03:20:30.3875624Z   ...
validate	Run npm test	2026-10-03T03:20:30.3876479Z # Subtest: Encounter pushes cannot drive a worker through a closed gate or its moving sweep
validate	Run npm test	2026-10-03T03:20:30.3877109Z ok 316 - Encounter pushes cannot drive a worker through a closed gate or its moving sweep
validate	Run npm test	2026-10-03T03:20:30.3877247Z   ---
validate	Run npm test	2026-10-03T03:20:30.3877423Z   duration_ms: 17.69505
validate	Run npm test	2026-10-03T03:20:30.3877575Z   ...
validate	Run npm test	2026-10-03T03:20:30.3878213Z # Subtest: A large locomotion step approaches safely and cannot jump through a closed leaf
validate	Run npm test	2026-10-03T03:20:30.3878831Z ok 317 - A large locomotion step approaches safely and cannot jump through a closed leaf
validate	Run npm test	2026-10-03T03:20:30.3878972Z   ---
validate	Run npm test	2026-10-03T03:20:30.3879118Z   duration_ms: 1.615267
validate	Run npm test	2026-10-03T03:20:30.3879257Z   ...
validate	Run npm test	2026-10-03T03:20:30.3880260Z # Subtest: Fractional gate portals connect enclosed grid regions and retain exact swept collisions
validate	Run npm test	2026-10-03T03:20:30.3880946Z ok 318 - Fractional gate portals connect enclosed grid regions and retain exact swept collisions
validate	Run npm test	2026-10-03T03:20:30.3882190Z   ---
validate	Run npm test	2026-10-03T03:20:30.3882338Z   duration_ms: 312.018068
validate	Run npm test	2026-10-03T03:20:30.3882425Z   ...
validate	Run npm test	2026-10-03T03:20:30.3882778Z # Subtest: zarzas: a real harvested crate waits, crosses and charges only on delivery
validate	Run npm test	2026-10-03T03:20:30.3883114Z ok 319 - zarzas: a real harvested crate waits, crosses and charges only on delivery
validate	Run npm test	2026-10-03T03:20:30.3883373Z   ---
validate	Run npm test	2026-10-03T03:20:30.3883482Z   duration_ms: 108.77788
validate	Run npm test	2026-10-03T03:20:30.3883562Z   ...
validate	Run npm test	2026-10-03T03:20:30.3883920Z # Subtest: empalizada: a real harvested crate waits, crosses and charges only on delivery
validate	Run npm test	2026-10-03T03:20:30.3884256Z ok 320 - empalizada: a real harvested crate waits, crosses and charges only on delivery
validate	Run npm test	2026-10-03T03:20:30.3884341Z   ---
validate	Run npm test	2026-10-03T03:20:30.3884436Z   duration_ms: 86.055656
validate	Run npm test	2026-10-03T03:20:30.3884523Z   ...
validate	Run npm test	2026-10-03T03:20:30.3884857Z # Subtest: reforzado: a real harvested crate waits, crosses and charges only on delivery
validate	Run npm test	2026-10-03T03:20:30.3885172Z ok 321 - reforzado: a real harvested crate waits, crosses and charges only on delivery
validate	Run npm test	2026-10-03T03:20:30.3885267Z   ---
validate	Run npm test	2026-10-03T03:20:30.3885368Z   duration_ms: 119.513855
validate	Run npm test	2026-10-03T03:20:30.3885451Z   ...
validate	Run npm test	2026-10-03T03:20:30.3885735Z # Subtest: unsupported extension or counter leaves the renderer untouched
validate	Run npm test	2026-10-03T03:20:30.3886012Z ok 322 - unsupported extension or counter leaves the renderer untouched
validate	Run npm test	2026-10-03T03:20:30.3886100Z   ---
validate	Run npm test	2026-10-03T03:20:30.3886192Z   duration_ms: 1.556567
validate	Run npm test	2026-10-03T03:20:30.3886276Z   ...
validate	Run npm test	2026-10-03T03:20:30.3886611Z # Subtest: pending queries never read a result early and retain full numeric precision
validate	Run npm test	2026-10-03T03:20:30.3886928Z ok 323 - pending queries never read a result early and retain full numeric precision
validate	Run npm test	2026-10-03T03:20:30.3887012Z   ---
validate	Run npm test	2026-10-03T03:20:30.3887111Z   duration_ms: 0.824645
validate	Run npm test	2026-10-03T03:20:30.3887194Z   ...
validate	Run npm test	2026-10-03T03:20:30.3887508Z # Subtest: disjoint clears previously collected samples and outstanding queries
validate	Run npm test	2026-10-03T03:20:30.3887803Z ok 324 - disjoint clears previously collected samples and outstanding queries
validate	Run npm test	2026-10-03T03:20:30.3887892Z   ---
validate	Run npm test	2026-10-03T03:20:30.3887985Z   duration_ms: 0.303384
validate	Run npm test	2026-10-03T03:20:30.3888068Z   ...
validate	Run npm test	2026-10-03T03:20:30.3888422Z # Subtest: backpressure bounds resources without blocking and does not steal another timer
validate	Run npm test	2026-10-03T03:20:30.3888757Z ok 325 - backpressure bounds resources without blocking and does not steal another timer
validate	Run npm test	2026-10-03T03:20:30.3888840Z   ---
validate	Run npm test	2026-10-03T03:20:30.3888938Z   duration_ms: 0.991085
validate	Run npm test	2026-10-03T03:20:30.3889021Z   ...
validate	Run npm test	2026-10-03T03:20:30.3889332Z # Subtest: allocation failures skip timing without creating a pending measurement
validate	Run npm test	2026-10-03T03:20:30.3889876Z ok 326 - allocation failures skip timing without creating a pending measurement
validate	Run npm test	2026-10-03T03:20:30.3889970Z   ---
validate	Run npm test	2026-10-03T03:20:30.3890071Z   duration_ms: 0.208198
validate	Run npm test	2026-10-03T03:20:30.3890154Z   ...
validate	Run npm test	2026-10-03T03:20:30.3890470Z # Subtest: context loss invalidates samples and does not end a lost-context query
validate	Run npm test	2026-10-03T03:20:30.3890767Z ok 327 - context loss invalidates samples and does not end a lost-context query
validate	Run npm test	2026-10-03T03:20:30.3890982Z   ---
validate	Run npm test	2026-10-03T03:20:30.3891082Z   duration_ms: 0.298165
validate	Run npm test	2026-10-03T03:20:30.3891165Z   ...
validate	Run npm test	2026-10-03T03:20:30.3891607Z # Subtest: dispose closes active queries, releases pending resources exactly once, and blocks later polling
validate	Run npm test	2026-10-03T03:20:30.3892037Z ok 328 - dispose closes active queries, releases pending resources exactly once, and blocks later polling
validate	Run npm test	2026-10-03T03:20:30.3892125Z   ---
validate	Run npm test	2026-10-03T03:20:30.3892222Z   duration_ms: 0.232243
validate	Run npm test	2026-10-03T03:20:30.3892300Z   ...
validate	Run npm test	2026-10-03T03:20:30.3892582Z # Subtest: invalid numeric results are discarded rather than shown as zero
validate	Run npm test	2026-10-03T03:20:30.3892851Z ok 329 - invalid numeric results are discarded rather than shown as zero
validate	Run npm test	2026-10-03T03:20:30.3892929Z   ---
validate	Run npm test	2026-10-03T03:20:30.3893028Z   duration_ms: 0.249765
validate	Run npm test	2026-10-03T03:20:30.3893111Z   ...
validate	Run npm test	2026-10-03T03:20:30.3893412Z # Subtest: explicitly disabled profiling performs no extension or query calls
validate	Run npm test	2026-10-03T03:20:30.3893693Z ok 330 - explicitly disabled profiling performs no extension or query calls
validate	Run npm test	2026-10-03T03:20:30.3893783Z   ---
validate	Run npm test	2026-10-03T03:20:30.3893880Z   duration_ms: 0.247601
validate	Run npm test	2026-10-03T03:20:30.3893958Z   ...
validate	Run npm test	2026-10-03T03:20:30.3894266Z # Subtest: ground surface, Fresnel and BRDF preserve the supplied shader recipes
validate	Run npm test	2026-10-03T03:20:30.3894681Z ok 331 - ground surface, Fresnel and BRDF preserve the supplied shader recipes
validate	Run npm test	2026-10-03T03:20:30.3894762Z   ---
validate	Run npm test	2026-10-03T03:20:30.3894857Z   duration_ms: 2.585874
validate	Run npm test	2026-10-03T03:20:30.3894940Z   ...
validate	Run npm test	2026-10-03T03:20:30.3895389Z # Subtest: both ground quality paths share surface, HDR and native wet lighting without altering object surfaces
validate	Run npm test	2026-10-03T03:20:30.3895809Z ok 332 - both ground quality paths share surface, HDR and native wet lighting without altering object surfaces
validate	Run npm test	2026-10-03T03:20:30.3895893Z   ---
validate	Run npm test	2026-10-03T03:20:30.3895988Z   duration_ms: 2.033314
validate	Run npm test	2026-10-03T03:20:30.3896066Z   ...
validate	Run npm test	2026-10-03T03:20:30.3896376Z # Subtest: Lifecycle preserves original transition timings in both motion modes
validate	Run npm test	2026-10-03T03:20:30.3896673Z ok 333 - Lifecycle preserves original transition timings in both motion modes
validate	Run npm test	2026-10-03T03:20:30.3896758Z   ---
validate	Run npm test	2026-10-03T03:20:30.3896848Z   duration_ms: 5.472598
validate	Run npm test	2026-10-03T03:20:30.3896931Z   ...
validate	Run npm test	2026-10-03T03:20:30.3897225Z # Subtest: Entrance leads to reading and rest without closing or advancing text
validate	Run npm test	2026-10-03T03:20:30.3897502Z ok 334 - Entrance leads to reading and rest without closing or advancing text
validate	Run npm test	2026-10-03T03:20:30.3897586Z   ---
validate	Run npm test	2026-10-03T03:20:30.3897681Z   duration_ms: 0.457652
validate	Run npm test	2026-10-03T03:20:30.3897765Z   ...
validate	Run npm test	2026-10-03T03:20:30.3898114Z # Subtest: Closing performs farewell and native exit, repeated hide calls do not restart it
validate	Run npm test	2026-10-03T03:20:30.3898452Z ok 335 - Closing performs farewell and native exit, repeated hide calls do not restart it
validate	Run npm test	2026-10-03T03:20:30.3898537Z   ---
validate	Run npm test	2026-10-03T03:20:30.3898628Z   duration_ms: 0.371292
validate	Run npm test	2026-10-03T03:20:30.3898711Z   ...
validate	Run npm test	2026-10-03T03:20:30.3899038Z # Subtest: New message cancels withdrawal and cannot be closed by a stale transition
validate	Run npm test	2026-10-03T03:20:30.3899350Z ok 336 - New message cancels withdrawal and cannot be closed by a stale transition
validate	Run npm test	2026-10-03T03:20:30.3899429Z   ---
validate	Run npm test	2026-10-03T03:20:30.3899807Z   duration_ms: 0.281585
validate	Run npm test	2026-10-03T03:20:30.3899978Z   ...
validate	Run npm test	2026-10-03T03:20:30.3900712Z # Subtest: Reduced motion still has explicit entry and exit and native neutral poses
validate	Run npm test	2026-10-03T03:20:30.3901311Z ok 337 - Reduced motion still has explicit entry and exit and native neutral poses
validate	Run npm test	2026-10-03T03:20:30.3901458Z   ---
validate	Run npm test	2026-10-03T03:20:30.3901620Z   duration_ms: 0.980445
validate	Run npm test	2026-10-03T03:20:30.3901765Z   ...
validate	Run npm test	2026-10-03T03:20:30.3902323Z # Subtest: Extracted renderer and native source retain their registered hashes
validate	Run npm test	2026-10-03T03:20:30.3902851Z ok 338 - Extracted renderer and native source retain their registered hashes
validate	Run npm test	2026-10-03T03:20:30.3902987Z   ---
validate	Run npm test	2026-10-03T03:20:30.3903160Z   duration_ms: 2.191579
validate	Run npm test	2026-10-03T03:20:30.3903302Z   ...
validate	Run npm test	2026-10-03T03:20:30.3903898Z # Subtest: Native greeting curves match the original V8 source at every sampled phase
validate	Run npm test	2026-10-03T03:20:30.3904758Z ok 339 - Native greeting curves match the original V8 source at every sampled phase
validate	Run npm test	2026-10-03T03:20:30.3904927Z   ---
validate	Run npm test	2026-10-03T03:20:30.3905103Z   duration_ms: 5.423917
validate	Run npm test	2026-10-03T03:20:30.3905246Z   ...
validate	Run npm test	2026-10-03T03:20:30.3905868Z # Subtest: Native speak curves match the original V8 source at every sampled phase
validate	Run npm test	2026-10-03T03:20:30.3906448Z ok 340 - Native speak curves match the original V8 source at every sampled phase
validate	Run npm test	2026-10-03T03:20:30.3906620Z   ---
validate	Run npm test	2026-10-03T03:20:30.3906793Z   duration_ms: 1.679356
validate	Run npm test	2026-10-03T03:20:30.3906960Z   ...
validate	Run npm test	2026-10-03T03:20:30.3907613Z # Subtest: Native acknowledge curves match the original V8 source at every sampled phase
validate	Run npm test	2026-10-03T03:20:30.3908209Z ok 341 - Native acknowledge curves match the original V8 source at every sampled phase
validate	Run npm test	2026-10-03T03:20:30.3908380Z   ---
validate	Run npm test	2026-10-03T03:20:30.3908543Z   duration_ms: 2.839085
validate	Run npm test	2026-10-03T03:20:30.3908679Z   ...
validate	Run npm test	2026-10-03T03:20:30.3909301Z # Subtest: Native curious curves match the original V8 source at every sampled phase
validate	Run npm test	2026-10-03T03:20:30.3910106Z ok 342 - Native curious curves match the original V8 source at every sampled phase
validate	Run npm test	2026-10-03T03:20:30.3910268Z   ---
validate	Run npm test	2026-10-03T03:20:30.3910433Z   duration_ms: 1.639702
validate	Run npm test	2026-10-03T03:20:30.3910610Z   ...
validate	Run npm test	2026-10-03T03:20:30.3911398Z # Subtest: Native warning curves match the original V8 source at every sampled phase
validate	Run npm test	2026-10-03T03:20:30.3911948Z ok 343 - Native warning curves match the original V8 source at every sampled phase
validate	Run npm test	2026-10-03T03:20:30.3912095Z   ---
validate	Run npm test	2026-10-03T03:20:30.3912262Z   duration_ms: 3.468216
validate	Run npm test	2026-10-03T03:20:30.3912396Z   ...
validate	Run npm test	2026-10-03T03:20:30.3912968Z # Subtest: Native reveal curves match the original V8 source at every sampled phase
validate	Run npm test	2026-10-03T03:20:30.3913519Z ok 344 - Native reveal curves match the original V8 source at every sampled phase
validate	Run npm test	2026-10-03T03:20:30.3913668Z   ---
validate	Run npm test	2026-10-03T03:20:30.3913831Z   duration_ms: 4.860177
validate	Run npm test	2026-10-03T03:20:30.3913977Z   ...
validate	Run npm test	2026-10-03T03:20:30.3914537Z # Subtest: Native idle curves match the original V8 source at every sampled phase
validate	Run npm test	2026-10-03T03:20:30.3915073Z ok 345 - Native idle curves match the original V8 source at every sampled phase
validate	Run npm test	2026-10-03T03:20:30.3915223Z   ---
validate	Run npm test	2026-10-03T03:20:30.3915392Z   duration_ms: 1.907581
validate	Run npm test	2026-10-03T03:20:30.3915547Z   ...
validate	Run npm test	2026-10-03T03:20:30.3916125Z # Subtest: Native farewell curves match the original V8 source at every sampled phase
validate	Run npm test	2026-10-03T03:20:30.3916697Z ok 346 - Native farewell curves match the original V8 source at every sampled phase
validate	Run npm test	2026-10-03T03:20:30.3916839Z   ---
validate	Run npm test	2026-10-03T03:20:30.3916997Z   duration_ms: 4.834139
validate	Run npm test	2026-10-03T03:20:30.3917140Z   ...
validate	Run npm test	2026-10-03T03:20:30.3917770Z # Subtest: Native ornament springs remain finite across reading, rest and gesture changes
validate	Run npm test	2026-10-03T03:20:30.3918385Z ok 347 - Native ornament springs remain finite across reading, rest and gesture changes
validate	Run npm test	2026-10-03T03:20:30.3918529Z   ---
validate	Run npm test	2026-10-03T03:20:30.3918702Z   duration_ms: 52.606038
validate	Run npm test	2026-10-03T03:20:30.3918849Z   ...
validate	Run npm test	2026-10-03T03:20:30.3919829Z # Subtest: Native hand source, reproducible module and all six original textures retain registered hashes
validate	Run npm test	2026-10-03T03:20:30.3920587Z ok 348 - Native hand source, reproducible module and all six original textures retain registered hashes
validate	Run npm test	2026-10-03T03:20:30.3920742Z   ---
validate	Run npm test	2026-10-03T03:20:30.3920912Z   duration_ms: 3.550359
validate	Run npm test	2026-10-03T03:20:30.3921047Z   ...
validate	Run npm test	2026-10-03T03:20:30.3921616Z # Subtest: Native tap pivot and motion exactly match V8 across camera orientations
validate	Run npm test	2026-10-03T03:20:30.3922177Z ok 349 - Native tap pivot and motion exactly match V8 across camera orientations
validate	Run npm test	2026-10-03T03:20:30.3922326Z   ---
validate	Run npm test	2026-10-03T03:20:30.3922493Z   duration_ms: 58.562375
validate	Run npm test	2026-10-03T03:20:30.3922638Z   ...
validate	Run npm test	2026-10-03T03:20:30.3923218Z # Subtest: Native press pivot and motion exactly match V8 across camera orientations
validate	Run npm test	2026-10-03T03:20:30.3923774Z ok 350 - Native press pivot and motion exactly match V8 across camera orientations
validate	Run npm test	2026-10-03T03:20:30.3923924Z   ---
validate	Run npm test	2026-10-03T03:20:30.3924290Z   duration_ms: 16.950744
validate	Run npm test	2026-10-03T03:20:30.3924428Z   ...
validate	Run npm test	2026-10-03T03:20:30.3925001Z # Subtest: Native pinch pivot and motion exactly match V8 across camera orientations
validate	Run npm test	2026-10-03T03:20:30.3925556Z ok 351 - Native pinch pivot and motion exactly match V8 across camera orientations
validate	Run npm test	2026-10-03T03:20:30.3925698Z   ---
validate	Run npm test	2026-10-03T03:20:30.3925877Z   duration_ms: 14.810981
validate	Run npm test	2026-10-03T03:20:30.3926031Z   ...
validate	Run npm test	2026-10-03T03:20:30.3926603Z # Subtest: Native point pivot and motion exactly match V8 across camera orientations
validate	Run npm test	2026-10-03T03:20:30.3927147Z ok 352 - Native point pivot and motion exactly match V8 across camera orientations
validate	Run npm test	2026-10-03T03:20:30.3927301Z   ---
validate	Run npm test	2026-10-03T03:20:30.3927471Z   duration_ms: 14.794651
validate	Run npm test	2026-10-03T03:20:30.3927612Z   ...
validate	Run npm test	2026-10-03T03:20:30.3928181Z # Subtest: Native drag pivot and motion exactly match V8 across camera orientations
validate	Run npm test	2026-10-03T03:20:30.3928728Z ok 353 - Native drag pivot and motion exactly match V8 across camera orientations
validate	Run npm test	2026-10-03T03:20:30.3928876Z   ---
validate	Run npm test	2026-10-03T03:20:30.3929045Z   duration_ms: 19.908981
validate	Run npm test	2026-10-03T03:20:30.3929192Z   ...
validate	Run npm test	2026-10-03T03:20:30.3929968Z # Subtest: Native open pivot and motion exactly match V8 across camera orientations
validate	Run npm test	2026-10-03T03:20:30.3930527Z ok 354 - Native open pivot and motion exactly match V8 across camera orientations
validate	Run npm test	2026-10-03T03:20:30.3930857Z   ---
validate	Run npm test	2026-10-03T03:20:30.3931025Z   duration_ms: 14.99843
validate	Run npm test	2026-10-03T03:20:30.3931170Z   ...
validate	Run npm test	2026-10-03T03:20:30.3932005Z # Subtest: Quad protection catches a building crossing the middle while every corner lies outside its footprint
validate	Run npm test	2026-10-03T03:20:30.3932811Z ok 355 - Quad protection catches a building crossing the middle while every corner lies outside its footprint
validate	Run npm test	2026-10-03T03:20:30.3932962Z   ---
validate	Run npm test	2026-10-03T03:20:30.3933128Z   duration_ms: 1.010241
validate	Run npm test	2026-10-03T03:20:30.3933275Z   ...
validate	Run npm test	2026-10-03T03:20:30.3934031Z # Subtest: Target rings, dashed contact lines and drag corridor reuse the original native effect geometry
validate	Run npm test	2026-10-03T03:20:30.3934746Z ok 356 - Target rings, dashed contact lines and drag corridor reuse the original native effect geometry
validate	Run npm test	2026-10-03T03:20:30.3934893Z   ---
validate	Run npm test	2026-10-03T03:20:30.3935061Z   duration_ms: 34.601268
validate	Run npm test	2026-10-03T03:20:30.3935203Z   ...
validate	Run npm test	2026-10-03T03:20:30.3935763Z # Subtest: Terrain protection includes interior ridges between low quad corners
validate	Run npm test	2026-10-03T03:20:30.3936292Z ok 357 - Terrain protection includes interior ridges between low quad corners
validate	Run npm test	2026-10-03T03:20:30.3936446Z   ---
validate	Run npm test	2026-10-03T03:20:30.3936623Z   duration_ms: 2.181541
validate	Run npm test	2026-10-03T03:20:30.3936771Z   ...
validate	Run npm test	2026-10-03T03:20:30.3937623Z # Subtest: Terrain adapter permits negative elevations and follows moving targets without lifting to world zero
validate	Run npm test	2026-10-03T03:20:30.3938445Z ok 358 - Terrain adapter permits negative elevations and follows moving targets without lifting to world zero
validate	Run npm test	2026-10-03T03:20:30.3938590Z   ---
validate	Run npm test	2026-10-03T03:20:30.3938765Z   duration_ms: 0.963414
validate	Run npm test	2026-10-03T03:20:30.3938910Z   ...
validate	Run npm test	2026-10-03T03:20:30.3939862Z # Subtest: Day-one hand targets map six kinds to actual entities and never modify game state
validate	Run npm test	2026-10-03T03:20:30.3940516Z ok 359 - Day-one hand targets map six kinds to actual entities and never modify game state
validate	Run npm test	2026-10-03T03:20:30.3940664Z   ---
validate	Run npm test	2026-10-03T03:20:30.3940834Z   duration_ms: 1.059773
validate	Run npm test	2026-10-03T03:20:30.3940970Z   ...
validate	Run npm test	2026-10-03T03:20:30.3941707Z # Subtest: The delivery hand follows the actual carrier instead of introducing a demonstration cart
validate	Run npm test	2026-10-03T03:20:30.3942408Z ok 360 - The delivery hand follows the actual carrier instead of introducing a demonstration cart
validate	Run npm test	2026-10-03T03:20:30.3942555Z   ---
validate	Run npm test	2026-10-03T03:20:30.3942725Z   duration_ms: 0.358858
validate	Run npm test	2026-10-03T03:20:30.3942872Z   ...
validate	Run npm test	2026-10-03T03:20:30.3943700Z # Subtest: Production renderer uses a depth-tested four-vertex quad, follows targets and removes all resources
validate	Run npm test	2026-10-03T03:20:30.3944488Z ok 361 - Production renderer uses a depth-tested four-vertex quad, follows targets and removes all resources
validate	Run npm test	2026-10-03T03:20:30.3944630Z   ---
validate	Run npm test	2026-10-03T03:20:30.3944797Z   duration_ms: 8.121268
validate	Run npm test	2026-10-03T03:20:30.3945142Z   ...
validate	Run npm test	2026-10-03T03:20:30.3945886Z # Subtest: native canyon and desert horizons preserve every original position, normal and color byte
validate	Run npm test	2026-10-03T03:20:30.3946586Z ok 362 - native canyon and desert horizons preserve every original position, normal and color byte
validate	Run npm test	2026-10-03T03:20:30.3946737Z   ---
validate	Run npm test	2026-10-03T03:20:30.3946907Z   duration_ms: 3477.682828
validate	Run npm test	2026-10-03T03:20:30.3947054Z   ...
validate	Run npm test	2026-10-03T03:20:30.3947710Z # Subtest: streaming uses the eye and original resident radii, including negative boundaries
validate	Run npm test	2026-10-03T03:20:30.3948329Z ok 363 - streaming uses the eye and original resident radii, including negative boundaries
validate	Run npm test	2026-10-03T03:20:30.3948478Z   ---
validate	Run npm test	2026-10-03T03:20:30.3948649Z   duration_ms: 9.847846
validate	Run npm test	2026-10-03T03:20:30.3948794Z   ...
validate	Run npm test	2026-10-03T03:20:30.3949823Z # Subtest: horizon resources survive static frames and are released once on travel, quality change and close
validate	Run npm test	2026-10-03T03:20:30.3950606Z ok 364 - horizon resources survive static frames and are released once on travel, quality change and close
validate	Run npm test	2026-10-03T03:20:30.3950759Z   ---
validate	Run npm test	2026-10-03T03:20:30.3950922Z   duration_ms: 335.602842
validate	Run npm test	2026-10-03T03:20:30.3951066Z   ...
validate	Run npm test	2026-10-03T03:20:30.3951933Z # Subtest: native half-open horizon clipping excludes resident canyon terrain and river while keeping desert apron
validate	Run npm test	2026-10-03T03:20:30.3953045Z ok 365 - native half-open horizon clipping excludes resident canyon terrain and river while keeping desert apron
validate	Run npm test	2026-10-03T03:20:30.3953190Z   ---
validate	Run npm test	2026-10-03T03:20:30.3953366Z   duration_ms: 364.928156
validate	Run npm test	2026-10-03T03:20:30.3953513Z   ...
validate	Run npm test	2026-10-03T03:20:30.3954260Z # Subtest: explicit language overrides browser preferences; unknown preferences fall back to English
validate	Run npm test	2026-10-03T03:20:30.3954972Z ok 366 - explicit language overrides browser preferences; unknown preferences fall back to English
validate	Run npm test	2026-10-03T03:20:30.3955119Z   ---
validate	Run npm test	2026-10-03T03:20:30.3955285Z   duration_ms: 1.922447
validate	Run npm test	2026-10-03T03:20:30.3955423Z   ...
validate	Run npm test	2026-10-03T03:20:30.3956100Z # Subtest: browser preference order recognises regional English and Spanish variants
validate	Run npm test	2026-10-03T03:20:30.3956704Z ok 367 - browser preference order recognises regional English and Spanish variants
validate	Run npm test	2026-10-03T03:20:30.3956843Z   ---
validate	Run npm test	2026-10-03T03:20:30.3957015Z   duration_ms: 0.228275
validate	Run npm test	2026-10-03T03:20:30.3957162Z   ...
validate	Run npm test	2026-10-03T03:20:30.3957703Z # Subtest: storage failure is safe and persistent override uses its own key
validate	Run npm test	2026-10-03T03:20:30.3958201Z ok 368 - storage failure is safe and persistent override uses its own key
validate	Run npm test	2026-10-03T03:20:30.3958349Z   ---
validate	Run npm test	2026-10-03T03:20:30.3958522Z   duration_ms: 0.2953
validate	Run npm test	2026-10-03T03:20:30.3958660Z   ...
validate	Run npm test	2026-10-03T03:20:30.3959338Z # Subtest: catalog translates complete labels and leaves logical IDs and partial words intact
validate	Run npm test	2026-10-03T03:20:30.3960234Z ok 369 - catalog translates complete labels and leaves logical IDs and partial words intact
validate	Run npm test	2026-10-03T03:20:30.3960385Z   ---
validate	Run npm test	2026-10-03T03:20:30.3960547Z   duration_ms: 69.246523
validate	Run npm test	2026-10-03T03:20:30.3960688Z   ...
validate	Run npm test	2026-10-03T03:20:30.3961318Z # Subtest: generated catalog matches its reviewed TSV source without stale translations
validate	Run npm test	2026-10-03T03:20:30.3961920Z ok 370 - generated catalog matches its reviewed TSV source without stale translations
validate	Run npm test	2026-10-03T03:20:30.3962076Z   ---
validate	Run npm test	2026-10-03T03:20:30.3962252Z   duration_ms: 11.970376
validate	Run npm test	2026-10-03T03:20:30.3962401Z   ...
validate	Run npm test	2026-10-03T03:20:30.3963180Z # Subtest: audited library explanations are fully translated including semicolons and split markup text
validate	Run npm test	2026-10-03T03:20:30.3963922Z ok 371 - audited library explanations are fully translated including semicolons and split markup text
validate	Run npm test	2026-10-03T03:20:30.3964070Z   ---
validate	Run npm test	2026-10-03T03:20:30.3964234Z   duration_ms: 12.279471
validate	Run npm test	2026-10-03T03:20:30.3964376Z   ...
validate	Run npm test	2026-10-03T03:20:30.3965043Z # Subtest: ARIA interpolation and language reversal keep source strings and user parameters
validate	Run npm test	2026-10-03T03:20:30.3965677Z ok 372 - ARIA interpolation and language reversal keep source strings and user parameters
validate	Run npm test	2026-10-03T03:20:30.3965826Z   ---
validate	Run npm test	2026-10-03T03:20:30.3965997Z   duration_ms: 0.441863
validate	Run npm test	2026-10-03T03:20:30.3966341Z   ...
validate	Run npm test	2026-10-03T03:20:30.3967091Z # Subtest: all tutorial messages have complete translations, including mechanics and campaign ending
validate	Run npm test	2026-10-03T03:20:30.3967816Z ok 373 - all tutorial messages have complete translations, including mechanics and campaign ending
validate	Run npm test	2026-10-03T03:20:30.3967977Z   ---
validate	Run npm test	2026-10-03T03:20:30.3968141Z   duration_ms: 0.496845
validate	Run npm test	2026-10-03T03:20:30.3968289Z   ...
validate	Run npm test	2026-10-03T03:20:30.3968997Z # Subtest: catalog contains no empty messages, malformed placeholders or untranslated key markers
validate	Run npm test	2026-10-03T03:20:30.3969873Z ok 374 - catalog contains no empty messages, malformed placeholders or untranslated key markers
validate	Run npm test	2026-10-03T03:20:30.3970025Z   ---
validate	Run npm test	2026-10-03T03:20:30.3970197Z   duration_ms: 6.189247
validate	Run npm test	2026-10-03T03:20:30.3970340Z   ...
validate	Run npm test	2026-10-03T03:20:30.3971184Z # Subtest: agricultural notices and quantitative labels interpolate names and singular/plural in both languages
validate	Run npm test	2026-10-03T03:20:30.3972014Z ok 375 - agricultural notices and quantitative labels interpolate names and singular/plural in both languages
validate	Run npm test	2026-10-03T03:20:30.3972174Z   ---
validate	Run npm test	2026-10-03T03:20:30.3972339Z   duration_ms: 1.727686
validate	Run npm test	2026-10-03T03:20:30.3972490Z   ...
validate	Run npm test	2026-10-03T03:20:30.3973368Z # Subtest: All four native profiles alternate Idle and Alert and occasionally walk inside eight metres without running
validate	Run npm test	2026-10-03T03:20:30.3974401Z ok 376 - All four native profiles alternate Idle and Alert and occasionally walk inside eight metres without running
validate	Run npm test	2026-10-03T03:20:30.3974541Z   ---
validate	Run npm test	2026-10-03T03:20:30.3974709Z   duration_ms: 62.455182
validate	Run npm test	2026-10-03T03:20:30.3974855Z   ...
validate	Run npm test	2026-10-03T03:20:30.3975544Z # Subtest: FIFO assignment interrupts an ambient route immediately without losing a reservation
validate	Run npm test	2026-10-03T03:20:30.3976217Z ok 377 - FIFO assignment interrupts an ambient route immediately without losing a reservation
validate	Run npm test	2026-10-03T03:20:30.3976368Z   ---
validate	Run npm test	2026-10-03T03:20:30.3976540Z   duration_ms: 0.862194
validate	Run npm test	2026-10-03T03:20:30.3976679Z   ...
validate	Run npm test	2026-10-03T03:20:30.3977195Z # Subtest: Unreachable or nonlocal detours never become ambient movement
validate	Run npm test	2026-10-03T03:20:30.3977687Z ok 378 - Unreachable or nonlocal detours never become ambient movement
validate	Run npm test	2026-10-03T03:20:30.3977830Z   ---
validate	Run npm test	2026-10-03T03:20:30.3977997Z   duration_ms: 4.149942
validate	Run npm test	2026-10-03T03:20:30.3978137Z   ...
validate	Run npm test	2026-10-03T03:20:30.3979066Z # Subtest: A changed navigation version invalidates a blocked paseo before moving
validate	Run npm test	2026-10-03T03:20:30.3979654Z ok 379 - A changed navigation version invalidates a blocked paseo before moving
validate	Run npm test	2026-10-03T03:20:30.3979810Z   ---
validate	Run npm test	2026-10-03T03:20:30.3980138Z   duration_ms: 0.477739
validate	Run npm test	2026-10-03T03:20:30.3980283Z   ...
validate	Run npm test	2026-10-03T03:20:30.3981033Z # Subtest: Waiting in a village has a real anchor and freezes/resumes identically across pause and save
validate	Run npm test	2026-10-03T03:20:30.3981745Z ok 380 - Waiting in a village has a real anchor and freezes/resumes identically across pause and save
validate	Run npm test	2026-10-03T03:20:30.3981895Z   ---
validate	Run npm test	2026-10-03T03:20:30.3982063Z   duration_ms: 32.683382
validate	Run npm test	2026-10-03T03:20:30.3982212Z   ...
validate	Run npm test	2026-10-03T03:20:30.3982904Z # Subtest: A waiting employee returns physically at shift end and does not prolong the contract
validate	Run npm test	2026-10-03T03:20:30.3983562Z ok 381 - A waiting employee returns physically at shift end and does not prolong the contract
validate	Run npm test	2026-10-03T03:20:30.3983708Z   ---
validate	Run npm test	2026-10-03T03:20:30.3983875Z   duration_ms: 28.971226
validate	Run npm test	2026-10-03T03:20:30.3984025Z   ...
validate	Run npm test	2026-10-03T03:20:30.3984512Z # Subtest: Receiving queued work prevents even one extra ambient step
validate	Run npm test	2026-10-03T03:20:30.3984977Z ok 382 - Receiving queued work prevents even one extra ambient step
validate	Run npm test	2026-10-03T03:20:30.3985128Z   ---
validate	Run npm test	2026-10-03T03:20:30.3985294Z   duration_ms: 9.380466
validate	Run npm test	2026-10-03T03:20:30.3985441Z   ...
validate	Run npm test	2026-10-03T03:20:30.3986119Z # Subtest: Ambient paths stay inside the local radius and original terrain/building footprints
validate	Run npm test	2026-10-03T03:20:30.3986763Z ok 383 - Ambient paths stay inside the local radius and original terrain/building footprints
validate	Run npm test	2026-10-03T03:20:30.3986913Z   ---
validate	Run npm test	2026-10-03T03:20:30.3987090Z   duration_ms: 4548.473205
validate	Run npm test	2026-10-03T03:20:30.3987437Z   ...
validate	Run npm test	2026-10-03T03:20:30.3988122Z # Subtest: youngMale: foot contacts reproduce original native toe trajectories and clip cycles
validate	Run npm test	2026-10-03T03:20:30.3988781Z ok 384 - youngMale: foot contacts reproduce original native toe trajectories and clip cycles
validate	Run npm test	2026-10-03T03:20:30.3988928Z   ---
validate	Run npm test	2026-10-03T03:20:30.3989095Z   duration_ms: 269.059192
validate	Run npm test	2026-10-03T03:20:30.3989240Z   ...
validate	Run npm test	2026-10-03T03:20:30.3990116Z # Subtest: olderMale: foot contacts reproduce original native toe trajectories and clip cycles
validate	Run npm test	2026-10-03T03:20:30.3990788Z ok 385 - olderMale: foot contacts reproduce original native toe trajectories and clip cycles
validate	Run npm test	2026-10-03T03:20:30.3990938Z   ---
validate	Run npm test	2026-10-03T03:20:30.3991113Z   duration_ms: 125.499213
validate	Run npm test	2026-10-03T03:20:30.3991259Z   ...
validate	Run npm test	2026-10-03T03:20:30.3991962Z # Subtest: olderFemale: foot contacts reproduce original native toe trajectories and clip cycles
validate	Run npm test	2026-10-03T03:20:30.3992641Z ok 386 - olderFemale: foot contacts reproduce original native toe trajectories and clip cycles
validate	Run npm test	2026-10-03T03:20:30.3992798Z   ---
validate	Run npm test	2026-10-03T03:20:30.3992969Z   duration_ms: 116.146121
validate	Run npm test	2026-10-03T03:20:30.3993113Z   ...
validate	Run npm test	2026-10-03T03:20:30.3993811Z # Subtest: youngFemale: foot contacts reproduce original native toe trajectories and clip cycles
validate	Run npm test	2026-10-03T03:20:30.3994487Z ok 387 - youngFemale: foot contacts reproduce original native toe trajectories and clip cycles
validate	Run npm test	2026-10-03T03:20:30.3994831Z   ---
validate	Run npm test	2026-10-03T03:20:30.3995007Z   duration_ms: 122.238577
validate	Run npm test	2026-10-03T03:20:30.3995154Z   ...
validate	Run npm test	2026-10-03T03:20:30.3995822Z # Subtest: warthog: foot contacts reproduce original native toe trajectories and clip cycles
validate	Run npm test	2026-10-03T03:20:30.3996459Z ok 388 - warthog: foot contacts reproduce original native toe trajectories and clip cycles
validate	Run npm test	2026-10-03T03:20:30.3996612Z   ---
validate	Run npm test	2026-10-03T03:20:30.3996783Z   duration_ms: 101.102484
validate	Run npm test	2026-10-03T03:20:30.3996927Z   ...
validate	Run npm test	2026-10-03T03:20:30.3997558Z # Subtest: hyena: foot contacts reproduce original native toe trajectories and clip cycles
validate	Run npm test	2026-10-03T03:20:30.3998181Z ok 389 - hyena: foot contacts reproduce original native toe trajectories and clip cycles
validate	Run npm test	2026-10-03T03:20:30.3998330Z   ---
validate	Run npm test	2026-10-03T03:20:30.3998492Z   duration_ms: 54.981619
validate	Run npm test	2026-10-03T03:20:30.3998642Z   ...
validate	Run npm test	2026-10-03T03:20:30.3999313Z # Subtest: buffalo: foot contacts reproduce original native toe trajectories and clip cycles
validate	Run npm test	2026-10-03T03:20:30.4000161Z ok 390 - buffalo: foot contacts reproduce original native toe trajectories and clip cycles
validate	Run npm test	2026-10-03T03:20:30.4000317Z   ---
validate	Run npm test	2026-10-03T03:20:30.4000491Z   duration_ms: 57.412923
validate	Run npm test	2026-10-03T03:20:30.4000649Z   ...
validate	Run npm test	2026-10-03T03:20:30.4001280Z # Subtest: lion: foot contacts reproduce original native toe trajectories and clip cycles
validate	Run npm test	2026-10-03T03:20:30.4001877Z ok 391 - lion: foot contacts reproduce original native toe trajectories and clip cycles
validate	Run npm test	2026-10-03T03:20:30.4002023Z   ---
validate	Run npm test	2026-10-03T03:20:30.4002183Z   duration_ms: 78.387888
validate	Run npm test	2026-10-03T03:20:30.4002327Z   ...
validate	Run npm test	2026-10-03T03:20:30.4002970Z # Subtest: rhino: foot contacts reproduce original native toe trajectories and clip cycles
validate	Run npm test	2026-10-03T03:20:30.4003599Z ok 392 - rhino: foot contacts reproduce original native toe trajectories and clip cycles
validate	Run npm test	2026-10-03T03:20:30.4003746Z   ---
validate	Run npm test	2026-10-03T03:20:30.4003921Z   duration_ms: 114.089444
validate	Run npm test	2026-10-03T03:20:30.4004067Z   ...
validate	Run npm test	2026-10-03T03:20:30.4005097Z # Subtest: Paid walking emits only measured single-step dust, freezes on pause and does not invent a trail after reload or a long jump
validate	Run npm test	2026-10-03T03:20:30.4006111Z ok 393 - Paid walking emits only measured single-step dust, freezes on pause and does not invent a trail after reload or a long jump
validate	Run npm test	2026-10-03T03:20:30.4006257Z   ---
validate	Run npm test	2026-10-03T03:20:30.4006423Z   duration_ms: 98.684276
validate	Run npm test	2026-10-03T03:20:30.4006560Z   ...
validate	Run npm test	2026-10-03T03:20:30.4007407Z # Subtest: Waiting, falling, incapacitation, stationary animation and backwards time cannot generate footsteps
validate	Run npm test	2026-10-03T03:20:30.4008222Z ok 394 - Waiting, falling, incapacitation, stationary animation and backwards time cannot generate footsteps
validate	Run npm test	2026-10-03T03:20:30.4008372Z   ---
validate	Run npm test	2026-10-03T03:20:30.4008739Z   duration_ms: 10.30886
validate	Run npm test	2026-10-03T03:20:30.4008888Z   ...
validate	Run npm test	2026-10-03T03:20:30.4009783Z # Subtest: warthog: real animal movement phases drive native dust independently of combat budgets
validate	Run npm test	2026-10-03T03:20:30.4010469Z ok 395 - warthog: real animal movement phases drive native dust independently of combat budgets
validate	Run npm test	2026-10-03T03:20:30.4010624Z   ---
validate	Run npm test	2026-10-03T03:20:30.4010791Z   duration_ms: 32.508828
validate	Run npm test	2026-10-03T03:20:30.4010929Z   ...
validate	Run npm test	2026-10-03T03:20:30.4011614Z # Subtest: hyena: real animal movement phases drive native dust independently of combat budgets
validate	Run npm test	2026-10-03T03:20:30.4012276Z ok 396 - hyena: real animal movement phases drive native dust independently of combat budgets
validate	Run npm test	2026-10-03T03:20:30.4012424Z   ---
validate	Run npm test	2026-10-03T03:20:30.4012584Z   duration_ms: 22.850694
validate	Run npm test	2026-10-03T03:20:30.4012727Z   ...
validate	Run npm test	2026-10-03T03:20:30.4013420Z # Subtest: buffalo: real animal movement phases drive native dust independently of combat budgets
validate	Run npm test	2026-10-03T03:20:30.4014077Z ok 397 - buffalo: real animal movement phases drive native dust independently of combat budgets
validate	Run npm test	2026-10-03T03:20:30.4014246Z   ---
validate	Run npm test	2026-10-03T03:20:30.4014421Z   duration_ms: 21.486227
validate	Run npm test	2026-10-03T03:20:30.4014560Z   ...
validate	Run npm test	2026-10-03T03:20:30.4015234Z # Subtest: lion: real animal movement phases drive native dust independently of combat budgets
validate	Run npm test	2026-10-03T03:20:30.4016065Z ok 398 - lion: real animal movement phases drive native dust independently of combat budgets
validate	Run npm test	2026-10-03T03:20:30.4016215Z   ---
validate	Run npm test	2026-10-03T03:20:30.4016380Z   duration_ms: 17.214208
validate	Run npm test	2026-10-03T03:20:30.4016529Z   ...
validate	Run npm test	2026-10-03T03:20:30.4017199Z # Subtest: rhino: real animal movement phases drive native dust independently of combat budgets
validate	Run npm test	2026-10-03T03:20:30.4017846Z ok 399 - rhino: real animal movement phases drive native dust independently of combat budgets
validate	Run npm test	2026-10-03T03:20:30.4017991Z   ---
validate	Run npm test	2026-10-03T03:20:30.4018156Z   duration_ms: 20.524297
validate	Run npm test	2026-10-03T03:20:30.4018297Z   ...
validate	Run npm test	2026-10-03T03:20:30.4019084Z # Subtest: Calibration preserves all four original route speeds and the median physical reference journey
validate	Run npm test	2026-10-03T03:20:30.4020107Z ok 400 - Calibration preserves all four original route speeds and the median physical reference journey
validate	Run npm test	2026-10-03T03:20:30.4020264Z   ---
validate	Run npm test	2026-10-03T03:20:30.4020430Z   duration_ms: 6.942568
validate	Run npm test	2026-10-03T03:20:30.4020579Z   ...
validate	Run npm test	2026-10-03T03:20:30.4021286Z # Subtest: Running consumes travelled metres and switches to walking inside the exhaustion step
validate	Run npm test	2026-10-03T03:20:30.4021946Z ok 401 - Running consumes travelled metres and switches to walking inside the exhaustion step
validate	Run npm test	2026-10-03T03:20:30.4022089Z   ---
validate	Run npm test	2026-10-03T03:20:30.4022253Z   duration_ms: 0.621666
validate	Run npm test	2026-10-03T03:20:30.4022395Z   ...
validate	Run npm test	2026-10-03T03:20:30.4023043Z # Subtest: Short arrivals consume only their actual distance; blocked paths consume nothing
validate	Run npm test	2026-10-03T03:20:30.4023688Z ok 402 - Short arrivals consume only their actual distance; blocked paths consume nothing
validate	Run npm test	2026-10-03T03:20:30.4023836Z   ---
validate	Run npm test	2026-10-03T03:20:30.4024010Z   duration_ms: 0.240708
validate	Run npm test	2026-10-03T03:20:30.4024149Z   ...
validate	Run npm test	2026-10-03T03:20:30.4025032Z # Subtest: Recovery forbids ordinary running but flight uses slowed Run without spending or replenishing the reserve
validate	Run npm test	2026-10-03T03:20:30.4025875Z ok 403 - Recovery forbids ordinary running but flight uses slowed Run without spending or replenishing the reserve
validate	Run npm test	2026-10-03T03:20:30.4026028Z   ---
validate	Run npm test	2026-10-03T03:20:30.4026195Z   duration_ms: 0.347407
validate	Run npm test	2026-10-03T03:20:30.4026336Z   ...
validate	Run npm test	2026-10-03T03:20:30.4027067Z # Subtest: Carrying and unhurried walking keep their native gaits and do not spend running metres
validate	Run npm test	2026-10-03T03:20:30.4027743Z ok 404 - Carrying and unhurried walking keep their native gaits and do not spend running metres
validate	Run npm test	2026-10-03T03:20:30.4027894Z   ---
validate	Run npm test	2026-10-03T03:20:30.4028068Z   duration_ms: 0.267147
validate	Run npm test	2026-10-03T03:20:30.4028210Z   ...
validate	Run npm test	2026-10-03T03:20:30.4029044Z # Subtest: Urgency uses tasks per available worker at the assigned center, with strict greater-than-two threshold
validate	Run npm test	2026-10-03T03:20:30.4030382Z ok 405 - Urgency uses tasks per available worker at the assigned center, with strict greater-than-two threshold
validate	Run npm test	2026-10-03T03:20:30.4030749Z   ---
validate	Run npm test	2026-10-03T03:20:30.4030918Z   duration_ms: 0.501904
validate	Run npm test	2026-10-03T03:20:30.4031059Z   ...
validate	Run npm test	2026-10-03T03:20:30.4031747Z # Subtest: Running gait follows physical motion phase rather than hidden or paused wall time
validate	Run npm test	2026-10-03T03:20:30.4032392Z ok 406 - Running gait follows physical motion phase rather than hidden or paused wall time
validate	Run npm test	2026-10-03T03:20:30.4032547Z   ---
validate	Run npm test	2026-10-03T03:20:30.4032717Z   duration_ms: 1.47247
validate	Run npm test	2026-10-03T03:20:30.4032865Z   ...
validate	Run npm test	2026-10-03T03:20:30.4033677Z # Subtest: Hiring replenishes each person once per day; saves and pauses preserve a partially consumed reserve
validate	Run npm test	2026-10-03T03:20:30.4034460Z ok 407 - Hiring replenishes each person once per day; saves and pauses preserve a partially consumed reserve
validate	Run npm test	2026-10-03T03:20:30.4034610Z   ---
validate	Run npm test	2026-10-03T03:20:30.4034963Z   duration_ms: 4.40736
validate	Run npm test	2026-10-03T03:20:30.4035117Z   ...
validate	Run npm test	2026-10-03T03:20:30.4035835Z # Subtest: A distant arrival cannot extend the worker shift or teleport the worker to start a task
validate	Run npm test	2026-10-03T03:20:30.4036521Z ok 408 - A distant arrival cannot extend the worker shift or teleport the worker to start a task
validate	Run npm test	2026-10-03T03:20:30.4036658Z   ---
validate	Run npm test	2026-10-03T03:20:30.4036836Z   duration_ms: 276.273968
validate	Run npm test	2026-10-03T03:20:30.4036986Z   ...
validate	Run npm test	2026-10-03T03:20:30.4037952Z # Subtest: paused frames do not traverse the graph or rewrite water clocks; late shared water is synchronized
validate	Run npm test	2026-10-03T03:20:30.4038723Z ok 409 - paused frames do not traverse the graph or rewrite water clocks; late shared water is synchronized
validate	Run npm test	2026-10-03T03:20:30.4038872Z   ---
validate	Run npm test	2026-10-03T03:20:30.4039044Z   duration_ms: 4.069672
validate	Run npm test	2026-10-03T03:20:30.4039193Z   ...
validate	Run npm test	2026-10-03T03:20:30.4040329Z # Subtest: entering nested actors, instanced meshes and reparenting retain single shader composition and borrowed ownership
validate	Run npm test	2026-10-03T03:20:30.4041253Z ok 410 - entering nested actors, instanced meshes and reparenting retain single shader composition and borrowed ownership
validate	Run npm test	2026-10-03T03:20:30.4041391Z   ---
validate	Run npm test	2026-10-03T03:20:30.4041571Z   duration_ms: 1.902008
validate	Run npm test	2026-10-03T03:20:30.4041712Z   ...
validate	Run npm test	2026-10-03T03:20:30.4042519Z # Subtest: explicit refresh handles material arrays, replacement and late metadata without stale references
validate	Run npm test	2026-10-03T03:20:30.4043297Z ok 411 - explicit refresh handles material arrays, replacement and late metadata without stale references
validate	Run npm test	2026-10-03T03:20:30.4043456Z   ---
validate	Run npm test	2026-10-03T03:20:30.4043626Z   duration_ms: 1.056626
validate	Run npm test	2026-10-03T03:20:30.4043766Z   ...
validate	Run npm test	2026-10-03T03:20:30.4044488Z # Subtest: resident and unchanged-region horizon quality replacements are registered immediately
validate	Run npm test	2026-10-03T03:20:30.4045171Z ok 412 - resident and unchanged-region horizon quality replacements are registered immediately
validate	Run npm test	2026-10-03T03:20:30.4045325Z   ---
validate	Run npm test	2026-10-03T03:20:30.4045499Z   duration_ms: 293.963094
validate	Run npm test	2026-10-03T03:20:30.4045641Z   ...
validate	Run npm test	2026-10-03T03:20:30.4046436Z # Subtest: QA fallback preserves old traversal semantics and returning to the registry resynchronizes time
validate	Run npm test	2026-10-03T03:20:30.4047189Z ok 413 - QA fallback preserves old traversal semantics and returning to the registry resynchronizes time
validate	Run npm test	2026-10-03T03:20:30.4047358Z   ---
validate	Run npm test	2026-10-03T03:20:30.4047529Z   duration_ms: 0.942464
validate	Run npm test	2026-10-03T03:20:30.4047678Z   ...
validate	Run npm test	2026-10-03T03:20:30.4048385Z # Subtest: temporary excluded pass roots never register nested materials or leave event listeners
validate	Run npm test	2026-10-03T03:20:30.4049077Z ok 414 - temporary excluded pass roots never register nested materials or leave event listeners
validate	Run npm test	2026-10-03T03:20:30.4049222Z   ---
validate	Run npm test	2026-10-03T03:20:30.4049396Z   duration_ms: 0.697488
validate	Run npm test	2026-10-03T03:20:30.4049705Z   ...
validate	Run npm test	2026-10-03T03:20:30.4050475Z # Subtest: Five wall materials and gates produce one native debris composition only after a real unshielded hit, with pause and reload
validate	Run npm test	2026-10-03T03:20:30.4051032Z ok 415 - Five wall materials and gates produce one native debris composition only after a real unshielded hit, with pause and reload
validate	Run npm test	2026-10-03T03:20:30.4051115Z   ---
validate	Run npm test	2026-10-03T03:20:30.4051217Z   duration_ms: 279.861366
validate	Run npm test	2026-10-03T03:20:30.4051478Z   ...
validate	Run npm test	2026-10-03T03:20:30.4051954Z # Subtest: Shield blocks, crop hits, centre hits and legacy/malformed facts cannot create material damage particles
validate	Run npm test	2026-10-03T03:20:30.4052403Z ok 416 - Shield blocks, crop hits, centre hits and legacy/malformed facts cannot create material damage particles
validate	Run npm test	2026-10-03T03:20:30.4052498Z   ---
validate	Run npm test	2026-10-03T03:20:30.4052599Z   duration_ms: 1.523945
validate	Run npm test	2026-10-03T03:20:30.4052677Z   ...
validate	Run npm test	2026-10-03T03:20:30.4053125Z # Subtest: Contacts use the oriented outer face of shortened walls and scaled gates, including corner approaches
validate	Run npm test	2026-10-03T03:20:30.4053549Z ok 417 - Contacts use the oriented outer face of shortened walls and scaled gates, including corner approaches
validate	Run npm test	2026-10-03T03:20:30.4053634Z   ---
validate	Run npm test	2026-10-03T03:20:30.4053727Z   duration_ms: 0.747591
validate	Run npm test	2026-10-03T03:20:30.4053809Z   ...
validate	Run npm test	2026-10-03T03:20:30.4054211Z # Subtest: closed outward geometry remains eligible across duplicated UV seams and rigid transforms
validate	Run npm test	2026-10-03T03:20:30.4054591Z ok 418 - closed outward geometry remains eligible across duplicated UV seams and rigid transforms
validate	Run npm test	2026-10-03T03:20:30.4054681Z   ---
validate	Run npm test	2026-10-03T03:20:30.4054778Z   duration_ms: 6.869601
validate	Run npm test	2026-10-03T03:20:30.4054859Z   ...
validate	Run npm test	2026-10-03T03:20:30.4055232Z # Subtest: open, inverted, inconsistent, duplicate and degenerate faces are rejected separately
validate	Run npm test	2026-10-03T03:20:30.4055715Z ok 419 - open, inverted, inconsistent, duplicate and degenerate faces are rejected separately
validate	Run npm test	2026-10-03T03:20:30.4055802Z   ---
validate	Run npm test	2026-10-03T03:20:30.4055893Z   duration_ms: 2.393804
validate	Run npm test	2026-10-03T03:20:30.4055976Z   ...
validate	Run npm test	2026-10-03T03:20:30.4056359Z # Subtest: positive aggregate volume cannot conceal an inverted disconnected component
validate	Run npm test	2026-10-03T03:20:30.4056681Z ok 420 - positive aggregate volume cannot conceal an inverted disconnected component
validate	Run npm test	2026-10-03T03:20:30.4056765Z   ---
validate	Run npm test	2026-10-03T03:20:30.4056862Z   duration_ms: 1.237222
validate	Run npm test	2026-10-03T03:20:30.4056944Z   ...
validate	Run npm test	2026-10-03T03:20:30.4057249Z # Subtest: exact welding preserves small real gaps and rejects malformed inputs
validate	Run npm test	2026-10-03T03:20:30.4057547Z ok 421 - exact welding preserves small real gaps and rejects malformed inputs
validate	Run npm test	2026-10-03T03:20:30.4057630Z   ---
validate	Run npm test	2026-10-03T03:20:30.4057721Z   duration_ms: 1.026981
validate	Run npm test	2026-10-03T03:20:30.4057803Z   ...
validate	Run npm test	2026-10-03T03:20:30.4058192Z # Subtest: PCF preserves the original nine taps, slope compensation, bias and edge fade verbatim
validate	Run npm test	2026-10-03T03:20:30.4058562Z ok 422 - PCF preserves the original nine taps, slope compensation, bias and edge fade verbatim
validate	Run npm test	2026-10-03T03:20:30.4058641Z   ---
validate	Run npm test	2026-10-03T03:20:30.4058742Z   duration_ms: 3.100519
validate	Run npm test	2026-10-03T03:20:30.4058824Z   ...
validate	Run npm test	2026-10-03T03:20:30.4059262Z # Subtest: shadow target keeps packed-color compatibility and native depth24 comparison through resizing
validate	Run npm test	2026-10-03T03:20:30.4059851Z ok 423 - shadow target keeps packed-color compatibility and native depth24 comparison through resizing
validate	Run npm test	2026-10-03T03:20:30.4059941Z   ---
validate	Run npm test	2026-10-03T03:20:30.4060039Z   duration_ms: 2.07932
validate	Run npm test	2026-10-03T03:20:30.4060116Z   ...
validate	Run npm test	2026-10-03T03:20:30.4060567Z # Subtest: native depth pass applies polygon offset to custom and shared materials, restoring state on exception
validate	Run npm test	2026-10-03T03:20:30.4060997Z ok 424 - native depth pass applies polygon offset to custom and shared materials, restoring state on exception
validate	Run npm test	2026-10-03T03:20:30.4061075Z   ---
validate	Run npm test	2026-10-03T03:20:30.4061177Z   duration_ms: 3.182171
validate	Run npm test	2026-10-03T03:20:30.4061258Z   ...
validate	Run npm test	2026-10-03T03:20:30.4061709Z # Subtest: disabled shadow passes do not allocate depth targets; shared uniforms follow enabled state and light VP
validate	Run npm test	2026-10-03T03:20:30.4062137Z ok 425 - disabled shadow passes do not allocate depth targets; shared uniforms follow enabled state and light VP
validate	Run npm test	2026-10-03T03:20:30.4062226Z   ---
validate	Run npm test	2026-10-03T03:20:30.4062321Z   duration_ms: 3.577456
validate	Run npm test	2026-10-03T03:20:30.4062399Z   ...
validate	Run npm test	2026-10-03T03:20:30.4062799Z # Subtest: Standard direct lighting uses native PCF while spot and point shadows keep their own source
validate	Run npm test	2026-10-03T03:20:30.4063188Z ok 426 - Standard direct lighting uses native PCF while spot and point shadows keep their own source
validate	Run npm test	2026-10-03T03:20:30.4063399Z   ---
validate	Run npm test	2026-10-03T03:20:30.4063490Z   duration_ms: 0.384325
validate	Run npm test	2026-10-03T03:20:30.4063571Z   ...
validate	Run npm test	2026-10-03T03:20:30.4064035Z # Subtest: ground, actors and water share the same native depth sampler without replacing DEST custom-depth materials
validate	Run npm test	2026-10-03T03:20:30.4064483Z ok 427 - ground, actors and water share the same native depth sampler without replacing DEST custom-depth materials
validate	Run npm test	2026-10-03T03:20:30.4064567Z   ---
validate	Run npm test	2026-10-03T03:20:30.4064662Z   duration_ms: 2.593345
validate	Run npm test	2026-10-03T03:20:30.4064745Z   ...
validate	Run npm test	2026-10-03T03:20:30.4065194Z # Subtest: independent water retains one valid fallback across shader recompiles and releases it with the material
validate	Run npm test	2026-10-03T03:20:30.4065632Z ok 428 - independent water retains one valid fallback across shader recompiles and releases it with the material
validate	Run npm test	2026-10-03T03:20:30.4065716Z   ---
validate	Run npm test	2026-10-03T03:20:30.4065948Z   duration_ms: 0.871983
validate	Run npm test	2026-10-03T03:20:30.4067541Z   ...
validate	Run npm test	2026-10-03T03:20:30.4067970Z # Subtest: PCF reuse remains valid only while Three lighting leaves the sampled normal unchanged
validate	Run npm test	2026-10-03T03:20:30.4068357Z ok 429 - PCF reuse remains valid only while Three lighting leaves the sampled normal unchanged
validate	Run npm test	2026-10-03T03:20:30.4068440Z   ---
validate	Run npm test	2026-10-03T03:20:30.4068544Z   duration_ms: 0.737873
validate	Run npm test	2026-10-03T03:20:30.4068775Z   ...
validate	Run npm test	2026-10-03T03:20:30.4069153Z # Subtest: A direct segment cannot tunnel through a small prop between valid sampled endpoints
validate	Run npm test	2026-10-03T03:20:30.4069807Z ok 430 - A direct segment cannot tunnel through a small prop between valid sampled endpoints
validate	Run npm test	2026-10-03T03:20:30.4069979Z   ---
validate	Run npm test	2026-10-03T03:20:30.4070108Z   duration_ms: 6.889198
validate	Run npm test	2026-10-03T03:20:30.4070189Z   ...
validate	Run npm test	2026-10-03T03:20:30.4070642Z # Subtest: Directed edge caches retain collision semantics and invalidate when structures or shields change
validate	Run npm test	2026-10-03T03:20:30.4071072Z ok 431 - Directed edge caches retain collision semantics and invalidate when structures or shields change
validate	Run npm test	2026-10-03T03:20:30.4071152Z   ---
validate	Run npm test	2026-10-03T03:20:30.4071257Z   duration_ms: 0.837588
validate	Run npm test	2026-10-03T03:20:30.4071344Z   ...
validate	Run npm test	2026-10-03T03:20:30.4071731Z # Subtest: Failed routes are reused only for identical endpoints and clear when an obstacle changes
validate	Run npm test	2026-10-03T03:20:30.4072097Z ok 432 - Failed routes are reused only for identical endpoints and clear when an obstacle changes
validate	Run npm test	2026-10-03T03:20:30.4072186Z   ---
validate	Run npm test	2026-10-03T03:20:30.4072282Z   duration_ms: 0.568217
validate	Run npm test	2026-10-03T03:20:30.4072360Z   ...
validate	Run npm test	2026-10-03T03:20:30.4072820Z # Subtest: Exhaustively explored enclosed regions reject other unreachable targets without another flood search
validate	Run npm test	2026-10-03T03:20:30.4073263Z ok 433 - Exhaustively explored enclosed regions reject other unreachable targets without another flood search
validate	Run npm test	2026-10-03T03:20:30.4073347Z   ---
validate	Run npm test	2026-10-03T03:20:30.4073440Z   duration_ms: 7.886824
validate	Run npm test	2026-10-03T03:20:30.4073523Z   ...
validate	Run npm test	2026-10-03T03:20:30.4073856Z # Subtest: A search touching corridor bounds does not certify a globally closed region
validate	Run npm test	2026-10-03T03:20:30.4074167Z ok 434 - A search touching corridor bounds does not certify a globally closed region
validate	Run npm test	2026-10-03T03:20:30.4074267Z   ---
validate	Run npm test	2026-10-03T03:20:30.4074372Z   duration_ms: 59.304477
validate	Run npm test	2026-10-03T03:20:30.4074458Z   ...
validate	Run npm test	2026-10-03T03:20:30.4074863Z # Subtest: Region reuse matches fresh searches across origins, endpoints, radii and actor permissions
validate	Run npm test	2026-10-03T03:20:30.4075257Z ok 435 - Region reuse matches fresh searches across origins, endpoints, radii and actor permissions
validate	Run npm test	2026-10-03T03:20:30.4075340Z   ---
validate	Run npm test	2026-10-03T03:20:30.4075436Z   duration_ms: 694.646635
validate	Run npm test	2026-10-03T03:20:30.4075519Z   ...
validate	Run npm test	2026-10-03T03:20:30.4075873Z # Subtest: A diagonal grid edge with valid corners still detours around an intervening prop
validate	Run npm test	2026-10-03T03:20:30.4076206Z ok 436 - A diagonal grid edge with valid corners still detours around an intervening prop
validate	Run npm test	2026-10-03T03:20:30.4076284Z   ---
validate	Run npm test	2026-10-03T03:20:30.4076381Z   duration_ms: 0.697408
validate	Run npm test	2026-10-03T03:20:30.4076464Z   ...
validate	Run npm test	2026-10-03T03:20:30.4076884Z # Subtest: Fractional positions connect to a valid grid point even when their rounded start cell is blocked
validate	Run npm test	2026-10-03T03:20:30.4077491Z ok 437 - Fractional positions connect to a valid grid point even when their rounded start cell is blocked
validate	Run npm test	2026-10-03T03:20:30.4077577Z   ---
validate	Run npm test	2026-10-03T03:20:30.4077674Z   duration_ms: 0.491033
validate	Run npm test	2026-10-03T03:20:30.4077751Z   ...
validate	Run npm test	2026-10-03T03:20:30.4078130Z # Subtest: Swept paths respect native polygon edges, rotated walls and worker-only gate passage
validate	Run npm test	2026-10-03T03:20:30.4078489Z ok 438 - Swept paths respect native polygon edges, rotated walls and worker-only gate passage
validate	Run npm test	2026-10-03T03:20:30.4078567Z   ---
validate	Run npm test	2026-10-03T03:20:30.4078675Z   duration_ms: 0.677761
validate	Run npm test	2026-10-03T03:20:30.4078758Z   ...
validate	Run npm test	2026-10-03T03:20:30.4079126Z # Subtest: Every repair waypoint remains outside rotated native wall footprints and wider gates
validate	Run npm test	2026-10-03T03:20:30.4079672Z ok 439 - Every repair waypoint remains outside rotated native wall footprints and wider gates
validate	Run npm test	2026-10-03T03:20:30.4079766Z   ---
validate	Run npm test	2026-10-03T03:20:30.4079864Z   duration_ms: 2.229158
validate	Run npm test	2026-10-03T03:20:30.4079947Z   ...
validate	Run npm test	2026-10-03T03:20:30.4080390Z # Subtest: Center repair paths go around the center footprint and reject a completely inaccessible destination
validate	Run npm test	2026-10-03T03:20:30.4080817Z ok 440 - Center repair paths go around the center footprint and reject a completely inaccessible destination
validate	Run npm test	2026-10-03T03:20:30.4081033Z   ---
validate	Run npm test	2026-10-03T03:20:30.4081125Z   duration_ms: 0.47259
validate	Run npm test	2026-10-03T03:20:30.4081208Z   ...
validate	Run npm test	2026-10-03T03:20:30.4081634Z # Subtest: Wider searches find physical detours beyond the local corridor without reusing its cached failure
validate	Run npm test	2026-10-03T03:20:30.4082044Z ok 441 - Wider searches find physical detours beyond the local corridor without reusing its cached failure
validate	Run npm test	2026-10-03T03:20:30.4082129Z   ---
validate	Run npm test	2026-10-03T03:20:30.4082227Z   duration_ms: 112.623216
validate	Run npm test	2026-10-03T03:20:30.4082305Z   ...
validate	Run npm test	2026-10-03T03:20:30.4082788Z # Subtest: native volumes and viewing corridor match the original across rotation, scale, chunk offset and camera poses
validate	Run npm test	2026-10-03T03:20:30.4083251Z ok 442 - native volumes and viewing corridor match the original across rotation, scale, chunk offset and camera poses
validate	Run npm test	2026-10-03T03:20:30.4083339Z   ---
validate	Run npm test	2026-10-03T03:20:30.4083429Z   duration_ms: 8.246013
validate	Run npm test	2026-10-03T03:20:30.4083512Z   ...
validate	Run npm test	2026-10-03T03:20:30.4083927Z # Subtest: coverage is independent per instance and chunk, excluding low vegetation, water and short props
validate	Run npm test	2026-10-03T03:20:30.4084327Z ok 443 - coverage is independent per instance and chunk, excluding low vegetation, water and short props
validate	Run npm test	2026-10-03T03:20:30.4084411Z   ---
validate	Run npm test	2026-10-03T03:20:30.4084507Z   duration_ms: 3.339654
validate	Run npm test	2026-10-03T03:20:30.4084589Z   ...
validate	Run npm test	2026-10-03T03:20:30.4085091Z # Subtest: packages without explicit bounds use the full original mesh across reduced LODs and honor original group overrides
validate	Run npm test	2026-10-03T03:20:30.4085583Z ok 444 - packages without explicit bounds use the full original mesh across reduced LODs and honor original group overrides
validate	Run npm test	2026-10-03T03:20:30.4085668Z   ---
validate	Run npm test	2026-10-03T03:20:30.4085764Z   duration_ms: 1.775333
validate	Run npm test	2026-10-03T03:20:30.4085842Z   ...
validate	Run npm test	2026-10-03T03:20:30.4086229Z # Subtest: native fade rates clamp wall time, restore independently and do not dirty static frames
validate	Run npm test	2026-10-03T03:20:30.4086592Z ok 445 - native fade rates clamp wall time, restore independently and do not dirty static frames
validate	Run npm test	2026-10-03T03:20:30.4086671Z   ---
validate	Run npm test	2026-10-03T03:20:30.4086769Z   duration_ms: 0.881109
validate	Run npm test	2026-10-03T03:20:30.4086853Z   ...
validate	Run npm test	2026-10-03T03:20:30.4087315Z # Subtest: streaming releases the private coverage geometry once while retaining another chunk and the source arrays
validate	Run npm test	2026-10-03T03:20:30.4087765Z ok 446 - streaming releases the private coverage geometry once while retaining another chunk and the source arrays
validate	Run npm test	2026-10-03T03:20:30.4087849Z   ---
validate	Run npm test	2026-10-03T03:20:30.4087945Z   duration_ms: 2.551417
validate	Run npm test	2026-10-03T03:20:30.4088024Z   ...
validate	Run npm test	2026-10-03T03:20:30.4088467Z # Subtest: native ordered discard composes with cel shader and preserves opaque depth and original full shadows
validate	Run npm test	2026-10-03T03:20:30.4088893Z ok 447 - native ordered discard composes with cel shader and preserves opaque depth and original full shadows
validate	Run npm test	2026-10-03T03:20:30.4089095Z   ---
validate	Run npm test	2026-10-03T03:20:30.4089186Z   duration_ms: 1.529816
validate	Run npm test	2026-10-03T03:20:30.4089269Z   ...
validate	Run npm test	2026-10-03T03:20:30.4089846Z # Subtest: olderMale: eight original-terrain crops pay only their physical deliveries and permit dawn hiring
validate	Run npm test	2026-10-03T03:20:30.4090276Z ok 448 - olderMale: eight original-terrain crops pay only their physical deliveries and permit dawn hiring
validate	Run npm test	2026-10-03T03:20:30.4090360Z   ---
validate	Run npm test	2026-10-03T03:20:30.4090460Z   duration_ms: 4570.264608
validate	Run npm test	2026-10-03T03:20:30.4090543Z   ...
validate	Run npm test	2026-10-03T03:20:30.4090885Z # Subtest: olderMale: excessive first-day sowing cannot bypass the economic defeat check
validate	Run npm test	2026-10-03T03:20:30.4091217Z ok 449 - olderMale: excessive first-day sowing cannot bypass the economic defeat check
validate	Run npm test	2026-10-03T03:20:30.4091306Z   ---
validate	Run npm test	2026-10-03T03:20:30.4091398Z   duration_ms: 4241.153927
validate	Run npm test	2026-10-03T03:20:30.4091481Z   ...
validate	Run npm test	2026-10-03T03:20:30.4091937Z # Subtest: olderFemale: eight original-terrain crops pay only their physical deliveries and permit dawn hiring
validate	Run npm test	2026-10-03T03:20:30.4092361Z ok 450 - olderFemale: eight original-terrain crops pay only their physical deliveries and permit dawn hiring
validate	Run npm test	2026-10-03T03:20:30.4092446Z   ---
validate	Run npm test	2026-10-03T03:20:30.4092544Z   duration_ms: 3337.782824
validate	Run npm test	2026-10-03T03:20:30.4092751Z   ...
validate	Run npm test	2026-10-03T03:20:30.4093101Z # Subtest: olderFemale: excessive first-day sowing cannot bypass the economic defeat check
validate	Run npm test	2026-10-03T03:20:30.4093436Z ok 451 - olderFemale: excessive first-day sowing cannot bypass the economic defeat check
validate	Run npm test	2026-10-03T03:20:30.4093520Z   ---
validate	Run npm test	2026-10-03T03:20:30.4093613Z   duration_ms: 3819.230002
validate	Run npm test	2026-10-03T03:20:30.4093694Z   ...
validate	Run npm test	2026-10-03T03:20:30.4094123Z # Subtest: youngMale: eight original-terrain crops pay only their physical deliveries and permit dawn hiring
validate	Run npm test	2026-10-03T03:20:30.4094539Z ok 452 - youngMale: eight original-terrain crops pay only their physical deliveries and permit dawn hiring
validate	Run npm test	2026-10-03T03:20:30.4094617Z   ---
validate	Run npm test	2026-10-03T03:20:30.4094712Z   duration_ms: 3136.344451
validate	Run npm test	2026-10-03T03:20:30.4094799Z   ...
validate	Run npm test	2026-10-03T03:20:30.4095132Z # Subtest: youngMale: excessive first-day sowing cannot bypass the economic defeat check
validate	Run npm test	2026-10-03T03:20:30.4095454Z ok 453 - youngMale: excessive first-day sowing cannot bypass the economic defeat check
validate	Run npm test	2026-10-03T03:20:30.4095541Z   ---
validate	Run npm test	2026-10-03T03:20:30.4095643Z   duration_ms: 5090.08019
validate	Run npm test	2026-10-03T03:20:30.4095722Z   ...
validate	Run npm test	2026-10-03T03:20:30.4096163Z # Subtest: youngFemale: eight original-terrain crops pay only their physical deliveries and permit dawn hiring
validate	Run npm test	2026-10-03T03:20:30.4096586Z ok 454 - youngFemale: eight original-terrain crops pay only their physical deliveries and permit dawn hiring
validate	Run npm test	2026-10-03T03:20:30.4096665Z   ---
validate	Run npm test	2026-10-03T03:20:30.4096761Z   duration_ms: 5181.336431
validate	Run npm test	2026-10-03T03:20:30.4096844Z   ...
validate	Run npm test	2026-10-03T03:20:30.4097194Z # Subtest: youngFemale: excessive first-day sowing cannot bypass the economic defeat check
validate	Run npm test	2026-10-03T03:20:30.4097523Z ok 455 - youngFemale: excessive first-day sowing cannot bypass the economic defeat check
validate	Run npm test	2026-10-03T03:20:30.4097614Z   ---
validate	Run npm test	2026-10-03T03:20:30.4097713Z   duration_ms: 5157.386415
validate	Run npm test	2026-10-03T03:20:30.4097791Z   ...
validate	Run npm test	2026-10-03T03:20:30.4098188Z # Subtest: warthog: native body radius controls entry, approach, shield exclusion and survives reload
validate	Run npm test	2026-10-03T03:20:30.4098606Z not ok 456 - warthog: native body radius controls entry, approach, shield exclusion and survives reload
validate	Run npm test	2026-10-03T03:20:30.4098690Z   ---
validate	Run npm test	2026-10-03T03:20:30.4098786Z   duration_ms: 18.937451
validate	Run npm test	2026-10-03T03:20:30.4099209Z   location: '/home/runner/work/wild-guardians-africa/wild-guardians-africa/tests/raid-navigation.test.js:17:71'
validate	Run npm test	2026-10-03T03:20:30.4099347Z   failureType: 'testCodeFailure'
validate	Run npm test	2026-10-03T03:20:30.4099455Z   error: |-
validate	Run npm test	2026-10-03T03:20:30.4099751Z     The expression evaluated to a falsy value:
validate	Run npm test	2026-10-03T03:20:30.4099838Z     
validate	Run npm test	2026-10-03T03:20:30.4099986Z       assert.ok(calls.every(r=>r===expected))
validate	Run npm test	2026-10-03T03:20:30.4100065Z     
validate	Run npm test	2026-10-03T03:20:30.4100164Z   code: 'ERR_ASSERTION'
validate	Run npm test	2026-10-03T03:20:30.4100427Z   name: 'AssertionError'
validate	Run npm test	2026-10-03T03:20:30.4100520Z   expected: true
validate	Run npm test	2026-10-03T03:20:30.4100613Z   actual: false
validate	Run npm test	2026-10-03T03:20:30.4100707Z   operator: '=='
validate	Run npm test	2026-10-03T03:20:30.4100789Z   stack: |-
validate	Run npm test	2026-10-03T03:20:30.4101338Z     TestContext.<anonymous> (file:///home/runner/work/wild-guardians-africa/wild-guardians-africa/tests/raid-navigation.test.js:22:73)
validate	Run npm test	2026-10-03T03:20:30.4101521Z     Test.runInAsyncScope (node:async_hooks:206:9)
validate	Run npm test	2026-10-03T03:20:30.4101698Z     Test.run (node:internal/test_runner/test:796:25)
validate	Run npm test	2026-10-03T03:20:30.4101950Z     Test.processPendingSubtests (node:internal/test_runner/test:526:18)
validate	Run npm test	2026-10-03T03:20:30.4102097Z     node:internal/test_runner/harness:255:12
validate	Run npm test	2026-10-03T03:20:30.4102238Z     node:internal/process/task_queues:140:7
validate	Run npm test	2026-10-03T03:20:30.4102441Z     AsyncResource.runInAsyncScope (node:async_hooks:206:9)
validate	Run npm test	2026-10-03T03:20:30.4102687Z     AsyncResource.runMicrotask (node:internal/process/task_queues:137:8)
validate	Run npm test	2026-10-03T03:20:30.4102778Z   ...
validate	Run npm test	2026-10-03T03:20:30.4103179Z # Subtest: hyena: native body radius controls entry, approach, shield exclusion and survives reload
validate	Run npm test	2026-10-03T03:20:30.4103570Z not ok 457 - hyena: native body radius controls entry, approach, shield exclusion and survives reload
validate	Run npm test	2026-10-03T03:20:30.4103778Z   ---
validate	Run npm test	2026-10-03T03:20:30.4103879Z   duration_ms: 0.454967
validate	Run npm test	2026-10-03T03:20:30.4104298Z   location: '/home/runner/work/wild-guardians-africa/wild-guardians-africa/tests/raid-navigation.test.js:17:71'
validate	Run npm test	2026-10-03T03:20:30.4104427Z   failureType: 'testCodeFailure'
validate	Run npm test	2026-10-03T03:20:30.4104516Z   error: |-
validate	Run npm test	2026-10-03T03:20:30.4104668Z     The expression evaluated to a falsy value:
validate	Run npm test	2026-10-03T03:20:30.4104745Z     
validate	Run npm test	2026-10-03T03:20:30.4104890Z       assert.ok(calls.every(r=>r===expected))
validate	Run npm test	2026-10-03T03:20:30.4104971Z     
validate	Run npm test	2026-10-03T03:20:30.4105066Z   code: 'ERR_ASSERTION'
validate	Run npm test	2026-10-03T03:20:30.4105166Z   name: 'AssertionError'
validate	Run npm test	2026-10-03T03:20:30.4105259Z   expected: true
validate	Run npm test	2026-10-03T03:20:30.4105351Z   actual: false
validate	Run npm test	2026-10-03T03:20:30.4105441Z   operator: '=='
validate	Run npm test	2026-10-03T03:20:30.4105528Z   stack: |-
validate	Run npm test	2026-10-03T03:20:30.4106033Z     TestContext.<anonymous> (file:///home/runner/work/wild-guardians-africa/wild-guardians-africa/tests/raid-navigation.test.js:22:73)
validate	Run npm test	2026-10-03T03:20:30.4106191Z     Test.runInAsyncScope (node:async_hooks:206:9)
validate	Run npm test	2026-10-03T03:20:30.4106362Z     Test.run (node:internal/test_runner/test:796:25)
validate	Run npm test	2026-10-03T03:20:30.4106608Z     Test.processPendingSubtests (node:internal/test_runner/test:526:18)
validate	Run npm test	2026-10-03T03:20:30.4106787Z     Test.postRun (node:internal/test_runner/test:889:19)
validate	Run npm test	2026-10-03T03:20:30.4106939Z     Test.run (node:internal/test_runner/test:835:12)
validate	Run npm test	2026-10-03T03:20:30.4107200Z     async Test.processPendingSubtests (node:internal/test_runner/test:526:7)
validate	Run npm test	2026-10-03T03:20:30.4107284Z   ...
validate	Run npm test	2026-10-03T03:20:30.4107683Z # Subtest: buffalo: native body radius controls entry, approach, shield exclusion and survives reload
validate	Run npm test	2026-10-03T03:20:30.4108080Z not ok 458 - buffalo: native body radius controls entry, approach, shield exclusion and survives reload
validate	Run npm test	2026-10-03T03:20:30.4108169Z   ---
validate	Run npm test	2026-10-03T03:20:30.4108266Z   duration_ms: 0.375248
validate	Run npm test	2026-10-03T03:20:30.4108672Z   location: '/home/runner/work/wild-guardians-africa/wild-guardians-africa/tests/raid-navigation.test.js:17:71'
validate	Run npm test	2026-10-03T03:20:30.4108804Z   failureType: 'testCodeFailure'
validate	Run npm test	2026-10-03T03:20:30.4108892Z   error: |-
validate	Run npm test	2026-10-03T03:20:30.4109039Z     The expression evaluated to a falsy value:
validate	Run npm test	2026-10-03T03:20:30.4109117Z     
validate	Run npm test	2026-10-03T03:20:30.4109258Z       assert.ok(calls.every(r=>r===expected))
validate	Run npm test	2026-10-03T03:20:30.4109339Z     
validate	Run npm test	2026-10-03T03:20:30.4109430Z   code: 'ERR_ASSERTION'
validate	Run npm test	2026-10-03T03:20:30.4109826Z   name: 'AssertionError'
validate	Run npm test	2026-10-03T03:20:30.4109989Z   expected: true
validate	Run npm test	2026-10-03T03:20:30.4110083Z   actual: false
validate	Run npm test	2026-10-03T03:20:30.4110178Z   operator: '=='
validate	Run npm test	2026-10-03T03:20:30.4110264Z   stack: |-
validate	Run npm test	2026-10-03T03:20:30.4110784Z     TestContext.<anonymous> (file:///home/runner/work/wild-guardians-africa/wild-guardians-africa/tests/raid-navigation.test.js:22:73)
validate	Run npm test	2026-10-03T03:20:30.4111106Z     Test.runInAsyncScope (node:async_hooks:206:9)
validate	Run npm test	2026-10-03T03:20:30.4111276Z     Test.run (node:internal/test_runner/test:796:25)
validate	Run npm test	2026-10-03T03:20:30.4111522Z     Test.processPendingSubtests (node:internal/test_runner/test:526:18)
validate	Run npm test	2026-10-03T03:20:30.4111701Z     Test.postRun (node:internal/test_runner/test:889:19)
validate	Run npm test	2026-10-03T03:20:30.4111861Z     Test.run (node:internal/test_runner/test:835:12)
validate	Run npm test	2026-10-03T03:20:30.4112125Z     async Test.processPendingSubtests (node:internal/test_runner/test:526:7)
validate	Run npm test	2026-10-03T03:20:30.4112210Z   ...
validate	Run npm test	2026-10-03T03:20:30.4112595Z # Subtest: lion: native body radius controls entry, approach, shield exclusion and survives reload
validate	Run npm test	2026-10-03T03:20:30.4112986Z not ok 459 - lion: native body radius controls entry, approach, shield exclusion and survives reload
validate	Run npm test	2026-10-03T03:20:30.4113070Z   ---
validate	Run npm test	2026-10-03T03:20:30.4113177Z   duration_ms: 0.394083
validate	Run npm test	2026-10-03T03:20:30.4113592Z   location: '/home/runner/work/wild-guardians-africa/wild-guardians-africa/tests/raid-navigation.test.js:17:71'
validate	Run npm test	2026-10-03T03:20:30.4113728Z   failureType: 'testCodeFailure'
validate	Run npm test	2026-10-03T03:20:30.4113816Z   error: |-
validate	Run npm test	2026-10-03T03:20:30.4113963Z     The expression evaluated to a falsy value:
validate	Run npm test	2026-10-03T03:20:30.4114047Z     
validate	Run npm test	2026-10-03T03:20:30.4114314Z       assert.ok(calls.every(r=>r===expected))
validate	Run npm test	2026-10-03T03:20:30.4114391Z     
validate	Run npm test	2026-10-03T03:20:30.4114488Z   code: 'ERR_ASSERTION'
validate	Run npm test	2026-10-03T03:20:30.4114590Z   name: 'AssertionError'
validate	Run npm test	2026-10-03T03:20:30.4114681Z   expected: true
validate	Run npm test	2026-10-03T03:20:30.4114767Z   actual: false
validate	Run npm test	2026-10-03T03:20:30.4114859Z   operator: '=='
validate	Run npm test	2026-10-03T03:20:30.4114944Z   stack: |-
validate	Run npm test	2026-10-03T03:20:30.4115438Z     TestContext.<anonymous> (file:///home/runner/work/wild-guardians-africa/wild-guardians-africa/tests/raid-navigation.test.js:22:73)
validate	Run npm test	2026-10-03T03:20:30.4115601Z     Test.runInAsyncScope (node:async_hooks:206:9)
validate	Run npm test	2026-10-03T03:20:30.4115760Z     Test.run (node:internal/test_runner/test:796:25)
validate	Run npm test	2026-10-03T03:20:30.4116018Z     Test.processPendingSubtests (node:internal/test_runner/test:526:18)
validate	Run npm test	2026-10-03T03:20:30.4116191Z     Test.postRun (node:internal/test_runner/test:889:19)
validate	Run npm test	2026-10-03T03:20:30.4116351Z     Test.run (node:internal/test_runner/test:835:12)
validate	Run npm test	2026-10-03T03:20:30.4116612Z     async Test.processPendingSubtests (node:internal/test_runner/test:526:7)
validate	Run npm test	2026-10-03T03:20:30.4116699Z   ...
validate	Run npm test	2026-10-03T03:20:30.4117088Z # Subtest: rhino: native body radius controls entry, approach, shield exclusion and survives reload
validate	Run npm test	2026-10-03T03:20:30.4117482Z not ok 460 - rhino: native body radius controls entry, approach, shield exclusion and survives reload
validate	Run npm test	2026-10-03T03:20:30.4117567Z   ---
validate	Run npm test	2026-10-03T03:20:30.4117660Z   duration_ms: 0.396939
validate	Run npm test	2026-10-03T03:20:30.4118069Z   location: '/home/runner/work/wild-guardians-africa/wild-guardians-africa/tests/raid-navigation.test.js:17:71'
validate	Run npm test	2026-10-03T03:20:30.4118196Z   failureType: 'testCodeFailure'
validate	Run npm test	2026-10-03T03:20:30.4118284Z   error: |-
validate	Run npm test	2026-10-03T03:20:30.4118428Z     The expression evaluated to a falsy value:
validate	Run npm test	2026-10-03T03:20:30.4118514Z     
validate	Run npm test	2026-10-03T03:20:30.4118652Z       assert.ok(calls.every(r=>r===expected))
validate	Run npm test	2026-10-03T03:20:30.4118728Z     
validate	Run npm test	2026-10-03T03:20:30.4118823Z   code: 'ERR_ASSERTION'
validate	Run npm test	2026-10-03T03:20:30.4118923Z   name: 'AssertionError'
validate	Run npm test	2026-10-03T03:20:30.4119014Z   expected: true
validate	Run npm test	2026-10-03T03:20:30.4119103Z   actual: false
validate	Run npm test	2026-10-03T03:20:30.4119194Z   operator: '=='
validate	Run npm test	2026-10-03T03:20:30.4119274Z   stack: |-
validate	Run npm test	2026-10-03T03:20:30.4119951Z     TestContext.<anonymous> (file:///home/runner/work/wild-guardians-africa/wild-guardians-africa/tests/raid-navigation.test.js:22:73)
validate	Run npm test	2026-10-03T03:20:30.4120117Z     Test.runInAsyncScope (node:async_hooks:206:9)
validate	Run npm test	2026-10-03T03:20:30.4120278Z     Test.run (node:internal/test_runner/test:796:25)
validate	Run npm test	2026-10-03T03:20:30.4120515Z     Test.processPendingSubtests (node:internal/test_runner/test:526:18)
validate	Run npm test	2026-10-03T03:20:30.4120694Z     Test.postRun (node:internal/test_runner/test:889:19)
validate	Run npm test	2026-10-03T03:20:30.4120850Z     Test.run (node:internal/test_runner/test:835:12)
validate	Run npm test	2026-10-03T03:20:30.4121232Z     async Test.processPendingSubtests (node:internal/test_runner/test:526:7)
validate	Run npm test	2026-10-03T03:20:30.4121313Z   ...
validate	Run npm test	2026-10-03T03:20:30.4121755Z # Subtest: warthog: swept native body fits clear passages and rejects narrower structure, rock and shield gaps
validate	Run npm test	2026-10-03T03:20:30.4122186Z ok 461 - warthog: swept native body fits clear passages and rejects narrower structure, rock and shield gaps
validate	Run npm test	2026-10-03T03:20:30.4122271Z   ---
validate	Run npm test	2026-10-03T03:20:30.4122364Z   duration_ms: 1.307794
validate	Run npm test	2026-10-03T03:20:30.4122447Z   ...
validate	Run npm test	2026-10-03T03:20:30.4122868Z # Subtest: hyena: swept native body fits clear passages and rejects narrower structure, rock and shield gaps
validate	Run npm test	2026-10-03T03:20:30.4123287Z ok 462 - hyena: swept native body fits clear passages and rejects narrower structure, rock and shield gaps
validate	Run npm test	2026-10-03T03:20:30.4123372Z   ---
validate	Run npm test	2026-10-03T03:20:30.4123470Z   duration_ms: 0.388684
validate	Run npm test	2026-10-03T03:20:30.4123549Z   ...
validate	Run npm test	2026-10-03T03:20:30.4123991Z # Subtest: buffalo: swept native body fits clear passages and rejects narrower structure, rock and shield gaps
validate	Run npm test	2026-10-03T03:20:30.4124414Z ok 463 - buffalo: swept native body fits clear passages and rejects narrower structure, rock and shield gaps
validate	Run npm test	2026-10-03T03:20:30.4124499Z   ---
validate	Run npm test	2026-10-03T03:20:30.4124591Z   duration_ms: 0.385217
validate	Run npm test	2026-10-03T03:20:30.4124796Z   ...
validate	Run npm test	2026-10-03T03:20:30.4125233Z # Subtest: lion: swept native body fits clear passages and rejects narrower structure, rock and shield gaps
validate	Run npm test	2026-10-03T03:20:30.4125638Z ok 464 - lion: swept native body fits clear passages and rejects narrower structure, rock and shield gaps
validate	Run npm test	2026-10-03T03:20:30.4125722Z   ---
validate	Run npm test	2026-10-03T03:20:30.4125820Z   duration_ms: 0.368225
validate	Run npm test	2026-10-03T03:20:30.4125904Z   ...
validate	Run npm test	2026-10-03T03:20:30.4126319Z # Subtest: rhino: swept native body fits clear passages and rejects narrower structure, rock and shield gaps
validate	Run npm test	2026-10-03T03:20:30.4126728Z ok 465 - rhino: swept native body fits clear passages and rejects narrower structure, rock and shield gaps
validate	Run npm test	2026-10-03T03:20:30.4126816Z   ---
validate	Run npm test	2026-10-03T03:20:30.4126907Z   duration_ms: 0.404783
validate	Run npm test	2026-10-03T03:20:30.4126994Z   ...
validate	Run npm test	2026-10-03T03:20:30.4127487Z # Subtest: Approach selection tries another side when the direct contact point is blocked, without ignoring the building
validate	Run npm test	2026-10-03T03:20:30.4127951Z ok 466 - Approach selection tries another side when the direct contact point is blocked, without ignoring the building
validate	Run npm test	2026-10-03T03:20:30.4128034Z   ---
validate	Run npm test	2026-10-03T03:20:30.4128131Z   duration_ms: 0.612079
validate	Run npm test	2026-10-03T03:20:30.4128219Z   ...
validate	Run npm test	2026-10-03T03:20:30.4128593Z # Subtest: The selected contact point persists while walking and across an active-raid save/load
validate	Run npm test	2026-10-03T03:20:30.4128955Z ok 467 - The selected contact point persists while walking and across an active-raid save/load
validate	Run npm test	2026-10-03T03:20:30.4129045Z   ---
validate	Run npm test	2026-10-03T03:20:30.4129142Z   duration_ms: 3.727096
validate	Run npm test	2026-10-03T03:20:30.4129220Z   ...
validate	Run npm test	2026-10-03T03:20:30.4129785Z # Subtest: A full legal five-animal composition changes entry side together when a large animal cannot enter
validate	Run npm test	2026-10-03T03:20:30.4130209Z ok 468 - A full legal five-animal composition changes entry side together when a large animal cannot enter
validate	Run npm test	2026-10-03T03:20:30.4130294Z   ---
validate	Run npm test	2026-10-03T03:20:30.4130384Z   duration_ms: 1.360812
validate	Run npm test	2026-10-03T03:20:30.4130469Z   ...
validate	Run npm test	2026-10-03T03:20:30.4130945Z # Subtest: An impossible full-group entry does not silently drop the animals that could not fit
validate	Run npm test	2026-10-03T03:20:30.4131302Z ok 469 - An impossible full-group entry does not silently drop the animals that could not fit
validate	Run npm test	2026-10-03T03:20:30.4131391Z   ---
validate	Run npm test	2026-10-03T03:20:30.4131487Z   duration_ms: 0.950409
validate	Run npm test	2026-10-03T03:20:30.4131565Z   ...
validate	Run npm test	2026-10-03T03:20:30.4131932Z # Subtest: Structure connectivity preflight leaves the actual crop target priority unchanged
validate	Run npm test	2026-10-03T03:20:30.4132287Z ok 470 - Structure connectivity preflight leaves the actual crop target priority unchanged
validate	Run npm test	2026-10-03T03:20:30.4132373Z   ---
validate	Run npm test	2026-10-03T03:20:30.4132465Z   duration_ms: 1.48321
validate	Run npm test	2026-10-03T03:20:30.4132552Z   ...
validate	Run npm test	2026-10-03T03:20:30.4133005Z # Subtest: A reachable crop permits entry when every structure approach is blocked
validate	Run npm test	2026-10-03T03:20:30.4133304Z ok 471 - A reachable crop permits entry when every structure approach is blocked
validate	Run npm test	2026-10-03T03:20:30.4133387Z   ---
validate	Run npm test	2026-10-03T03:20:30.4133485Z   duration_ms: 1.352887
validate	Run npm test	2026-10-03T03:20:30.4133572Z   ...
validate	Run npm test	2026-10-03T03:20:30.4134032Z # Subtest: all passes see local camera/casters/bounds, returning globally identical transforms even on draw failure
validate	Run npm test	2026-10-03T03:20:30.4134480Z ok 472 - all passes see local camera/casters/bounds, returning globally identical transforms even on draw failure
validate	Run npm test	2026-10-03T03:20:30.4134567Z   ---
validate	Run npm test	2026-10-03T03:20:30.4134658Z   duration_ms: 7.085536
validate	Run npm test	2026-10-03T03:20:30.4134743Z   ...
validate	Run npm test	2026-10-03T03:20:30.4135220Z # Subtest: shadow staging preserves a source world matrix under a translated scene instead of applying its origin twice
validate	Run npm test	2026-10-03T03:20:30.4135683Z ok 473 - shadow staging preserves a source world matrix under a translated scene instead of applying its origin twice
validate	Run npm test	2026-10-03T03:20:30.4135766Z   ---
validate	Run npm test	2026-10-03T03:20:30.4135865Z   duration_ms: 1.635764
validate	Run npm test	2026-10-03T03:20:30.4135948Z   ...
validate	Run npm test	2026-10-03T03:20:30.4136335Z # Subtest: global bounds are collected once without moving instances or changing material identities
validate	Run npm test	2026-10-03T03:20:30.4136832Z ok 474 - global bounds are collected once without moving instances or changing material identities
validate	Run npm test	2026-10-03T03:20:30.4136920Z   ---
validate	Run npm test	2026-10-03T03:20:30.4137019Z   duration_ms: 2.153598
validate	Run npm test	2026-10-03T03:20:30.4137098Z   ...
validate	Run npm test	2026-10-03T03:20:30.4137576Z # Subtest: local clip attributes retain half-open edges at remote chunk coordinates without global Float32 cancellation
validate	Run npm test	2026-10-03T03:20:30.4138033Z ok 475 - local clip attributes retain half-open edges at remote chunk coordinates without global Float32 cancellation
validate	Run npm test	2026-10-03T03:20:30.4138113Z   ---
validate	Run npm test	2026-10-03T03:20:30.4138211Z   duration_ms: 0.916967
validate	Run npm test	2026-10-03T03:20:30.4138293Z   ...
validate	Run npm test	2026-10-03T03:20:30.4138789Z # Subtest: PCF and view vectors stay relative while pigment, ground detail, fluid phase and DEST receive anchored positions
validate	Run npm test	2026-10-03T03:20:30.4139263Z ok 476 - PCF and view vectors stay relative while pigment, ground detail, fluid phase and DEST receive anchored positions
validate	Run npm test	2026-10-03T03:20:30.4139352Z   ---
validate	Run npm test	2026-10-03T03:20:30.4139450Z   duration_ms: 1.90786
validate	Run npm test	2026-10-03T03:20:30.4139663Z   ...
validate	Run npm test	2026-10-03T03:20:30.4140101Z # Subtest: native origin keeps strict 144-unit hysteresis, snaps both axes to 48 and never changes target data
validate	Run npm test	2026-10-03T03:20:30.4140519Z ok 477 - native origin keeps strict 144-unit hysteresis, snaps both axes to 48 and never changes target data
validate	Run npm test	2026-10-03T03:20:30.4140603Z   ---
validate	Run npm test	2026-10-03T03:20:30.4140695Z   duration_ms: 2.624183
validate	Run npm test	2026-10-03T03:20:30.4140778Z   ...
validate	Run npm test	2026-10-03T03:20:30.4141194Z # Subtest: chunk-local and merged buffers preserve subunit positions far beyond Float32 world precision
validate	Run npm test	2026-10-03T03:20:30.4141600Z ok 478 - chunk-local and merged buffers preserve subunit positions far beyond Float32 world precision
validate	Run npm test	2026-10-03T03:20:30.4141688Z   ---
validate	Run npm test	2026-10-03T03:20:30.4141785Z   duration_ms: 9.399392
validate	Run npm test	2026-10-03T03:20:30.4141867Z   ...
validate	Run npm test	2026-10-03T03:20:30.4142343Z # Subtest: original crop stages and opaque bridges use the same origin while surface queries and plant state stay global
validate	Run npm test	2026-10-03T03:20:30.4142803Z ok 479 - original crop stages and opaque bridges use the same origin while surface queries and plant state stay global
validate	Run npm test	2026-10-03T03:20:30.4142890Z   ---
validate	Run npm test	2026-10-03T03:20:30.4142982Z   duration_ms: 33.46151
validate	Run npm test	2026-10-03T03:20:30.4143064Z   ...
validate	Run npm test	2026-10-03T03:20:30.4143447Z # Subtest: independent DPR cap reduces pixels without changing the quality profile or scene state
validate	Run npm test	2026-10-03T03:20:30.4143981Z ok 480 - independent DPR cap reduces pixels without changing the quality profile or scene state
validate	Run npm test	2026-10-03T03:20:30.4144059Z   ---
validate	Run npm test	2026-10-03T03:20:30.4144157Z   duration_ms: 4.929093
validate	Run npm test	2026-10-03T03:20:30.4144239Z   ...
validate	Run npm test	2026-10-03T03:20:30.4144709Z # Subtest: physical canvas sizing matches the original terrain resize at mobile, desktop, 4K, DPR and hidden dimensions
validate	Run npm test	2026-10-03T03:20:30.4145291Z ok 481 - physical canvas sizing matches the original terrain resize at mobile, desktop, 4K, DPR and hidden dimensions
validate	Run npm test	2026-10-03T03:20:30.4145377Z   ---
validate	Run npm test	2026-10-03T03:20:30.4145473Z   duration_ms: 1.150491
validate	Run npm test	2026-10-03T03:20:30.4145552Z   ...
validate	Run npm test	2026-10-03T03:20:30.4146065Z # Subtest: live ground switches keep geometry and shared materials, release replaced material once and recompose cel metadata
validate	Run npm test	2026-10-03T03:20:30.4146555Z ok 482 - live ground switches keep geometry and shared materials, release replaced material once and recompose cel metadata
validate	Run npm test	2026-10-03T03:20:30.4146639Z   ---
validate	Run npm test	2026-10-03T03:20:30.4146732Z   duration_ms: 1.909904
validate	Run npm test	2026-10-03T03:20:30.4146814Z   ...
validate	Run npm test	2026-10-03T03:20:30.4147222Z # Subtest: live world quality and resize preserve simulation, ground geometry and existing chunk objects
validate	Run npm test	2026-10-03T03:20:30.4147612Z ok 483 - live world quality and resize preserve simulation, ground geometry and existing chunk objects
validate	Run npm test	2026-10-03T03:20:30.4147697Z   ---
validate	Run npm test	2026-10-03T03:20:30.4147796Z   duration_ms: 1.914272
validate	Run npm test	2026-10-03T03:20:30.4147881Z   ...
validate	Run npm test	2026-10-03T03:20:30.4148305Z # Subtest: static resize keeps the drawing buffer and observes DPR changes even with unchanged CSS dimensions
validate	Run npm test	2026-10-03T03:20:30.4148720Z ok 484 - static resize keeps the drawing buffer and observes DPR changes even with unchanged CSS dimensions
validate	Run npm test	2026-10-03T03:20:30.4148923Z   ---
validate	Run npm test	2026-10-03T03:20:30.4149014Z   duration_ms: 2.528766
validate	Run npm test	2026-10-03T03:20:30.4149097Z   ...
validate	Run npm test	2026-10-03T03:20:30.4149741Z # Subtest: canyon horizon changes only its ground material when the resident rectangle stays the same
validate	Run npm test	2026-10-03T03:20:30.4150255Z ok 485 - canyon horizon changes only its ground material when the resident rectangle stays the same
validate	Run npm test	2026-10-03T03:20:30.4150340Z   ---
validate	Run npm test	2026-10-03T03:20:30.4150445Z   duration_ms: 283.024367
validate	Run npm test	2026-10-03T03:20:30.4150530Z   ...
validate	Run npm test	2026-10-03T03:20:30.4150892Z # Subtest: unchanged actions retain all 25 resident grounds, water, batches and shadow buffers
validate	Run npm test	2026-10-03T03:20:30.4151245Z ok 486 - unchanged actions retain all 25 resident grounds, water, batches and shadow buffers
validate	Run npm test	2026-10-03T03:20:30.4151338Z   ---
validate	Run npm test	2026-10-03T03:20:30.4151439Z   duration_ms: 15.069674
validate	Run npm test	2026-10-03T03:20:30.4151518Z   ...
validate	Run npm test	2026-10-03T03:20:30.4151873Z # Subtest: unchanged actions retain all 49 resident grounds, water, batches and shadow buffers
validate	Run npm test	2026-10-03T03:20:30.4152219Z ok 487 - unchanged actions retain all 49 resident grounds, water, batches and shadow buffers
validate	Run npm test	2026-10-03T03:20:30.4152298Z   ---
validate	Run npm test	2026-10-03T03:20:30.4152394Z   duration_ms: 7.433013
validate	Run npm test	2026-10-03T03:20:30.4152476Z   ...
validate	Run npm test	2026-10-03T03:20:30.4153110Z # Subtest: suppression updates one asset slot, its shadow/coverage/contact population and bounds without retiring terrain; restoration remains possible
validate	Run npm test	2026-10-03T03:20:30.4153724Z ok 488 - suppression updates one asset slot, its shadow/coverage/contact population and bounds without retiring terrain; restoration remains possible
validate	Run npm test	2026-10-03T03:20:30.4153810Z   ---
validate	Run npm test	2026-10-03T03:20:30.4153908Z   duration_ms: 9.508996
validate	Run npm test	2026-10-03T03:20:30.4153989Z   ...
validate	Run npm test	2026-10-03T03:20:30.4154604Z # Subtest: navigation suppression changes invalidate contacts and hands only when resident props change; offscreen suppressions never force streaming
validate	Run npm test	2026-10-03T03:20:30.4155213Z ok 489 - navigation suppression changes invalidate contacts and hands only when resident props change; offscreen suppressions never force streaming
validate	Run npm test	2026-10-03T03:20:30.4155306Z   ---
validate	Run npm test	2026-10-03T03:20:30.4155399Z   duration_ms: 4.630738
validate	Run npm test	2026-10-03T03:20:30.4155484Z   ...
validate	Run npm test	2026-10-03T03:20:30.4155933Z # Subtest: an affected asset pool retires its material and instance buffer while preserving shared water geometry
validate	Run npm test	2026-10-03T03:20:30.4156398Z ok 490 - an affected asset pool retires its material and instance buffer while preserving shared water geometry
validate	Run npm test	2026-10-03T03:20:30.4156483Z   ---
validate	Run npm test	2026-10-03T03:20:30.4156579Z   duration_ms: 0.885588
validate	Run npm test	2026-10-03T03:20:30.4156661Z   ...
validate	Run npm test	2026-10-03T03:20:30.4157094Z # Subtest: Seed-712 exhausted warthog reaches its original exit around the Ethiopian village, including reload
validate	Run npm test	2026-10-03T03:20:30.4157687Z ok 491 - Seed-712 exhausted warthog reaches its original exit around the Ethiopian village, including reload
validate	Run npm test	2026-10-03T03:20:30.4157777Z   ---
validate	Run npm test	2026-10-03T03:20:30.4157874Z   duration_ms: 2219.525703
validate	Run npm test	2026-10-03T03:20:30.4157962Z   ...
validate	Run npm test	2026-10-03T03:20:30.4158315Z # Subtest: Heap frontier matches stable sorting under interleaved insertions and removals
validate	Run npm test	2026-10-03T03:20:30.4158645Z ok 492 - Heap frontier matches stable sorting under interleaved insertions and removals
validate	Run npm test	2026-10-03T03:20:30.4158723Z   ---
validate	Run npm test	2026-10-03T03:20:30.4158821Z   duration_ms: 66.138269
validate	Run npm test	2026-10-03T03:20:30.4158906Z   ...
validate	Run npm test	2026-10-03T03:20:30.4159397Z # Subtest: static frames reuse both depth attachments while movement, explicit invalidation and target replacement redraw
validate	Run npm test	2026-10-03T03:20:30.4160063Z ok 493 - static frames reuse both depth attachments while movement, explicit invalidation and target replacement redraw
validate	Run npm test	2026-10-03T03:20:30.4160149Z   ---
validate	Run npm test	2026-10-03T03:20:30.4160252Z   duration_ms: 11.69268
validate	Run npm test	2026-10-03T03:20:30.4160334Z   ...
validate	Run npm test	2026-10-03T03:20:30.4160798Z # Subtest: unchanged instance uploads reuse shadows; active instance values, count and growth uniforms invalidate
validate	Run npm test	2026-10-03T03:20:30.4161241Z ok 494 - unchanged instance uploads reuse shadows; active instance values, count and growth uniforms invalidate
validate	Run npm test	2026-10-03T03:20:30.4161447Z   ---
validate	Run npm test	2026-10-03T03:20:30.4161546Z   duration_ms: 3.158217
validate	Run npm test	2026-10-03T03:20:30.4161629Z   ...
validate	Run npm test	2026-10-03T03:20:30.4162035Z # Subtest: geometry and per-object culling spheres invalidate depth without geometry or pose changes
validate	Run npm test	2026-10-03T03:20:30.4162416Z ok 495 - geometry and per-object culling spheres invalidate depth without geometry or pose changes
validate	Run npm test	2026-10-03T03:20:30.4162501Z   ---
validate	Run npm test	2026-10-03T03:20:30.4162597Z   duration_ms: 3.882325
validate	Run npm test	2026-10-03T03:20:30.4162675Z   ...
validate	Run npm test	2026-10-03T03:20:30.4163076Z # Subtest: skin poses, morphs, cut holes, alpha textures, clipping and geometry replacement invalidate
validate	Run npm test	2026-10-03T03:20:30.4163459Z ok 496 - skin poses, morphs, cut holes, alpha textures, clipping and geometry replacement invalidate
validate	Run npm test	2026-10-03T03:20:30.4164379Z   ---
validate	Run npm test	2026-10-03T03:20:30.4164505Z   duration_ms: 4.038466
validate	Run npm test	2026-10-03T03:20:30.4164594Z   ...
validate	Run npm test	2026-10-03T03:20:30.4165038Z # Subtest: unknown callbacks and custom depth shaders never reuse; failed draws never commit a snapshot
validate	Run npm test	2026-10-03T03:20:30.4165465Z ok 497 - unknown callbacks and custom depth shaders never reuse; failed draws never commit a snapshot
validate	Run npm test	2026-10-03T03:20:30.4165556Z   ---
validate	Run npm test	2026-10-03T03:20:30.4165659Z   duration_ms: 3.463445
validate	Run npm test	2026-10-03T03:20:30.4165743Z   ...
validate	Run npm test	2026-10-03T03:20:30.4166195Z # Subtest: temporary asset proxies participate before cache comparison and wrappers release in reverse order
validate	Run npm test	2026-10-03T03:20:30.4166629Z ok 498 - temporary asset proxies participate before cache comparison and wrappers release in reverse order
validate	Run npm test	2026-10-03T03:20:30.4166713Z   ---
validate	Run npm test	2026-10-03T03:20:30.4166806Z   duration_ms: 2.713229
validate	Run npm test	2026-10-03T03:20:30.4166890Z   ...
validate	Run npm test	2026-10-03T03:20:30.4167277Z # Subtest: context loss/restoration invalidates cached textures and disposal removes listeners
validate	Run npm test	2026-10-03T03:20:30.4167638Z ok 499 - context loss/restoration invalidates cached textures and disposal removes listeners
validate	Run npm test	2026-10-03T03:20:30.4167717Z   ---
validate	Run npm test	2026-10-03T03:20:30.4167819Z   duration_ms: 1.437285
validate	Run npm test	2026-10-03T03:20:30.4167902Z   ...
validate	Run npm test	2026-10-03T03:20:30.4168285Z # Subtest: instanced interleaved geometry compares its active prefix, including divisor and count
validate	Run npm test	2026-10-03T03:20:30.4168655Z ok 500 - instanced interleaved geometry compares its active prefix, including divisor and count
validate	Run npm test	2026-10-03T03:20:30.4168739Z   ---
validate	Run npm test	2026-10-03T03:20:30.4168836Z   duration_ms: 1.924892
validate	Run npm test	2026-10-03T03:20:30.4168915Z   ...
validate	Run npm test	2026-10-03T03:20:30.4169400Z # Subtest: terrain shadow VP matches the native light and quantized focus through positive, negative and distant targets
validate	Run npm test	2026-10-03T03:20:30.4170025Z ok 501 - terrain shadow VP matches the native light and quantized focus through positive, negative and distant targets
validate	Run npm test	2026-10-03T03:20:30.4170262Z   ---
validate	Run npm test	2026-10-03T03:20:30.4170361Z   duration_ms: 6.623666
validate	Run npm test	2026-10-03T03:20:30.4170444Z   ...
validate	Run npm test	2026-10-03T03:20:30.4170847Z # Subtest: focus ignores terrain height and sub-grid movement but advances at the native grid boundary
validate	Run npm test	2026-10-03T03:20:30.4171224Z ok 502 - focus ignores terrain height and sub-grid movement but advances at the native grid boundary
validate	Run npm test	2026-10-03T03:20:30.4171313Z   ---
validate	Run npm test	2026-10-03T03:20:30.4171410Z   duration_ms: 0.641915
validate	Run npm test	2026-10-03T03:20:30.4171492Z   ...
validate	Run npm test	2026-10-03T03:20:30.4171883Z # Subtest: quality changes replace allocated targets once and same resolution retains GPU resources
validate	Run npm test	2026-10-03T03:20:30.4172262Z ok 503 - quality changes replace allocated targets once and same resolution retains GPU resources
validate	Run npm test	2026-10-03T03:20:30.4172346Z   ---
validate	Run npm test	2026-10-03T03:20:30.4172437Z   duration_ms: 0.589416
validate	Run npm test	2026-10-03T03:20:30.4172520Z   ...
validate	Run npm test	2026-10-03T03:20:30.4172999Z # Subtest: The original dome lasts twenty simulated seconds at its actual radius, without the timed demonstration impact
validate	Run npm test	2026-10-03T03:20:30.4173480Z ok 504 - The original dome lasts twenty simulated seconds at its actual radius, without the timed demonstration impact
validate	Run npm test	2026-10-03T03:20:30.4173567Z   ---
validate	Run npm test	2026-10-03T03:20:30.4173669Z   duration_ms: 132.92045
validate	Run npm test	2026-10-03T03:20:30.4173752Z   ...
validate	Run npm test	2026-10-03T03:20:30.4174318Z # Subtest: Every species triggers one original block from a confirmed hit, on the 3D dome, with pause and reload
validate	Run npm test	2026-10-03T03:20:30.4174748Z ok 505 - Every species triggers one original block from a confirmed hit, on the 3D dome, with pause and reload
validate	Run npm test	2026-10-03T03:20:30.4174831Z   ---
validate	Run npm test	2026-10-03T03:20:30.4174926Z   duration_ms: 144.995207
validate	Run npm test	2026-10-03T03:20:30.4175010Z   ...
validate	Run npm test	2026-10-03T03:20:30.4175389Z # Subtest: Production shield mesh follows the world floor and has no incoming demonstration bolt
validate	Run npm test	2026-10-03T03:20:30.4175757Z ok 506 - Production shield mesh follows the world floor and has no incoming demonstration bolt
validate	Run npm test	2026-10-03T03:20:30.4175837Z   ---
validate	Run npm test	2026-10-03T03:20:30.4175935Z   duration_ms: 22.555734
validate	Run npm test	2026-10-03T03:20:30.4176021Z   ...
validate	Run npm test	2026-10-03T03:20:30.4176303Z # Subtest: sky shader and raw HDR decoder preserve the original lab output
validate	Run npm test	2026-10-03T03:20:30.4176571Z ok 507 - sky shader and raw HDR decoder preserve the original lab output
validate	Run npm test	2026-10-03T03:20:30.4176654Z   ---
validate	Run npm test	2026-10-03T03:20:30.4176750Z   duration_ms: 282.178315
validate	Run npm test	2026-10-03T03:20:30.4176833Z   ...
validate	Run npm test	2026-10-03T03:20:30.4177164Z # Subtest: native exponential sky fade follows simulated day time and survives reload
validate	Run npm test	2026-10-03T03:20:30.4177487Z ok 508 - native exponential sky fade follows simulated day time and survives reload
validate	Run npm test	2026-10-03T03:20:30.4177566Z   ---
validate	Run npm test	2026-10-03T03:20:30.4177663Z   duration_ms: 0.335755
validate	Run npm test	2026-10-03T03:20:30.4177746Z   ...
validate	Run npm test	2026-10-03T03:20:30.4178119Z # Subtest: sky keeps camera rotation independent of translation and restores renderer on failure
validate	Run npm test	2026-10-03T03:20:30.4178480Z ok 509 - sky keeps camera rotation independent of translation and restores renderer on failure
validate	Run npm test	2026-10-03T03:20:30.4178565Z   ---
validate	Run npm test	2026-10-03T03:20:30.4178665Z   duration_ms: 3.298409
validate	Run npm test	2026-10-03T03:20:30.4178744Z   ...
validate	Run npm test	2026-10-03T03:20:30.4179149Z # Subtest: terrain camera tilt, distance, target and clearance reproduce the native instantaneous pose
validate	Run npm test	2026-10-03T03:20:30.4179801Z ok 510 - terrain camera tilt, distance, target and clearance reproduce the native instantaneous pose
validate	Run npm test	2026-10-03T03:20:30.4179961Z   ---
validate	Run npm test	2026-10-03T03:20:30.4180115Z   duration_ms: 20.223755
validate	Run npm test	2026-10-03T03:20:30.4180203Z   ...
validate	Run npm test	2026-10-03T03:20:30.4180642Z # Subtest: actual camera stays above rendered triangles in six biomes and across negative chunk boundaries
validate	Run npm test	2026-10-03T03:20:30.4181049Z ok 511 - actual camera stays above rendered triangles in six biomes and across negative chunk boundaries
validate	Run npm test	2026-10-03T03:20:30.4181133Z   ---
validate	Run npm test	2026-10-03T03:20:30.4181238Z   duration_ms: 1017.616131
validate	Run npm test	2026-10-03T03:20:30.4181316Z   ...
validate	Run npm test	2026-10-03T03:20:30.4181749Z # Subtest: focus keeps unrestricted travel and native canyon/home angles without altering simulation state
validate	Run npm test	2026-10-03T03:20:30.4182154Z ok 512 - focus keeps unrestricted travel and native canyon/home angles without altering simulation state
validate	Run npm test	2026-10-03T03:20:30.4182382Z   ---
validate	Run npm test	2026-10-03T03:20:30.4182475Z   duration_ms: 1.647957
validate	Run npm test	2026-10-03T03:20:30.4182561Z   ...
validate	Run npm test	2026-10-03T03:20:30.4183030Z # Subtest: focus consumes pending damping before applying the new destination; unchanged frames retain the same eye
validate	Run npm test	2026-10-03T03:20:30.4183478Z ok 513 - focus consumes pending damping before applying the new destination; unchanged frames retain the same eye
validate	Run npm test	2026-10-03T03:20:30.4183562Z   ---
validate	Run npm test	2026-10-03T03:20:30.4183661Z   duration_ms: 1.017814
validate	Run npm test	2026-10-03T03:20:30.4183745Z   ...
validate	Run npm test	2026-10-03T03:20:30.4184148Z # Subtest: real OrbitControls do not turn a cliff height correction into a moving camera on idle frames
validate	Run npm test	2026-10-03T03:20:30.4184549Z ok 514 - real OrbitControls do not turn a cliff height correction into a moving camera on idle frames
validate	Run npm test	2026-10-03T03:20:30.4184635Z   ---
validate	Run npm test	2026-10-03T03:20:30.4184730Z   duration_ms: 8.720548
validate	Run npm test	2026-10-03T03:20:30.4184814Z   ...
validate	Run npm test	2026-10-03T03:20:30.4185215Z # Subtest: picking uses the protected camera even when input arrives before the next rendered frame
validate	Run npm test	2026-10-03T03:20:30.4185590Z ok 515 - picking uses the protected camera even when input arrives before the next rendered frame
validate	Run npm test	2026-10-03T03:20:30.4185670Z   ---
validate	Run npm test	2026-10-03T03:20:30.4185887Z   duration_ms: 0.80052
validate	Run npm test	2026-10-03T03:20:30.4185970Z   ...
validate	Run npm test	2026-10-03T03:20:30.4186388Z # Subtest: native ground vertices, colors and normals match original lab in every biome and negative chunks
validate	Run npm test	2026-10-03T03:20:30.4186799Z ok 516 - native ground vertices, colors and normals match original lab in every biome and negative chunks
validate	Run npm test	2026-10-03T03:20:30.4186882Z   ---
validate	Run npm test	2026-10-03T03:20:30.4186982Z   duration_ms: 4608.395408
validate	Run npm test	2026-10-03T03:20:30.4187060Z   ...
validate	Run npm test	2026-10-03T03:20:30.4187469Z # Subtest: visual effects and debris support agree with raycast on native one-unit cells and chunk seams
validate	Run npm test	2026-10-03T03:20:30.4187865Z ok 517 - visual effects and debris support agree with raycast on native one-unit cells and chunk seams
validate	Run npm test	2026-10-03T03:20:30.4187950Z   ---
validate	Run npm test	2026-10-03T03:20:30.4188048Z   duration_ms: 370.580578
validate	Run npm test	2026-10-03T03:20:30.4188131Z   ...
validate	Run npm test	2026-10-03T03:20:30.4188522Z # Subtest: native RGB vertex palette is converted once before lighting in both quality material types
validate	Run npm test	2026-10-03T03:20:30.4188900Z ok 518 - native RGB vertex palette is converted once before lighting in both quality material types
validate	Run npm test	2026-10-03T03:20:30.4188988Z   ---
validate	Run npm test	2026-10-03T03:20:30.4189083Z   duration_ms: 1.715292
validate	Run npm test	2026-10-03T03:20:30.4189161Z   ...
validate	Run npm test	2026-10-03T03:20:30.4189652Z # Subtest: Basic readings advance only manually and do not create, plant or pay anything
validate	Run npm test	2026-10-03T03:20:30.4189985Z ok 519 - Basic readings advance only manually and do not create, plant or pay anything
validate	Run npm test	2026-10-03T03:20:30.4190070Z   ---
validate	Run npm test	2026-10-03T03:20:30.4190165Z   duration_ms: 4.113235
validate	Run npm test	2026-10-03T03:20:30.4190342Z   ...
validate	Run npm test	2026-10-03T03:20:30.4190736Z # Subtest: An already placed native center is recognized without charging a second one
validate	Run npm test	2026-10-03T03:20:30.4191080Z ok 520 - An already placed native center is recognized without charging a second one
validate	Run npm test	2026-10-03T03:20:30.4191337Z   ---
validate	Run npm test	2026-10-03T03:20:30.4191534Z   duration_ms: 4002.228352
validate	Run npm test	2026-10-03T03:20:30.4191645Z   ...
validate	Run npm test	2026-10-03T03:20:30.4192213Z # Subtest: The native farm resumes physical worker actions after reading, and completes only after a paid delivery
validate	Run npm test	2026-10-03T03:20:30.4192710Z ok 521 - The native farm resumes physical worker actions after reading, and completes only after a paid delivery
validate	Run npm test	2026-10-03T03:20:30.4192932Z   ---
validate	Run npm test	2026-10-03T03:20:30.4193066Z   duration_ms: 2842.750316
validate	Run npm test	2026-10-03T03:20:30.4193217Z   ...
validate	Run npm test	2026-10-03T03:20:30.4193736Z # Subtest: Only a previously completed basic tutorial can be skipped; new magic still interrupts the second slot
validate	Run npm test	2026-10-03T03:20:30.4194179Z ok 522 - Only a previously completed basic tutorial can be skipped; new magic still interrupts the second slot
validate	Run npm test	2026-10-03T03:20:30.4194398Z   ---
validate	Run npm test	2026-10-03T03:20:30.4194596Z   duration_ms: 0.642706
validate	Run npm test	2026-10-03T03:20:30.4194879Z   ...
validate	Run npm test	2026-10-03T03:20:30.4195338Z # Subtest: The first unknown raid and Shield pause together; known later raids never add another tutorial pause
validate	Run npm test	2026-10-03T03:20:30.4206872Z ok 523 - The first unknown raid and Shield pause together; known later raids never add another tutorial pause
validate	Run npm test	2026-10-03T03:20:30.4206985Z   ---
validate	Run npm test	2026-10-03T03:20:30.4207096Z   duration_ms: 0.524105
validate	Run npm test	2026-10-03T03:20:30.4207179Z   ...
validate	Run npm test	2026-10-03T03:20:30.4207632Z # Subtest: Growth, Multiply and recovery have independent IDs; repeats and unrelated pauses remain intact
validate	Run npm test	2026-10-03T03:20:30.4208056Z ok 524 - Growth, Multiply and recovery have independent IDs; repeats and unrelated pauses remain intact
validate	Run npm test	2026-10-03T03:20:30.4208139Z   ---
validate	Run npm test	2026-10-03T03:20:30.4208244Z   duration_ms: 0.377793
validate	Run npm test	2026-10-03T03:20:30.4208329Z   ...
validate	Run npm test	2026-10-03T03:20:30.4208822Z # Subtest: Loading preserves an unfinished reading and queue without replaying its sound or silently acknowledging it
validate	Run npm test	2026-10-03T03:20:30.4209282Z ok 525 - Loading preserves an unfinished reading and queue without replaying its sound or silently acknowledging it
validate	Run npm test	2026-10-03T03:20:30.4209373Z   ---
validate	Run npm test	2026-10-03T03:20:30.4209473Z   duration_ms: 2.029046
validate	Run npm test	2026-10-03T03:20:30.4209740Z   ...
validate	Run npm test	2026-10-03T03:20:30.4210148Z # Subtest: Global profile writes merge seen IDs and malformed or unknown data cannot silence messages
validate	Run npm test	2026-10-03T03:20:30.4210716Z ok 526 - Global profile writes merge seen IDs and malformed or unknown data cannot silence messages
validate	Run npm test	2026-10-03T03:20:30.4210800Z   ---
validate	Run npm test	2026-10-03T03:20:30.4210890Z   duration_ms: 1.198931
validate	Run npm test	2026-10-03T03:20:30.4210973Z   ...
validate	Run npm test	2026-10-03T03:20:30.4211420Z # Subtest: Storage failure leaves the slot acknowledged and playable without manufacturing a global completion
validate	Run npm test	2026-10-03T03:20:30.4211854Z ok 527 - Storage failure leaves the slot acknowledged and playable without manufacturing a global completion
validate	Run npm test	2026-10-03T03:20:30.4211941Z   ---
validate	Run npm test	2026-10-03T03:20:30.4212040Z   duration_ms: 0.688522
validate	Run npm test	2026-10-03T03:20:30.4212122Z   ...
validate	Run npm test	2026-10-03T03:20:30.4212543Z # Subtest: Victory is narrated per campaign before the result choices, and expansion appears after hiring
validate	Run npm test	2026-10-03T03:20:30.4212947Z ok 528 - Victory is narrated per campaign before the result choices, and expansion appears after hiring
validate	Run npm test	2026-10-03T03:20:30.4213033Z   ---
validate	Run npm test	2026-10-03T03:20:30.4213130Z   duration_ms: 0.58586
validate	Run npm test	2026-10-03T03:20:30.4213220Z   ...
validate	Run npm test	2026-10-03T03:20:30.4213647Z # Subtest: Snapshots reject unknown tutorial IDs and incoherent modal pauses while retaining legacy slots
validate	Run npm test	2026-10-03T03:20:30.4214048Z ok 529 - Snapshots reject unknown tutorial IDs and incoherent modal pauses while retaining legacy slots
validate	Run npm test	2026-10-03T03:20:30.4214129Z   ---
validate	Run npm test	2026-10-03T03:20:30.4214228Z   duration_ms: 1.159408
validate	Run npm test	2026-10-03T03:20:30.4214309Z   ...
validate	Run npm test	2026-10-03T03:20:30.4214728Z # Subtest: A loaded defeat takes priority over an unfinished explanation without marking that message seen
validate	Run npm test	2026-10-03T03:20:30.4215132Z ok 530 - A loaded defeat takes priority over an unfinished explanation without marking that message seen
validate	Run npm test	2026-10-03T03:20:30.4215220Z   ---
validate	Run npm test	2026-10-03T03:20:30.4215318Z   duration_ms: 0.253452
validate	Run npm test	2026-10-03T03:20:30.4215395Z   ...
validate	Run npm test	2026-10-03T03:20:30.4215763Z # Subtest: Profile memory lives outside slot listings and never changes another slot snapshot
validate	Run npm test	2026-10-03T03:20:30.4216111Z ok 531 - Profile memory lives outside slot listings and never changes another slot snapshot
validate	Run npm test	2026-10-03T03:20:30.4216192Z   ---
validate	Run npm test	2026-10-03T03:20:30.4216287Z   duration_ms: 0.811219
validate	Run npm test	2026-10-03T03:20:30.4216371Z   ...
validate	Run npm test	2026-10-03T03:20:30.4216723Z # Subtest: sabana/mapungubwe: real terrain sowing, watering, maturity, crate and settlement
validate	Run npm test	2026-10-03T03:20:30.4217054Z ok 532 - sabana/mapungubwe: real terrain sowing, watering, maturity, crate and settlement
validate	Run npm test	2026-10-03T03:20:30.4217138Z   ---
validate	Run npm test	2026-10-03T03:20:30.4217238Z   duration_ms: 3293.357434
validate	Run npm test	2026-10-03T03:20:30.4217314Z   ...
validate	Run npm test	2026-10-03T03:20:30.4217667Z # Subtest: sabana/saheliana: real terrain sowing, watering, maturity, crate and settlement
validate	Run npm test	2026-10-03T03:20:30.4217998Z ok 533 - sabana/saheliana: real terrain sowing, watering, maturity, crate and settlement
validate	Run npm test	2026-10-03T03:20:30.4218205Z   ---
validate	Run npm test	2026-10-03T03:20:30.4218301Z   duration_ms: 4210.815798
validate	Run npm test	2026-10-03T03:20:30.4218384Z   ...
validate	Run npm test	2026-10-03T03:20:30.4218714Z # Subtest: sabana/suajili: real terrain sowing, watering, maturity, crate and settlement
validate	Run npm test	2026-10-03T03:20:30.4219031Z ok 534 - sabana/suajili: real terrain sowing, watering, maturity, crate and settlement
validate	Run npm test	2026-10-03T03:20:30.4219114Z   ---
validate	Run npm test	2026-10-03T03:20:30.4219208Z   duration_ms: 6666.840312
validate	Run npm test	2026-10-03T03:20:30.4219293Z   ...
validate	Run npm test	2026-10-03T03:20:30.4219757Z # Subtest: sabana/musgum: real terrain sowing, watering, maturity, crate and settlement
validate	Run npm test	2026-10-03T03:20:30.4220073Z ok 535 - sabana/musgum: real terrain sowing, watering, maturity, crate and settlement
validate	Run npm test	2026-10-03T03:20:30.4220159Z   ---
validate	Run npm test	2026-10-03T03:20:30.4220249Z   duration_ms: 5210.430668
validate	Run npm test	2026-10-03T03:20:30.4220333Z   ...
validate	Run npm test	2026-10-03T03:20:30.4220656Z # Subtest: sabana/etiope: real terrain sowing, watering, maturity, crate and settlement
validate	Run npm test	2026-10-03T03:20:30.4221003Z ok 536 - sabana/etiope: real terrain sowing, watering, maturity, crate and settlement
validate	Run npm test	2026-10-03T03:20:30.4221081Z   ---
validate	Run npm test	2026-10-03T03:20:30.4221184Z   duration_ms: 3858.256125
validate	Run npm test	2026-10-03T03:20:30.4221265Z   ...
validate	Run npm test	2026-10-03T03:20:30.4221632Z # Subtest: gran-rio/mapungubwe: real terrain sowing, watering, maturity, crate and settlement
validate	Run npm test	2026-10-03T03:20:30.4222115Z ok 537 - gran-rio/mapungubwe: real terrain sowing, watering, maturity, crate and settlement
validate	Run npm test	2026-10-03T03:20:30.4222200Z   ---
validate	Run npm test	2026-10-03T03:20:30.4222299Z   duration_ms: 998.886729
validate	Run npm test	2026-10-03T03:20:30.4222381Z   ...
validate	Run npm test	2026-10-03T03:20:30.4222742Z # Subtest: gran-rio/saheliana: real terrain sowing, watering, maturity, crate and settlement
validate	Run npm test	2026-10-03T03:20:30.4223092Z ok 538 - gran-rio/saheliana: real terrain sowing, watering, maturity, crate and settlement
validate	Run npm test	2026-10-03T03:20:30.4223170Z   ---
validate	Run npm test	2026-10-03T03:20:30.4223269Z   duration_ms: 3297.190324
validate	Run npm test	2026-10-03T03:20:30.4223350Z   ...
validate	Run npm test	2026-10-03T03:20:30.4223687Z # Subtest: gran-rio/suajili: real terrain sowing, watering, maturity, crate and settlement
validate	Run npm test	2026-10-03T03:20:30.4224018Z ok 539 - gran-rio/suajili: real terrain sowing, watering, maturity, crate and settlement
validate	Run npm test	2026-10-03T03:20:30.4224101Z   ---
validate	Run npm test	2026-10-03T03:20:30.4224200Z   duration_ms: 4506.739785
validate	Run npm test	2026-10-03T03:20:30.4224280Z   ...
validate	Run npm test	2026-10-03T03:20:30.4224615Z # Subtest: gran-rio/musgum: real terrain sowing, watering, maturity, crate and settlement
validate	Run npm test	2026-10-03T03:20:30.4225113Z ok 540 - gran-rio/musgum: real terrain sowing, watering, maturity, crate and settlement
validate	Run npm test	2026-10-03T03:20:30.4225263Z   ---
validate	Run npm test	2026-10-03T03:20:30.4225626Z   duration_ms: 5211.649395
validate	Run npm test	2026-10-03T03:20:30.4226009Z   ...
validate	Run npm test	2026-10-03T03:20:30.4226739Z # Subtest: gran-rio/etiope: real terrain sowing, watering, maturity, crate and settlement
validate	Run npm test	2026-10-03T03:20:30.4227836Z ok 541 - gran-rio/etiope: real terrain sowing, watering, maturity, crate and settlement
validate	Run npm test	2026-10-03T03:20:30.4228695Z   ---
validate	Run npm test	2026-10-03T03:20:30.4229073Z   duration_ms: 4935.870284
validate	Run npm test	2026-10-03T03:20:30.4229716Z   ...
validate	Run npm test	2026-10-03T03:20:30.4230633Z # Subtest: manglares/mapungubwe: real terrain sowing, watering, maturity, crate and settlement
validate	Run npm test	2026-10-03T03:20:30.4232007Z ok 542 - manglares/mapungubwe: real terrain sowing, watering, maturity, crate and settlement
validate	Run npm test	2026-10-03T03:20:30.4232837Z   ---
validate	Run npm test	2026-10-03T03:20:30.4233211Z   duration_ms: 1093.026673
validate	Run npm test	2026-10-03T03:20:30.4233614Z   ...
validate	Run npm test	2026-10-03T03:20:30.4234468Z # Subtest: manglares/saheliana: real terrain sowing, watering, maturity, crate and settlement
validate	Run npm test	2026-10-03T03:20:30.4235751Z ok 543 - manglares/saheliana: real terrain sowing, watering, maturity, crate and settlement
validate	Run npm test	2026-10-03T03:20:30.4236306Z   ---
validate	Run npm test	2026-10-03T03:20:30.4236513Z   duration_ms: 1179.413052
validate	Run npm test	2026-10-03T03:20:30.4236740Z   ...
validate	Run npm test	2026-10-03T03:20:30.4237188Z # Subtest: manglares/suajili: real terrain sowing, watering, maturity, crate and settlement
validate	Run npm test	2026-10-03T03:20:30.4237879Z ok 544 - manglares/suajili: real terrain sowing, watering, maturity, crate and settlement
validate	Run npm test	2026-10-03T03:20:30.4238302Z   ---
validate	Run npm test	2026-10-03T03:20:30.4238705Z   duration_ms: 1256.735726
validate	Run npm test	2026-10-03T03:20:30.4238927Z   ...
validate	Run npm test	2026-10-03T03:20:30.4239381Z # Subtest: manglares/musgum: real terrain sowing, watering, maturity, crate and settlement
validate	Run npm test	2026-10-03T03:20:30.4240452Z ok 545 - manglares/musgum: real terrain sowing, watering, maturity, crate and settlement
validate	Run npm test	2026-10-03T03:20:30.4240888Z   ---
validate	Run npm test	2026-10-03T03:20:30.4241088Z   duration_ms: 802.272438
validate	Run npm test	2026-10-03T03:20:30.4241311Z   ...
validate	Run npm test	2026-10-03T03:20:30.4241958Z # Subtest: manglares/etiope: real terrain sowing, watering, maturity, crate and settlement
validate	Run npm test	2026-10-03T03:20:30.4242878Z ok 546 - manglares/etiope: real terrain sowing, watering, maturity, crate and settlement
validate	Run npm test	2026-10-03T03:20:30.4243440Z   ---
validate	Run npm test	2026-10-03T03:20:30.4243642Z   duration_ms: 717.11202
validate	Run npm test	2026-10-03T03:20:30.4243976Z   ...
validate	Run npm test	2026-10-03T03:20:30.4244630Z # Subtest: volcanes/mapungubwe: real terrain sowing, watering, maturity, crate and settlement
validate	Run npm test	2026-10-03T03:20:30.4245496Z ok 547 - volcanes/mapungubwe: real terrain sowing, watering, maturity, crate and settlement
validate	Run npm test	2026-10-03T03:20:30.4246076Z   ---
validate	Run npm test	2026-10-03T03:20:30.4246282Z   duration_ms: 4022.231681
validate	Run npm test	2026-10-03T03:20:30.4246506Z   ...
validate	Run npm test	2026-10-03T03:20:30.4246956Z # Subtest: volcanes/saheliana: real terrain sowing, watering, maturity, crate and settlement
validate	Run npm test	2026-10-03T03:20:30.4247879Z ok 548 - volcanes/saheliana: real terrain sowing, watering, maturity, crate and settlement
validate	Run npm test	2026-10-03T03:20:30.4248307Z   ---
validate	Run npm test	2026-10-03T03:20:30.4248497Z   duration_ms: 5960.590133
validate	Run npm test	2026-10-03T03:20:30.4248720Z   ...
validate	Run npm test	2026-10-03T03:20:30.4249159Z # Subtest: volcanes/suajili: real terrain sowing, watering, maturity, crate and settlement
validate	Run npm test	2026-10-03T03:20:30.4250070Z ok 549 - volcanes/suajili: real terrain sowing, watering, maturity, crate and settlement
validate	Run npm test	2026-10-03T03:20:30.4250500Z   ---
validate	Run npm test	2026-10-03T03:20:30.4250696Z   duration_ms: 5542.573797
validate	Run npm test	2026-10-03T03:20:30.4250913Z   ...
validate	Run npm test	2026-10-03T03:20:30.4251349Z # Subtest: volcanes/musgum: real terrain sowing, watering, maturity, crate and settlement
validate	Run npm test	2026-10-03T03:20:30.4252018Z ok 550 - volcanes/musgum: real terrain sowing, watering, maturity, crate and settlement
validate	Run npm test	2026-10-03T03:20:30.4252426Z   ---
validate	Run npm test	2026-10-03T03:20:30.4252621Z   duration_ms: 6595.13449
validate	Run npm test	2026-10-03T03:20:30.4252838Z   ...
validate	Run npm test	2026-10-03T03:20:30.4253265Z # Subtest: volcanes/etiope: real terrain sowing, watering, maturity, crate and settlement
validate	Run npm test	2026-10-03T03:20:30.4253932Z ok 551 - volcanes/etiope: real terrain sowing, watering, maturity, crate and settlement
validate	Run npm test	2026-10-03T03:20:30.4254340Z   ---
validate	Run npm test	2026-10-03T03:20:30.4254529Z   duration_ms: 30633.955246
validate	Run npm test	2026-10-03T03:20:30.4254751Z   ...
validate	Run npm test	2026-10-03T03:20:30.4255229Z # Subtest: gran-canon/mapungubwe: real terrain sowing, watering, maturity, crate and settlement
validate	Run npm test	2026-10-03T03:20:30.4255960Z ok 552 - gran-canon/mapungubwe: real terrain sowing, watering, maturity, crate and settlement
validate	Run npm test	2026-10-03T03:20:30.4256511Z   ---
validate	Run npm test	2026-10-03T03:20:30.4256833Z   duration_ms: 314.066184
validate	Run npm test	2026-10-03T03:20:30.4257127Z   ...
validate	Run npm test	2026-10-03T03:20:30.4257719Z # Subtest: gran-canon/saheliana: real terrain sowing, watering, maturity, crate and settlement
validate	Run npm test	2026-10-03T03:20:30.4258462Z ok 553 - gran-canon/saheliana: real terrain sowing, watering, maturity, crate and settlement
validate	Run npm test	2026-10-03T03:20:30.4259089Z   ---
validate	Run npm test	2026-10-03T03:20:30.4259317Z   duration_ms: 431.310387
validate	Run npm test	2026-10-03T03:20:30.4259864Z   ...
validate	Run npm test	2026-10-03T03:20:30.4260669Z # Subtest: gran-canon/suajili: real terrain sowing, watering, maturity, crate and settlement
validate	Run npm test	2026-10-03T03:20:30.4261457Z ok 554 - gran-canon/suajili: real terrain sowing, watering, maturity, crate and settlement
validate	Run npm test	2026-10-03T03:20:30.4261893Z   ---
validate	Run npm test	2026-10-03T03:20:30.4262088Z   duration_ms: 352.255934
validate	Run npm test	2026-10-03T03:20:30.4262307Z   ...
validate	Run npm test	2026-10-03T03:20:30.4262863Z # Subtest: gran-canon/musgum: real terrain sowing, watering, maturity, crate and settlement
validate	Run npm test	2026-10-03T03:20:30.4264535Z ok 555 - gran-canon/musgum: real terrain sowing, watering, maturity, crate and settlement
validate	Run npm test	2026-10-03T03:20:30.4264993Z   ---
validate	Run npm test	2026-10-03T03:20:30.4265195Z   duration_ms: 509.030939
validate	Run npm test	2026-10-03T03:20:30.4265604Z   ...
validate	Run npm test	2026-10-03T03:20:30.4266069Z # Subtest: gran-canon/etiope: real terrain sowing, watering, maturity, crate and settlement
validate	Run npm test	2026-10-03T03:20:30.4266785Z ok 556 - gran-canon/etiope: real terrain sowing, watering, maturity, crate and settlement
validate	Run npm test	2026-10-03T03:20:30.4267222Z   ---
validate	Run npm test	2026-10-03T03:20:30.4267426Z   duration_ms: 884.816644
validate	Run npm test	2026-10-03T03:20:30.4267651Z   ...
validate	Run npm test	2026-10-03T03:20:30.4268125Z # Subtest: desierto/mapungubwe: real terrain sowing, watering, maturity, crate and settlement
validate	Run npm test	2026-10-03T03:20:30.4268843Z ok 557 - desierto/mapungubwe: real terrain sowing, watering, maturity, crate and settlement
validate	Run npm test	2026-10-03T03:20:30.4269275Z   ---
validate	Run npm test	2026-10-03T03:20:30.4269470Z   duration_ms: 484.541384
validate	Run npm test	2026-10-03T03:20:30.4269864Z   ...
validate	Run npm test	2026-10-03T03:20:30.4270306Z # Subtest: desierto/saheliana: real terrain sowing, watering, maturity, crate and settlement
validate	Run npm test	2026-10-03T03:20:30.4270999Z ok 558 - desierto/saheliana: real terrain sowing, watering, maturity, crate and settlement
validate	Run npm test	2026-10-03T03:20:30.4271419Z   ---
validate	Run npm test	2026-10-03T03:20:30.4271611Z   duration_ms: 855.917734
validate	Run npm test	2026-10-03T03:20:30.4271832Z   ...
validate	Run npm test	2026-10-03T03:20:30.4272261Z # Subtest: desierto/suajili: real terrain sowing, watering, maturity, crate and settlement
validate	Run npm test	2026-10-03T03:20:30.4272931Z ok 559 - desierto/suajili: real terrain sowing, watering, maturity, crate and settlement
validate	Run npm test	2026-10-03T03:20:30.4273472Z   ---
validate	Run npm test	2026-10-03T03:20:30.4273665Z   duration_ms: 612.380423
validate	Run npm test	2026-10-03T03:20:30.4273881Z   ...
validate	Run npm test	2026-10-03T03:20:30.4274308Z # Subtest: desierto/musgum: real terrain sowing, watering, maturity, crate and settlement
validate	Run npm test	2026-10-03T03:20:30.4274972Z ok 560 - desierto/musgum: real terrain sowing, watering, maturity, crate and settlement
validate	Run npm test	2026-10-03T03:20:30.4275381Z   ---
validate	Run npm test	2026-10-03T03:20:30.4275569Z   duration_ms: 742.38079
validate	Run npm test	2026-10-03T03:20:30.4275789Z   ...
validate	Run npm test	2026-10-03T03:20:30.4276217Z # Subtest: desierto/etiope: real terrain sowing, watering, maturity, crate and settlement
validate	Run npm test	2026-10-03T03:20:30.4276871Z ok 561 - desierto/etiope: real terrain sowing, watering, maturity, crate and settlement
validate	Run npm test	2026-10-03T03:20:30.4277285Z   ---
validate	Run npm test	2026-10-03T03:20:30.4277475Z   duration_ms: 1004.306598
validate	Run npm test	2026-10-03T03:20:30.4277692Z   ...
validate	Run npm test	2026-10-03T03:20:30.4278168Z # Subtest: World surface replaces the demonstration crop bed and follows drifting sprite contacts
validate	Run npm test	2026-10-03T03:20:30.4278921Z ok 562 - World surface replaces the demonstration crop bed and follows drifting sprite contacts
validate	Run npm test	2026-10-03T03:20:30.4279365Z   ---
validate	Run npm test	2026-10-03T03:20:30.4279733Z   duration_ms: 9.631458
validate	Run npm test	2026-10-03T03:20:30.4279946Z   ...
validate	Run npm test	2026-10-03T03:20:30.4280425Z # Subtest: VFX extraction traces the original atlas, 19 resources, 18 definitions and eight shaders
validate	Run npm test	2026-10-03T03:20:30.4281176Z ok 563 - VFX extraction traces the original atlas, 19 resources, 18 definitions and eight shaders
validate	Run npm test	2026-10-03T03:20:30.4281617Z   ---
validate	Run npm test	2026-10-03T03:20:30.4281802Z   duration_ms: 3.568282
validate	Run npm test	2026-10-03T03:20:30.4282011Z   ...
validate	Run npm test	2026-10-03T03:20:30.4282469Z # Subtest: Day, sunset and night environment values match original source lighting and matrices
validate	Run npm test	2026-10-03T03:20:30.4283180Z ok 564 - Day, sunset and night environment values match original source lighting and matrices
validate	Run npm test	2026-10-03T03:20:30.4283604Z   ---
validate	Run npm test	2026-10-03T03:20:30.4283794Z   duration_ms: 2.741002
validate	Run npm test	2026-10-03T03:20:30.4284003Z   ...
validate	Run npm test	2026-10-03T03:20:30.4284532Z # Subtest: All 18 compositions reproduce source scheduling, particles, tool poses, geometry and local lights
validate	Run npm test	2026-10-03T03:20:30.4285386Z ok 565 - All 18 compositions reproduce source scheduling, particles, tool poses, geometry and local lights
validate	Run npm test	2026-10-03T03:20:30.4285871Z   ---
validate	Run npm test	2026-10-03T03:20:30.4286062Z   duration_ms: 2039.177899
validate	Run npm test	2026-10-03T03:20:30.4286292Z   ...
validate	Run npm test	2026-10-03T03:20:30.4286716Z # Subtest: Seven rigid particle geometries preserve every original position and normal
validate	Run npm test	2026-10-03T03:20:30.4287376Z ok 566 - Seven rigid particle geometries preserve every original position and normal
validate	Run npm test	2026-10-03T03:20:30.4287790Z   ---
validate	Run npm test	2026-10-03T03:20:30.4287983Z   duration_ms: 42.359557
validate	Run npm test	2026-10-03T03:20:30.4288199Z   ...
validate	Run npm test	2026-10-03T03:20:30.4288774Z # Subtest: Atlas frames retain original inset, flipped rows and interpolated final frame
validate	Run npm test	2026-10-03T03:20:30.4289435Z ok 567 - Atlas frames retain original inset, flipped rows and interpolated final frame
validate	Run npm test	2026-10-03T03:20:30.4289976Z   ---
validate	Run npm test	2026-10-03T03:20:30.4290161Z   duration_ms: 0.352485
validate	Run npm test	2026-10-03T03:20:30.4290377Z   ...
validate	Run npm test	2026-10-03T03:20:30.4290873Z # Subtest: Private VFX clocks freeze at zero elapsed, keep preview contacts external and clear resources
validate	Run npm test	2026-10-03T03:20:30.4291646Z ok 568 - Private VFX clocks freeze at zero elapsed, keep preview contacts external and clear resources
validate	Run npm test	2026-10-03T03:20:30.4292106Z   ---
validate	Run npm test	2026-10-03T03:20:30.4292293Z   duration_ms: 27.527632
validate	Run npm test	2026-10-03T03:20:30.4292510Z   ...
validate	Run npm test	2026-10-03T03:20:30.4293038Z # Subtest: Original presentation caps bound dense particle bursts and layer switches hide their own outputs
validate	Run npm test	2026-10-03T03:20:30.4293864Z ok 569 - Original presentation caps bound dense particle bursts and layer switches hide their own outputs
validate	Run npm test	2026-10-03T03:20:30.4294347Z   ---
validate	Run npm test	2026-10-03T03:20:30.4294539Z   duration_ms: 84.594351
validate	Run npm test	2026-10-03T03:20:30.4294753Z   ...
validate	Run npm test	2026-10-03T03:20:30.4295381Z # Subtest: shield domes and agricultural ribbons query global terrain and preserve their local vertices while projection is rebased
validate	Run npm test	2026-10-03T03:20:30.4296530Z ok 570 - shield domes and agricultural ribbons query global terrain and preserve their local vertices while projection is rebased
validate	Run npm test	2026-10-03T03:20:30.4297088Z   ---
validate	Run npm test	2026-10-03T03:20:30.4297275Z   duration_ms: 105.082407
validate	Run npm test	2026-10-03T03:20:30.4297497Z   ...
validate	Run npm test	2026-10-03T03:20:30.4297963Z # Subtest: Terrain contact maps world heights into a translated, rotated and scaled effect frame
validate	Run npm test	2026-10-03T03:20:30.4298685Z ok 571 - Terrain contact maps world heights into a translated, rotated and scaled effect frame
validate	Run npm test	2026-10-03T03:20:30.4299123Z   ---
validate	Run npm test	2026-10-03T03:20:30.4299309Z   duration_ms: 46.511513
validate	Run npm test	2026-10-03T03:20:30.4299651Z   ...
validate	Run npm test	2026-10-03T03:20:30.4300166Z # Subtest: Native debris follows original terrain heights in all six biomes without changing domain state
validate	Run npm test	2026-10-03T03:20:30.4300979Z ok 572 - Native debris follows original terrain heights in all six biomes without changing domain state
validate	Run npm test	2026-10-03T03:20:30.4301445Z   ---
validate	Run npm test	2026-10-03T03:20:30.4301629Z   duration_ms: 48.483678
validate	Run npm test	2026-10-03T03:20:30.4301849Z   ...
validate	Run npm test	2026-10-03T03:20:30.4302301Z # Subtest: All 18 Three.js VFX preserve native solid, ribbon and sprite uploads before drawing
validate	Run npm test	2026-10-03T03:20:30.4302978Z ok 573 - All 18 Three.js VFX preserve native solid, ribbon and sprite uploads before drawing
validate	Run npm test	2026-10-03T03:20:30.4303396Z   ---
validate	Run npm test	2026-10-03T03:20:30.4303583Z   duration_ms: 208.058428
validate	Run npm test	2026-10-03T03:20:30.4303797Z   ...
validate	Run npm test	2026-10-03T03:20:30.4304329Z # Subtest: Atlas upload preserves original flipped rows, linear sampling, straight alpha and shared ownership
validate	Run npm test	2026-10-03T03:20:30.4305194Z ok 574 - Atlas upload preserves original flipped rows, linear sampling, straight alpha and shared ownership
validate	Run npm test	2026-10-03T03:20:30.4305697Z   ---
validate	Run npm test	2026-10-03T03:20:30.4305892Z   duration_ms: 28.499923
validate	Run npm test	2026-10-03T03:20:30.4306109Z   ...
validate	Run npm test	2026-10-03T03:20:30.4306637Z # Subtest: Root transforms orient particles and carry world camera planes, scale, fog and shadows into shaders
validate	Run npm test	2026-10-03T03:20:30.4307481Z ok 575 - Root transforms orient particles and carry world camera planes, scale, fog and shadows into shaders
validate	Run npm test	2026-10-03T03:20:30.4307967Z   ---
validate	Run npm test	2026-10-03T03:20:30.4308152Z   duration_ms: 19.5579
validate	Run npm test	2026-10-03T03:20:30.4308365Z   ...
validate	Run npm test	2026-10-03T03:20:30.4308938Z # Subtest: Paused VFX keep solid and ribbon buffers stable, clear stops static effects and source layers remain selective
validate	Run npm test	2026-10-03T03:20:30.4310007Z ok 576 - Paused VFX keep solid and ribbon buffers stable, clear stops static effects and source layers remain selective
validate	Run npm test	2026-10-03T03:20:30.4310539Z   ---
validate	Run npm test	2026-10-03T03:20:30.4310726Z   duration_ms: 24.725668
validate	Run npm test	2026-10-03T03:20:30.4310939Z   ...
validate	Run npm test	2026-10-03T03:20:30.4311494Z # Subtest: Effects never participate in interaction raycasts and release private resources before the shared atlas
validate	Run npm test	2026-10-03T03:20:30.4312508Z ok 577 - Effects never participate in interaction raycasts and release private resources before the shared atlas
validate	Run npm test	2026-10-03T03:20:30.4313014Z   ---
validate	Run npm test	2026-10-03T03:20:30.4313198Z   duration_ms: 13.344536
validate	Run npm test	2026-10-03T03:20:30.4313415Z   ...
validate	Run npm test	2026-10-03T03:20:30.4313866Z # Subtest: Native environment retains distinct day, sunset and night lighting for particles
validate	Run npm test	2026-10-03T03:20:30.4314571Z ok 578 - Native environment retains distinct day, sunset and night lighting for particles
validate	Run npm test	2026-10-03T03:20:30.4314999Z   ---
validate	Run npm test	2026-10-03T03:20:30.4315186Z   duration_ms: 0.34364
validate	Run npm test	2026-10-03T03:20:30.4315393Z   ...
validate	Run npm test	2026-10-03T03:20:30.4315934Z # Subtest: Two native local lights retain source positions/colors on world materials and disappear when stopped
validate	Run npm test	2026-10-03T03:20:30.4316778Z ok 579 - Two native local lights retain source positions/colors on world materials and disappear when stopped
validate	Run npm test	2026-10-03T03:20:30.4317264Z   ---
validate	Run npm test	2026-10-03T03:20:30.4317455Z   duration_ms: 15.705039
validate	Run npm test	2026-10-03T03:20:30.4317669Z   ...
validate	Run npm test	2026-10-03T03:20:30.4318184Z # Subtest: five village loaders bound every indexed unit without copying or restricting its shared geometry
validate	Run npm test	2026-10-03T03:20:30.4318994Z ok 580 - five village loaders bound every indexed unit without copying or restricting its shared geometry
validate	Run npm test	2026-10-03T03:20:30.4319810Z   ---
validate	Run npm test	2026-10-03T03:20:30.4319996Z   duration_ms: 354.430516
validate	Run npm test	2026-10-03T03:20:30.4320217Z   ...
validate	Run npm test	2026-10-03T03:20:30.4320712Z # Subtest: volcanic mask and radiance retain authored constants; only cel emission transport is adapted
validate	Run npm test	2026-10-03T03:20:30.4321487Z ok 581 - volcanic mask and radiance retain authored constants; only cel emission transport is adapted
validate	Run npm test	2026-10-03T03:20:30.4321967Z   ---
validate	Run npm test	2026-10-03T03:20:30.4322151Z   duration_ms: 1.835796
validate	Run npm test	2026-10-03T03:20:30.4322361Z   ...
validate	Run npm test	2026-10-03T03:20:30.4322883Z # Subtest: volcanic activation follows all six original manifests and composes with cel, textures and coverage
validate	Run npm test	2026-10-03T03:20:30.4323710Z ok 582 - volcanic activation follows all six original manifests and composes with cel, textures and coverage
validate	Run npm test	2026-10-03T03:20:30.4324195Z   ---
validate	Run npm test	2026-10-03T03:20:30.4324380Z   duration_ms: 19.676562
validate	Run npm test	2026-10-03T03:20:30.4324598Z   ...
validate	Run npm test	2026-10-03T03:20:30.4325057Z # Subtest: Dragging submits only the completed world-space stroke and preserves curved samples
validate	Run npm test	2026-10-03T03:20:30.4325779Z ok 583 - Dragging submits only the completed world-space stroke and preserves curved samples
validate	Run npm test	2026-10-03T03:20:30.4326214Z   ---
validate	Run npm test	2026-10-03T03:20:30.4326398Z   duration_ms: 2.238967
validate	Run npm test	2026-10-03T03:20:30.4326608Z   ...
validate	Run npm test	2026-10-03T03:20:30.4326997Z # Subtest: Pointer cancellation and disabling cannot submit a partial chain
validate	Run npm test	2026-10-03T03:20:30.4327568Z ok 584 - Pointer cancellation and disabling cannot submit a partial chain
validate	Run npm test	2026-10-03T03:20:30.4327933Z   ---
validate	Run npm test	2026-10-03T03:20:30.4328122Z   duration_ms: 0.434319
validate	Run npm test	2026-10-03T03:20:30.4328331Z   ...
validate	Run npm test	2026-10-03T03:20:30.4328737Z # Subtest: Two-finger pan and zoom cancel drawing and never build on finger release
validate	Run npm test	2026-10-03T03:20:30.4329377Z ok 585 - Two-finger pan and zoom cancel drawing and never build on finger release
validate	Run npm test	2026-10-03T03:20:30.4329918Z   ---
validate	Run npm test	2026-10-03T03:20:30.4330100Z   duration_ms: 0.37649
validate	Run npm test	2026-10-03T03:20:30.4330307Z   ...
validate	Run npm test	2026-10-03T03:20:30.4330726Z # Subtest: Short tap stays a tap while alternate camera buttons and Shift pass through
validate	Run npm test	2026-10-03T03:20:30.4331368Z ok 586 - Short tap stays a tap while alternate camera buttons and Shift pass through
validate	Run npm test	2026-10-03T03:20:30.4331766Z   ---
validate	Run npm test	2026-10-03T03:20:30.4331949Z   duration_ms: 1.05837
validate	Run npm test	2026-10-03T03:20:30.4332152Z   ...
validate	Run npm test	2026-10-03T03:20:30.4332599Z # Subtest: Coalesced input keeps the native minimum spacing and disposal removes all handlers
validate	Run npm test	2026-10-03T03:20:30.4333301Z ok 587 - Coalesced input keeps the native minimum spacing and disposal removes all handlers
validate	Run npm test	2026-10-03T03:20:30.4333727Z   ---
validate	Run npm test	2026-10-03T03:20:30.4333913Z   duration_ms: 0.463242
validate	Run npm test	2026-10-03T03:20:30.4334123Z   ...
validate	Run npm test	2026-10-03T03:20:30.4334502Z # Subtest: Native wall layout source and extracted module retain their hashes
validate	Run npm test	2026-10-03T03:20:30.4335212Z ok 588 - Native wall layout source and extracted module retain their hashes
validate	Run npm test	2026-10-03T03:20:30.4335586Z   ---
validate	Run npm test	2026-10-03T03:20:30.4335768Z   duration_ms: 1.832661
validate	Run npm test	2026-10-03T03:20:30.4335975Z   ...
validate	Run npm test	2026-10-03T03:20:30.4336376Z # Subtest: Module sampling preserves original straight, curved and closed paths
validate	Run npm test	2026-10-03T03:20:30.4336978Z ok 589 - Module sampling preserves original straight, curved and closed paths
validate	Run npm test	2026-10-03T03:20:30.4337352Z   ---
validate	Run npm test	2026-10-03T03:20:30.4337535Z   duration_ms: 1.438698
validate	Run npm test	2026-10-03T03:20:30.4337742Z   ...
validate	Run npm test	2026-10-03T03:20:30.4338223Z # Subtest: Enclosure graph and deterministic gates match source including crossings and T junctions
validate	Run npm test	2026-10-03T03:20:30.4338973Z ok 590 - Enclosure graph and deterministic gates match source including crossings and T junctions
validate	Run npm test	2026-10-03T03:20:30.4339425Z   ---
validate	Run npm test	2026-10-03T03:20:30.4339761Z   duration_ms: 22.591788
validate	Run npm test	2026-10-03T03:20:30.4339974Z   ...
validate	Run npm test	2026-10-03T03:20:30.4340404Z # Subtest: Paid chain closes with one gate, no surcharge and exactly one idempotent debit
validate	Run npm test	2026-10-03T03:20:30.4341056Z ok 591 - Paid chain closes with one gate, no surcharge and exactly one idempotent debit
validate	Run npm test	2026-10-03T03:20:30.4341454Z   ---
validate	Run npm test	2026-10-03T03:20:30.4341644Z   duration_ms: 15.545945
validate	Run npm test	2026-10-03T03:20:30.4341855Z   ...
validate	Run npm test	2026-10-03T03:20:30.4342361Z # Subtest: Preview never spends coins, reserves IDs or alters the enclosure and construction revalidates it
validate	Run npm test	2026-10-03T03:20:30.4343294Z ok 592 - Preview never spends coins, reserves IDs or alters the enclosure and construction revalidates it
validate	Run npm test	2026-10-03T03:20:30.4343758Z   ---
validate	Run npm test	2026-10-03T03:20:30.4343939Z   duration_ms: 9.470988
validate	Run npm test	2026-10-03T03:20:30.4344151Z   ...
validate	Run npm test	2026-10-03T03:20:30.4344585Z # Subtest: Invalid terrain, crop intersection and insufficient money leave state unchanged
validate	Run npm test	2026-10-03T03:20:30.4345260Z ok 593 - Invalid terrain, crop intersection and insufficient money leave state unchanged
validate	Run npm test	2026-10-03T03:20:30.4345678Z   ---
validate	Run npm test	2026-10-03T03:20:30.4345865Z   duration_ms: 10.520611
validate	Run npm test	2026-10-03T03:20:30.4346077Z   ...
validate	Run npm test	2026-10-03T03:20:30.4346515Z # Subtest: Removing an automatic gate opens a persistent gap without refund or replacement
validate	Run npm test	2026-10-03T03:20:30.4347191Z ok 594 - Removing an automatic gate opens a persistent gap without refund or replacement
validate	Run npm test	2026-10-03T03:20:30.4347598Z   ---
validate	Run npm test	2026-10-03T03:20:30.4347786Z   duration_ms: 7.490201
validate	Run npm test	2026-10-03T03:20:30.4347998Z   ...
validate	Run npm test	2026-10-03T03:20:30.4348443Z # Subtest: No global 240-module cap; shortened modules affect both sampled and swept obstacles
validate	Run npm test	2026-10-03T03:20:30.4349139Z ok 595 - No global 240-module cap; shortened modules affect both sampled and swept obstacles
validate	Run npm test	2026-10-03T03:20:30.4349737Z   ---
validate	Run npm test	2026-10-03T03:20:30.4349939Z   duration_ms: 1.632177
validate	Run npm test	2026-10-03T03:20:30.4350153Z   ...
validate	Run npm test	2026-10-03T03:20:30.4350568Z # Subtest: Malformed persisted module scale and automatic gate flags are rejected
validate	Run npm test	2026-10-03T03:20:30.4351193Z ok 596 - Malformed persisted module scale and automatic gate flags are rejected
validate	Run npm test	2026-10-03T03:20:30.4351581Z   ---
validate	Run npm test	2026-10-03T03:20:30.4351773Z   duration_ms: 2.384538
validate	Run npm test	2026-10-03T03:20:30.4351987Z   ...
validate	Run npm test	2026-10-03T03:20:30.4352479Z # Subtest: No-center and raid restrictions reject chains and removal without mutating money or modules
validate	Run npm test	2026-10-03T03:20:30.4353258Z ok 597 - No-center and raid restrictions reject chains and removal without mutating money or modules
validate	Run npm test	2026-10-03T03:20:30.4353714Z   ---
validate	Run npm test	2026-10-03T03:20:30.4353899Z   duration_ms: 1.789882
validate	Run npm test	2026-10-03T03:20:30.4354106Z   ...
validate	Run npm test	2026-10-03T03:20:30.4354522Z # Subtest: Removing a reserved repair releases its worker and preserves the ledger
validate	Run npm test	2026-10-03T03:20:30.4355135Z ok 598 - Removing a reserved repair releases its worker and preserves the ledger
validate	Run npm test	2026-10-03T03:20:30.4355519Z   ---
validate	Run npm test	2026-10-03T03:20:30.4355712Z   duration_ms: 1.378325
validate	Run npm test	2026-10-03T03:20:30.4355918Z   ...
validate	Run npm test	2026-10-03T03:20:30.4356335Z # Subtest: Native Bastion extraction preserves source and module hashes
validate	Run npm test	2026-10-03T03:20:30.4357283Z ok 599 - Native Bastion extraction preserves source and module hashes
validate	Run npm test	2026-10-03T03:20:30.4357892Z   ---
validate	Run npm test	2026-10-03T03:20:30.4358254Z   duration_ms: 1.868898
validate	Run npm test	2026-10-03T03:20:30.4358468Z   ...
validate	Run npm test	2026-10-03T03:20:30.4358860Z # Subtest: All materials and gate stages agree with the original native renderer
validate	Run npm test	2026-10-03T03:20:30.4359461Z ok 600 - All materials and gate stages agree with the original native renderer
validate	Run npm test	2026-10-03T03:20:30.4360033Z   ---
validate	Run npm test	2026-10-03T03:20:30.4360219Z   duration_ms: 7.044171
validate	Run npm test	2026-10-03T03:20:30.4360425Z   ...
validate	Run npm test	2026-10-03T03:20:30.4360876Z # Subtest: Every original regional bridge keeps triangle pivots and exact native trajectories
validate	Run npm test	2026-10-03T03:20:30.4361590Z ok 601 - Every original regional bridge keeps triangle pivots and exact native trajectories
validate	Run npm test	2026-10-03T03:20:30.4362019Z   ---
validate	Run npm test	2026-10-03T03:20:30.4362210Z   duration_ms: 641.969202
validate	Run npm test	2026-10-03T03:20:30.4362433Z   ...
validate	Run npm test	2026-10-03T03:20:30.4362951Z # Subtest: Production wall renders opaque native rubble, preserves gate scale and disposes private geometry
validate	Run npm test	2026-10-03T03:20:30.4363765Z ok 602 - Production wall renders opaque native rubble, preserves gate scale and disposes private geometry
validate	Run npm test	2026-10-03T03:20:30.4364248Z   ---
validate	Run npm test	2026-10-03T03:20:30.4364435Z   duration_ms: 192.708344
validate	Run npm test	2026-10-03T03:20:30.4364647Z   ...
validate	Run npm test	2026-10-03T03:20:30.4365871Z # Subtest: Collapse follows simulated remainder and reconstructs correctly after loading or repair
validate	Run npm test	2026-10-03T03:20:30.4366841Z ok 603 - Collapse follows simulated remainder and reconstructs correctly after loading or repair
validate	Run npm test	2026-10-03T03:20:30.4367305Z   ---
validate	Run npm test	2026-10-03T03:20:30.4367511Z   duration_ms: 18.672845
validate	Run npm test	2026-10-03T03:20:30.4367735Z   ...
validate	Run npm test	2026-10-03T03:20:30.4368241Z # Subtest: Ordinary damage uses native 480 ms cubic easing, pauses hold it and collapse overrides it
validate	Run npm test	2026-10-03T03:20:30.4369015Z ok 604 - Ordinary damage uses native 480 ms cubic easing, pauses hold it and collapse overrides it
validate	Run npm test	2026-10-03T03:20:30.4369608Z   ---
validate	Run npm test	2026-10-03T03:20:30.4369815Z   duration_ms: 39.203858
validate	Run npm test	2026-10-03T03:20:30.4370038Z   ...
validate	Run npm test	2026-10-03T03:20:30.4370558Z # Subtest: Articulated leaves retain finite native damage bridges and reconstruct the original closed pose
validate	Run npm test	2026-10-03T03:20:30.4371386Z ok 605 - Articulated leaves retain finite native damage bridges and reconstruct the original closed pose
validate	Run npm test	2026-10-03T03:20:30.4371864Z   ---
validate	Run npm test	2026-10-03T03:20:30.4372068Z   duration_ms: 736.115419
validate	Run npm test	2026-10-03T03:20:30.4372301Z   ...
validate	Run npm test	2026-10-03T03:20:30.4372811Z # Subtest: river and wetland vertices reproduce the source recipe across six biomes and chunk boundaries
validate	Run npm test	2026-10-03T03:20:30.4373602Z ok 606 - river and wetland vertices reproduce the source recipe across six biomes and chunk boundaries
validate	Run npm test	2026-10-03T03:20:30.4374062Z   ---
validate	Run npm test	2026-10-03T03:20:30.4374250Z   duration_ms: 165.03072
validate	Run npm test	2026-10-03T03:20:30.4374472Z   ...
validate	Run npm test	2026-10-03T03:20:30.4374994Z # Subtest: pond and lava pool fans preserve original outline, local level and transformed instance placement
validate	Run npm test	2026-10-03T03:20:30.4375814Z ok 607 - pond and lava pool fans preserve original outline, local level and transformed instance placement
validate	Run npm test	2026-10-03T03:20:30.4376292Z   ---
validate	Run npm test	2026-10-03T03:20:30.4376483Z   duration_ms: 6.064798
validate	Run npm test	2026-10-03T03:20:30.4376698Z   ...
validate	Run npm test	2026-10-03T03:20:30.4377131Z # Subtest: painted fluids evaluate transformed world coordinates for instanced pools
validate	Run npm test	2026-10-03T03:20:30.4377779Z ok 608 - painted fluids evaluate transformed world coordinates for instanced pools
validate	Run npm test	2026-10-03T03:20:30.4378186Z   ---
validate	Run npm test	2026-10-03T03:20:30.4378381Z   duration_ms: 0.647075
validate	Run npm test	2026-10-03T03:20:30.4378595Z   ...
validate	Run npm test	2026-10-03T03:20:30.4379067Z # Subtest: unloading a chunk releases private instance buffers and retains shared water resources
validate	Run npm test	2026-10-03T03:20:30.4379938Z ok 609 - unloading a chunk releases private instance buffers and retains shared water resources
validate	Run npm test	2026-10-03T03:20:30.4380378Z   ---
validate	Run npm test	2026-10-03T03:20:30.4380567Z   duration_ms: 3.341349
validate	Run npm test	2026-10-03T03:20:30.4380774Z   ...
validate	Run npm test	2026-10-03T03:20:30.4381208Z # Subtest: pool fragments keep the original half-open chunk clip and independent bounds
validate	Run npm test	2026-10-03T03:20:30.4381877Z ok 610 - pool fragments keep the original half-open chunk clip and independent bounds
validate	Run npm test	2026-10-03T03:20:30.4382415Z   ---
validate	Run npm test	2026-10-03T03:20:30.4382607Z   duration_ms: 1.05875
validate	Run npm test	2026-10-03T03:20:30.4382820Z   ...
validate	Run npm test	2026-10-03T03:20:30.4383193Z # Subtest: all twenty original GLBs resolve to one distinct runtime variant
validate	Run npm test	2026-10-03T03:20:30.4383758Z ok 611 - all twenty original GLBs resolve to one distinct runtime variant
validate	Run npm test	2026-10-03T03:20:30.4384123Z   ---
validate	Run npm test	2026-10-03T03:20:30.4384308Z   duration_ms: 2.325397
validate	Run npm test	2026-10-03T03:20:30.4384523Z   ...
validate	Run npm test	2026-10-03T03:20:30.4385000Z # Subtest: native pages, injected scripts, JSON and stylesheets use their actual resolution context
validate	Run npm test	2026-10-03T03:20:30.4385750Z ok 612 - native pages, injected scripts, JSON and stylesheets use their actual resolution context
validate	Run npm test	2026-10-03T03:20:30.4386197Z   ---
validate	Run npm test	2026-10-03T03:20:30.4386382Z   duration_ms: 0.651322
validate	Run npm test	2026-10-03T03:20:30.4386588Z   ...
validate	Run npm test	2026-10-03T03:20:30.4387009Z # Subtest: native menu and library receive local decoding before their original parsers
validate	Run npm test	2026-10-03T03:20:30.4387659Z ok 613 - native menu and library receive local decoding before their original parsers
validate	Run npm test	2026-10-03T03:20:30.4388062Z   ---
validate	Run npm test	2026-10-03T03:20:30.4388250Z   duration_ms: 0.857265
validate	Run npm test	2026-10-03T03:20:30.4388463Z   ...
validate	Run npm test	2026-10-03T03:20:30.4388954Z # Subtest: Initial planting and first water track the four original profile speeds in separate phases
validate	Run npm test	2026-10-03T03:20:30.4389986Z ok 614 - Initial planting and first water track the four original profile speeds in separate phases
validate	Run npm test	2026-10-03T03:20:30.4390444Z   ---
validate	Run npm test	2026-10-03T03:20:30.4390630Z   duration_ms: 3.308488
validate	Run npm test	2026-10-03T03:20:30.4390837Z   ...
validate	Run npm test	2026-10-03T03:20:30.4391391Z # Subtest: Paid legal work presents native dig, water and harvest without changing state, including pause and reload
validate	Run npm test	2026-10-03T03:20:30.4392265Z ok 615 - Paid legal work presents native dig, water and harvest without changing state, including pause and reload
validate	Run npm test	2026-10-03T03:20:30.4392766Z   ---
validate	Run npm test	2026-10-03T03:20:30.4392961Z   duration_ms: 166.351374
validate	Run npm test	2026-10-03T03:20:30.4393180Z   ...
validate	Run npm test	2026-10-03T03:20:30.4393693Z # Subtest: Cancelling a task immediately releases its VFX and leaves no static ribbon or private resources
validate	Run npm test	2026-10-03T03:20:30.4394513Z ok 616 - Cancelling a task immediately releases its VFX and leaves no static ribbon or private resources
validate	Run npm test	2026-10-03T03:20:30.4394980Z   ---
validate	Run npm test	2026-10-03T03:20:30.4395168Z   duration_ms: 44.957616
validate	Run npm test	2026-10-03T03:20:30.4395395Z   ...
validate	Run npm test	2026-10-03T03:20:30.4395930Z # Subtest: Visual floor sampling matches the exact rendered triangle and diagonal across negative chunk seams
validate	Run npm test	2026-10-03T03:20:30.4396752Z ok 617 - Visual floor sampling matches the exact rendered triangle and diagonal across negative chunk seams
validate	Run npm test	2026-10-03T03:20:30.4397238Z   ---
validate	Run npm test	2026-10-03T03:20:30.4397425Z   duration_ms: 0.526479
validate	Run npm test	2026-10-03T03:20:30.4397634Z   ...
validate	Run npm test	2026-10-03T03:20:30.4398038Z # Subtest: youngMale: Three loads and applies every native action to its real rig
validate	Run npm test	2026-10-03T03:20:30.4398655Z ok 618 - youngMale: Three loads and applies every native action to its real rig
validate	Run npm test	2026-10-03T03:20:30.4399037Z   ---
validate	Run npm test	2026-10-03T03:20:30.4399228Z   duration_ms: 199.947415
validate	Run npm test	2026-10-03T03:20:30.4399456Z   ...
validate	Run npm test	2026-10-03T03:20:30.4400014Z # Subtest: olderMale: Three loads and applies every native action to its real rig
validate	Run npm test	2026-10-03T03:20:30.4400621Z ok 619 - olderMale: Three loads and applies every native action to its real rig
validate	Run npm test	2026-10-03T03:20:30.4401002Z   ---
validate	Run npm test	2026-10-03T03:20:30.4401196Z   duration_ms: 121.485455
validate	Run npm test	2026-10-03T03:20:30.4401411Z   ...
validate	Run npm test	2026-10-03T03:20:30.4401823Z # Subtest: olderFemale: Three loads and applies every native action to its real rig
validate	Run npm test	2026-10-03T03:20:30.4402444Z ok 620 - olderFemale: Three loads and applies every native action to its real rig
validate	Run npm test	2026-10-03T03:20:30.4402826Z   ---
validate	Run npm test	2026-10-03T03:20:30.4403020Z   duration_ms: 86.878437
validate	Run npm test	2026-10-03T03:20:30.4403233Z   ...
validate	Run npm test	2026-10-03T03:20:30.4403636Z # Subtest: youngFemale: Three loads and applies every native action to its real rig
validate	Run npm test	2026-10-03T03:20:30.4404246Z ok 621 - youngFemale: Three loads and applies every native action to its real rig
validate	Run npm test	2026-10-03T03:20:30.4404640Z   ---
validate	Run npm test	2026-10-03T03:20:30.4404829Z   duration_ms: 86.262647
validate	Run npm test	2026-10-03T03:20:30.4405192Z   ...
validate	Run npm test	2026-10-03T03:20:30.4405631Z # Subtest: youngMale: native action tracks are finite and preserve their last key
validate	Run npm test	2026-10-03T03:20:30.4406233Z ok 622 - youngMale: native action tracks are finite and preserve their last key
validate	Run npm test	2026-10-03T03:20:30.4406616Z   ---
validate	Run npm test	2026-10-03T03:20:30.4406811Z   duration_ms: 25.074199
validate	Run npm test	2026-10-03T03:20:30.4407022Z   ...
validate	Run npm test	2026-10-03T03:20:30.4407411Z # Subtest: olderMale: native action tracks are finite and preserve their last key
validate	Run npm test	2026-10-03T03:20:30.4408011Z ok 623 - olderMale: native action tracks are finite and preserve their last key
validate	Run npm test	2026-10-03T03:20:30.4408387Z   ---
validate	Run npm test	2026-10-03T03:20:30.4408573Z   duration_ms: 11.851989
validate	Run npm test	2026-10-03T03:20:30.4408786Z   ...
validate	Run npm test	2026-10-03T03:20:30.4409186Z # Subtest: olderFemale: native action tracks are finite and preserve their last key
validate	Run npm test	2026-10-03T03:20:30.4409932Z ok 624 - olderFemale: native action tracks are finite and preserve their last key
validate	Run npm test	2026-10-03T03:20:30.4410333Z   ---
validate	Run npm test	2026-10-03T03:20:30.4410522Z   duration_ms: 36.312576
validate	Run npm test	2026-10-03T03:20:30.4410734Z   ...
validate	Run npm test	2026-10-03T03:20:30.4411134Z # Subtest: youngFemale: native action tracks are finite and preserve their last key
validate	Run npm test	2026-10-03T03:20:30.4411753Z ok 625 - youngFemale: native action tracks are finite and preserve their last key
validate	Run npm test	2026-10-03T03:20:30.4412272Z   ---
validate	Run npm test	2026-10-03T03:20:30.4412458Z   duration_ms: 7.677921
validate	Run npm test	2026-10-03T03:20:30.4412677Z   ...
validate	Run npm test	2026-10-03T03:20:30.4413136Z # Subtest: Combined initial work shows planting followed by first watering for both age speeds
validate	Run npm test	2026-10-03T03:20:30.4413854Z ok 626 - Combined initial work shows planting followed by first watering for both age speeds
validate	Run npm test	2026-10-03T03:20:30.4414292Z   ---
validate	Run npm test	2026-10-03T03:20:30.4414478Z   duration_ms: 0.39777
validate	Run npm test	2026-10-03T03:20:30.4414689Z   ...
validate	Run npm test	2026-10-03T03:20:30.4415140Z # Subtest: Incapacitation retreats using slowed Run; first hit holds the native Fall instead
validate	Run npm test	2026-10-03T03:20:30.4415837Z ok 627 - Incapacitation retreats using slowed Run; first hit holds the native Fall instead
validate	Run npm test	2026-10-03T03:20:30.4416270Z   ---
validate	Run npm test	2026-10-03T03:20:30.4416462Z   duration_ms: 0.240157
validate	Run npm test	2026-10-03T03:20:30.4416672Z   ...
validate	Run npm test	2026-10-03T03:20:30.4417077Z # Subtest: Carrying uses the original crate and idle uses the supplied resting pose
validate	Run npm test	2026-10-03T03:20:30.4417693Z ok 628 - Carrying uses the original crate and idle uses the supplied resting pose
validate	Run npm test	2026-10-03T03:20:30.4418088Z   ---
validate	Run npm test	2026-10-03T03:20:30.4418273Z   duration_ms: 0.148526
validate	Run npm test	2026-10-03T03:20:30.4418479Z   ...
validate	Run npm test	2026-10-03T03:20:30.4418930Z # Subtest: fluid uniforms match the original renderer recipe for all biome palettes and seeds
validate	Run npm test	2026-10-03T03:20:30.4419783Z ok 629 - fluid uniforms match the original renderer recipe for all biome palettes and seeds
validate	Run npm test	2026-10-03T03:20:30.4420220Z   ---
validate	Run npm test	2026-10-03T03:20:30.4420415Z   duration_ms: 16.115565
validate	Run npm test	2026-10-03T03:20:30.4420627Z   ...
validate	Run npm test	2026-10-03T03:20:30.4421094Z # Subtest: animation uses integrated simulated time once and shader converts flat inks to linear
validate	Run npm test	2026-10-03T03:20:30.4421830Z ok 630 - animation uses integrated simulated time once and shader converts flat inks to linear
validate	Run npm test	2026-10-03T03:20:30.4422274Z   ---
validate	Run npm test	2026-10-03T03:20:30.4422459Z   duration_ms: 0.966048
validate	Run npm test	2026-10-03T03:20:30.4422677Z   ...
validate	Run npm test	2026-10-03T03:20:30.4423068Z # Subtest: toon retains the same fractional dusk phase as the sky after reload
validate	Run npm test	2026-10-03T03:20:30.4423649Z ok 631 - toon retains the same fractional dusk phase as the sky after reload
validate	Run npm test	2026-10-03T03:20:30.4424024Z   ---
validate	Run npm test	2026-10-03T03:20:30.4424210Z   duration_ms: 1.111489
validate	Run npm test	2026-10-03T03:20:30.4424420Z   ...
validate	Run npm test	2026-10-03T03:20:30.4424948Z # Subtest: world reflections retain the supplied equirectangular HDR sampling, roughness LOD and night fill
validate	Run npm test	2026-10-03T03:20:30.4425785Z ok 632 - world reflections retain the supplied equirectangular HDR sampling, roughness LOD and night fill
validate	Run npm test	2026-10-03T03:20:30.4426269Z   ---
validate	Run npm test	2026-10-03T03:20:30.4426455Z   duration_ms: 3.11094
validate	Run npm test	2026-10-03T03:20:30.4426671Z   ...
validate	Run npm test	2026-10-03T03:20:30.4427284Z # Subtest: already compiled world materials share radiance textures, simulated night and changing sky yaw without texture clones
validate	Run npm test	2026-10-03T03:20:30.4428403Z ok 633 - already compiled world materials share radiance textures, simulated night and changing sky yaw without texture clones
validate	Run npm test	2026-10-03T03:20:30.4428961Z   ---
validate	Run npm test	2026-10-03T03:20:30.4429146Z   duration_ms: 1.234167
validate	Run npm test	2026-10-03T03:20:30.4429357Z   ...
validate	Run npm test	2026-10-03T03:20:30.4430081Z # Subtest: native wet prop material composes reflected radiance with tangent normals, roughness, cel and coverage
validate	Run npm test	2026-10-03T03:20:30.4430951Z ok 634 - native wet prop material composes reflected radiance with tangent normals, roughness, cel and coverage
validate	Run npm test	2026-10-03T03:20:30.4431444Z   ---
validate	Run npm test	2026-10-03T03:20:30.4431633Z   duration_ms: 3.713742
validate	Run npm test	2026-10-03T03:20:30.4431839Z   ...
validate	Run npm test	2026-10-03T03:20:43.4431223Z # Subtest: Navigation refuses a blocked destination, including routes shorter than one step
validate	Run npm test	2026-10-03T03:20:43.4432831Z ok 635 - Navigation refuses a blocked destination, including routes shorter than one step
validate	Run npm test	2026-10-03T03:20:43.4433605Z   ---
validate	Run npm test	2026-10-03T03:20:43.4434011Z   duration_ms: 2.421577
validate	Run npm test	2026-10-03T03:20:43.4434427Z   ...
validate	Run npm test	2026-10-03T03:20:43.4434989Z # Subtest: sabana/mapungubwe/712: original terrain supports initial village and employee route
validate	Run npm test	2026-10-03T03:20:43.4436286Z ok 636 - sabana/mapungubwe/712: original terrain supports initial village and employee route
validate	Run npm test	2026-10-03T03:20:43.4437638Z   ---
validate	Run npm test	2026-10-03T03:20:43.4438033Z   duration_ms: 4576.87862
validate	Run npm test	2026-10-03T03:20:43.4438460Z   ...
validate	Run npm test	2026-10-03T03:20:43.4439388Z # Subtest: sabana/saheliana/712: original terrain supports initial village and employee route
validate	Run npm test	2026-10-03T03:20:43.4440983Z ok 637 - sabana/saheliana/712: original terrain supports initial village and employee route
validate	Run npm test	2026-10-03T03:20:43.4441830Z   ---
validate	Run npm test	2026-10-03T03:20:43.4442229Z   duration_ms: 3660.747283
validate	Run npm test	2026-10-03T03:20:43.4442666Z   ...
validate	Run npm test	2026-10-03T03:20:43.4443520Z # Subtest: sabana/suajili/712: original terrain supports initial village and employee route
validate	Run npm test	2026-10-03T03:20:43.4444480Z ok 638 - sabana/suajili/712: original terrain supports initial village and employee route
validate	Run npm test	2026-10-03T03:20:43.4445312Z   ---
validate	Run npm test	2026-10-03T03:20:43.4445671Z   duration_ms: 3226.415175
validate	Run npm test	2026-10-03T03:20:43.4446056Z   ...
validate	Run npm test	2026-10-03T03:20:43.4446844Z # Subtest: sabana/musgum/712: original terrain supports initial village and employee route
validate	Run npm test	2026-10-03T03:20:43.4448037Z ok 639 - sabana/musgum/712: original terrain supports initial village and employee route
validate	Run npm test	2026-10-03T03:20:43.4448752Z   ---
validate	Run npm test	2026-10-03T03:20:43.4449079Z   duration_ms: 2745.600786
validate	Run npm test	2026-10-03T03:20:43.4449455Z   ...
validate	Run npm test	2026-10-03T03:20:43.4450402Z # Subtest: sabana/etiope/712: original terrain supports initial village and employee route
validate	Run npm test	2026-10-03T03:20:43.4451589Z ok 640 - sabana/etiope/712: original terrain supports initial village and employee route
validate	Run npm test	2026-10-03T03:20:43.4452295Z   ---
validate	Run npm test	2026-10-03T03:20:43.4452619Z   duration_ms: 2665.309617
validate	Run npm test	2026-10-03T03:20:43.4452988Z   ...
validate	Run npm test	2026-10-03T03:20:43.4454403Z # Subtest: gran-rio/mapungubwe/712: original terrain supports initial village and employee route
validate	Run npm test	2026-10-03T03:20:43.4480467Z ok 641 - gran-rio/mapungubwe/712: original terrain supports initial village and employee route
validate	Run npm test	2026-10-03T03:20:43.4481288Z   ---
validate	Run npm test	2026-10-03T03:20:43.4481639Z   duration_ms: 772.694862
validate	Run npm test	2026-10-03T03:20:43.4482029Z   ...
validate	Run npm test	2026-10-03T03:20:43.4482867Z # Subtest: gran-rio/saheliana/712: original terrain supports initial village and employee route
validate	Run npm test	2026-10-03T03:20:43.4484164Z ok 642 - gran-rio/saheliana/712: original terrain supports initial village and employee route
validate	Run npm test	2026-10-03T03:20:43.4484924Z   ---
validate	Run npm test	2026-10-03T03:20:43.4485270Z   duration_ms: 5005.008744
validate	Run npm test	2026-10-03T03:20:43.4485662Z   ...
validate	Run npm test	2026-10-03T03:20:43.4486484Z # Subtest: gran-rio/suajili/712: original terrain supports initial village and employee route
validate	Run npm test	2026-10-03T03:20:43.4487750Z ok 643 - gran-rio/suajili/712: original terrain supports initial village and employee route
validate	Run npm test	2026-10-03T03:20:43.4488486Z   ---
validate	Run npm test	2026-10-03T03:20:43.4488817Z   duration_ms: 3040.788511
validate	Run npm test	2026-10-03T03:20:43.4489199Z   ...
validate	Run npm test	2026-10-03T03:20:43.4490030Z # Subtest: gran-rio/musgum/712: original terrain supports initial village and employee route
validate	Run npm test	2026-10-03T03:20:43.4491039Z ok 644 - gran-rio/musgum/712: original terrain supports initial village and employee route
validate	Run npm test	2026-10-03T03:20:43.4491478Z   ---
validate	Run npm test	2026-10-03T03:20:43.4491688Z   duration_ms: 3374.605147
validate	Run npm test	2026-10-03T03:20:43.4491933Z   ...
validate	Run npm test	2026-10-03T03:20:43.4492392Z # Subtest: gran-rio/etiope/712: original terrain supports initial village and employee route
validate	Run npm test	2026-10-03T03:20:43.4493089Z ok 645 - gran-rio/etiope/712: original terrain supports initial village and employee route
validate	Run npm test	2026-10-03T03:20:43.4493522Z   ---
validate	Run npm test	2026-10-03T03:20:43.4493712Z   duration_ms: 4303.106964
validate	Run npm test	2026-10-03T03:20:43.4493933Z   ...
validate	Run npm test	2026-10-03T03:20:43.4494410Z # Subtest: manglares/mapungubwe/712: original terrain supports initial village and employee route
validate	Run npm test	2026-10-03T03:20:43.4495144Z ok 646 - manglares/mapungubwe/712: original terrain supports initial village and employee route
validate	Run npm test	2026-10-03T03:20:43.4495585Z   ---
validate	Run npm test	2026-10-03T03:20:43.4495782Z   duration_ms: 550.881718
validate	Run npm test	2026-10-03T03:20:43.4496006Z   ...
validate	Run npm test	2026-10-03T03:20:43.4496481Z # Subtest: manglares/saheliana/712: original terrain supports initial village and employee route
validate	Run npm test	2026-10-03T03:20:43.4497208Z ok 647 - manglares/saheliana/712: original terrain supports initial village and employee route
validate	Run npm test	2026-10-03T03:20:43.4497785Z   ---
validate	Run npm test	2026-10-03T03:20:43.4497971Z   duration_ms: 591.926379
validate	Run npm test	2026-10-03T03:20:43.4508441Z   ...
validate	Run npm test	2026-10-03T03:20:43.4509864Z # Subtest: manglares/suajili/712: original terrain supports initial village and employee route
validate	Run npm test	2026-10-03T03:20:43.4511259Z ok 648 - manglares/suajili/712: original terrain supports initial village and employee route
validate	Run npm test	2026-10-03T03:20:43.4512189Z   ---
validate	Run npm test	2026-10-03T03:20:43.4512680Z   duration_ms: 752.491774
validate	Run npm test	2026-10-03T03:20:43.4513089Z   ...
validate	Run npm test	2026-10-03T03:20:43.4513918Z # Subtest: manglares/musgum/712: original terrain supports initial village and employee route
validate	Run npm test	2026-10-03T03:20:43.4515165Z ok 649 - manglares/musgum/712: original terrain supports initial village and employee route
validate	Run npm test	2026-10-03T03:20:43.4515917Z   ---
validate	Run npm test	2026-10-03T03:20:43.4516261Z   duration_ms: 537.392442
validate	Run npm test	2026-10-03T03:20:43.4516638Z   ...
validate	Run npm test	2026-10-03T03:20:43.4517431Z # Subtest: manglares/etiope/712: original terrain supports initial village and employee route
validate	Run npm test	2026-10-03T03:20:43.4518585Z ok 650 - manglares/etiope/712: original terrain supports initial village and employee route
validate	Run npm test	2026-10-03T03:20:43.4519035Z   ---
validate	Run npm test	2026-10-03T03:20:43.4519230Z   duration_ms: 437.986149
validate	Run npm test	2026-10-03T03:20:43.4519454Z   ...
validate	Run npm test	2026-10-03T03:20:43.4520616Z # Subtest: volcanes/mapungubwe/712: original terrain supports initial village and employee route
validate	Run npm test	2026-10-03T03:20:43.4522041Z ok 651 - volcanes/mapungubwe/712: original terrain supports initial village and employee route
validate	Run npm test	2026-10-03T03:20:43.4522885Z   ---
validate	Run npm test	2026-10-03T03:20:43.4523259Z   duration_ms: 3078.098123
validate	Run npm test	2026-10-03T03:20:43.4523679Z   ...
validate	Run npm test	2026-10-03T03:20:43.4524589Z # Subtest: volcanes/saheliana/712: original terrain supports initial village and employee route
validate	Run npm test	2026-10-03T03:20:43.4525999Z ok 652 - volcanes/saheliana/712: original terrain supports initial village and employee route
validate	Run npm test	2026-10-03T03:20:43.4526826Z   ---
validate	Run npm test	2026-10-03T03:20:43.4527197Z   duration_ms: 4491.881553
validate	Run npm test	2026-10-03T03:20:43.4527695Z   ...
validate	Run npm test	2026-10-03T03:20:43.4528493Z # Subtest: volcanes/suajili/712: original terrain supports initial village and employee route
validate	Run npm test	2026-10-03T03:20:43.4529960Z ok 653 - volcanes/suajili/712: original terrain supports initial village and employee route
validate	Run npm test	2026-10-03T03:20:43.4530974Z   ---
validate	Run npm test	2026-10-03T03:20:43.4531283Z   duration_ms: 2825.045408
validate	Run npm test	2026-10-03T03:20:43.4531687Z   ...
validate	Run npm test	2026-10-03T03:20:43.4532478Z # Subtest: volcanes/musgum/712: original terrain supports initial village and employee route
validate	Run npm test	2026-10-03T03:20:43.4533767Z ok 654 - volcanes/musgum/712: original terrain supports initial village and employee route
validate	Run npm test	2026-10-03T03:20:43.4534604Z   ---
validate	Run npm test	2026-10-03T03:20:43.4534996Z   duration_ms: 4585.412524
validate	Run npm test	2026-10-03T03:20:43.4535475Z   ...
validate	Run npm test	2026-10-03T03:20:43.4536364Z # Subtest: volcanes/etiope/712: original terrain supports initial village and employee route
validate	Run npm test	2026-10-03T03:20:43.4537983Z ok 655 - volcanes/etiope/712: original terrain supports initial village and employee route
validate	Run npm test	2026-10-03T03:20:43.4538825Z   ---
validate	Run npm test	2026-10-03T03:20:43.4539196Z   duration_ms: 22328.102373
validate	Run npm test	2026-10-03T03:20:43.4539945Z   ...
validate	Run npm test	2026-10-03T03:20:43.4540894Z # Subtest: gran-canon/mapungubwe/712: original terrain supports initial village and employee route
validate	Run npm test	2026-10-03T03:20:43.4542371Z ok 656 - gran-canon/mapungubwe/712: original terrain supports initial village and employee route
validate	Run npm test	2026-10-03T03:20:43.4543204Z   ---
validate	Run npm test	2026-10-03T03:20:43.4543558Z   duration_ms: 104.473408
validate	Run npm test	2026-10-03T03:20:43.4543938Z   ...
validate	Run npm test	2026-10-03T03:20:43.4544803Z # Subtest: gran-canon/saheliana/712: original terrain supports initial village and employee route
validate	Run npm test	2026-10-03T03:20:43.4546116Z ok 657 - gran-canon/saheliana/712: original terrain supports initial village and employee route
validate	Run npm test	2026-10-03T03:20:43.4546741Z   ---
validate	Run npm test	2026-10-03T03:20:43.4546948Z   duration_ms: 125.878848
validate	Run npm test	2026-10-03T03:20:43.4547180Z   ...
validate	Run npm test	2026-10-03T03:20:43.4547652Z # Subtest: gran-canon/suajili/712: original terrain supports initial village and employee route
validate	Run npm test	2026-10-03T03:20:43.4548945Z ok 658 - gran-canon/suajili/712: original terrain supports initial village and employee route
validate	Run npm test	2026-10-03T03:20:43.4550316Z   ---
validate	Run npm test	2026-10-03T03:20:43.4550686Z   duration_ms: 120.214832
validate	Run npm test	2026-10-03T03:20:43.4551095Z   ...
validate	Run npm test	2026-10-03T03:20:43.4551999Z # Subtest: gran-canon/musgum/712: original terrain supports initial village and employee route
validate	Run npm test	2026-10-03T03:20:43.4553385Z ok 659 - gran-canon/musgum/712: original terrain supports initial village and employee route
validate	Run npm test	2026-10-03T03:20:43.4554199Z   ---
validate	Run npm test	2026-10-03T03:20:43.4554560Z   duration_ms: 123.672876
validate	Run npm test	2026-10-03T03:20:43.4554956Z   ...
validate	Run npm test	2026-10-03T03:20:43.4555808Z # Subtest: gran-canon/etiope/712: original terrain supports initial village and employee route
validate	Run npm test	2026-10-03T03:20:43.4557144Z ok 660 - gran-canon/etiope/712: original terrain supports initial village and employee route
validate	Run npm test	2026-10-03T03:20:43.4557929Z   ---
validate	Run npm test	2026-10-03T03:20:43.4558283Z   duration_ms: 187.302041
validate	Run npm test	2026-10-03T03:20:43.4558685Z   ...
validate	Run npm test	2026-10-03T03:20:43.4559808Z # Subtest: desierto/mapungubwe/712: original terrain supports initial village and employee route
validate	Run npm test	2026-10-03T03:20:43.4561205Z ok 661 - desierto/mapungubwe/712: original terrain supports initial village and employee route
validate	Run npm test	2026-10-03T03:20:43.4562025Z   ---
validate	Run npm test	2026-10-03T03:20:43.4562361Z   duration_ms: 277.975234
validate	Run npm test	2026-10-03T03:20:43.4562757Z   ...
validate	Run npm test	2026-10-03T03:20:43.4563636Z # Subtest: desierto/saheliana/712: original terrain supports initial village and employee route
validate	Run npm test	2026-10-03T03:20:43.4565020Z ok 662 - desierto/saheliana/712: original terrain supports initial village and employee route
validate	Run npm test	2026-10-03T03:20:43.4565813Z   ---
validate	Run npm test	2026-10-03T03:20:43.4566159Z   duration_ms: 402.303139
validate	Run npm test	2026-10-03T03:20:43.4566570Z   ...
validate	Run npm test	2026-10-03T03:20:43.4567425Z # Subtest: desierto/suajili/712: original terrain supports initial village and employee route
validate	Run npm test	2026-10-03T03:20:43.4569038Z ok 663 - desierto/suajili/712: original terrain supports initial village and employee route
validate	Run npm test	2026-10-03T03:20:43.4570310Z   ---
validate	Run npm test	2026-10-03T03:20:43.4570916Z   duration_ms: 152.545321
validate	Run npm test	2026-10-03T03:20:43.4571490Z   ...
validate	Run npm test	2026-10-03T03:20:43.4572460Z # Subtest: desierto/musgum/712: original terrain supports initial village and employee route
validate	Run npm test	2026-10-03T03:20:43.4573963Z ok 664 - desierto/musgum/712: original terrain supports initial village and employee route
validate	Run npm test	2026-10-03T03:20:43.4574969Z   ---
validate	Run npm test	2026-10-03T03:20:43.4575512Z   duration_ms: 224.070852
validate	Run npm test	2026-10-03T03:20:43.4576092Z   ...
validate	Run npm test	2026-10-03T03:20:43.4577100Z # Subtest: desierto/etiope/712: original terrain supports initial village and employee route
validate	Run npm test	2026-10-03T03:20:43.4578580Z ok 665 - desierto/etiope/712: original terrain supports initial village and employee route
validate	Run npm test	2026-10-03T03:20:43.4579767Z   ---
validate	Run npm test	2026-10-03T03:20:43.4580320Z   duration_ms: 309.855873
validate	Run npm test	2026-10-03T03:20:43.4580904Z   ...
validate	Run npm test	2026-10-03T03:20:43.4581975Z # Subtest: sabana/mapungubwe/918271: original terrain supports initial village and employee route
validate	Run npm test	2026-10-03T03:20:43.4583801Z ok 666 - sabana/mapungubwe/918271: original terrain supports initial village and employee route
validate	Run npm test	2026-10-03T03:20:43.4584613Z   ---
validate	Run npm test	2026-10-03T03:20:43.4584956Z   duration_ms: 663.823696
validate	Run npm test	2026-10-03T03:20:43.4585347Z   ...
validate	Run npm test	2026-10-03T03:20:43.4586200Z # Subtest: sabana/saheliana/918271: original terrain supports initial village and employee route
validate	Run npm test	2026-10-03T03:20:43.4587508Z ok 667 - sabana/saheliana/918271: original terrain supports initial village and employee route
validate	Run npm test	2026-10-03T03:20:43.4588285Z   ---
validate	Run npm test	2026-10-03T03:20:43.4588631Z   duration_ms: 672.466357
validate	Run npm test	2026-10-03T03:20:43.4589009Z   ...
validate	Run npm test	2026-10-03T03:20:43.4590034Z # Subtest: sabana/suajili/918271: original terrain supports initial village and employee route
validate	Run npm test	2026-10-03T03:20:43.4591290Z ok 668 - sabana/suajili/918271: original terrain supports initial village and employee route
validate	Run npm test	2026-10-03T03:20:43.4592035Z   ---
validate	Run npm test	2026-10-03T03:20:43.4592366Z   duration_ms: 2795.359165
validate	Run npm test	2026-10-03T03:20:43.4592760Z   ...
validate	Run npm test	2026-10-03T03:20:43.4593574Z # Subtest: sabana/musgum/918271: original terrain supports initial village and employee route
validate	Run npm test	2026-10-03T03:20:43.4594596Z ok 669 - sabana/musgum/918271: original terrain supports initial village and employee route
validate	Run npm test	2026-10-03T03:20:43.4595242Z   ---
validate	Run npm test	2026-10-03T03:20:43.4595444Z   duration_ms: 519.570369
validate	Run npm test	2026-10-03T03:20:43.4595662Z   ...
validate	Run npm test	2026-10-03T03:20:43.4596119Z # Subtest: sabana/etiope/918271: original terrain supports initial village and employee route
validate	Run npm test	2026-10-03T03:20:43.4596825Z ok 670 - sabana/etiope/918271: original terrain supports initial village and employee route
validate	Run npm test	2026-10-03T03:20:43.4597262Z   ---
validate	Run npm test	2026-10-03T03:20:43.4597448Z   duration_ms: 698.627189
validate	Run npm test	2026-10-03T03:20:43.4597664Z   ...
validate	Run npm test	2026-10-03T03:20:43.4598152Z # Subtest: gran-rio/mapungubwe/918271: original terrain supports initial village and employee route
validate	Run npm test	2026-10-03T03:20:43.4598909Z ok 671 - gran-rio/mapungubwe/918271: original terrain supports initial village and employee route
validate	Run npm test	2026-10-03T03:20:43.4599365Z   ---
validate	Run npm test	2026-10-03T03:20:43.4599848Z   duration_ms: 588.370139
validate	Run npm test	2026-10-03T03:20:43.4600250Z   ...
validate	Run npm test	2026-10-03T03:20:43.4640764Z # Subtest: gran-rio/saheliana/918271: original terrain supports initial village and employee route
validate	Run npm test	2026-10-03T03:20:43.4670732Z ok 672 - gran-rio/saheliana/918271: original terrain supports initial village and employee route
validate	Run npm test	2026-10-03T03:20:43.4671702Z   ---
validate	Run npm test	2026-10-03T03:20:43.4700082Z   duration_ms: 566.096025
validate	Run npm test	2026-10-03T03:20:43.4713664Z   ...
validate	Run npm test	2026-10-03T03:20:43.4714746Z # Subtest: gran-rio/suajili/918271: original terrain supports initial village and employee route
validate	Run npm test	2026-10-03T03:20:43.4716379Z ok 673 - gran-rio/suajili/918271: original terrain supports initial village and employee route
validate	Run npm test	2026-10-03T03:20:43.4717381Z   ---
validate	Run npm test	2026-10-03T03:20:43.4717860Z   duration_ms: 4576.755126
validate	Run npm test	2026-10-03T03:20:43.4718441Z   ...
validate	Run npm test	2026-10-03T03:20:43.4719825Z # Subtest: gran-rio/musgum/918271: original terrain supports initial village and employee route
validate	Run npm test	2026-10-03T03:20:43.4721257Z ok 674 - gran-rio/musgum/918271: original terrain supports initial village and employee route
validate	Run npm test	2026-10-03T03:20:43.4722094Z   ---
validate	Run npm test	2026-10-03T03:20:43.4722463Z   duration_ms: 444.770572
validate	Run npm test	2026-10-03T03:20:43.4722810Z   ...
validate	Run npm test	2026-10-03T03:20:43.4723443Z # Subtest: gran-rio/etiope/918271: original terrain supports initial village and employee route
validate	Run npm test	2026-10-03T03:20:43.4724787Z ok 675 - gran-rio/etiope/918271: original terrain supports initial village and employee route
validate	Run npm test	2026-10-03T03:20:43.4725625Z   ---
validate	Run npm test	2026-10-03T03:20:43.4725943Z   duration_ms: 719.557069
validate	Run npm test	2026-10-03T03:20:43.4726322Z   ...
validate	Run npm test	2026-10-03T03:20:43.4727183Z # Subtest: manglares/mapungubwe/918271: original terrain supports initial village and employee route
validate	Run npm test	2026-10-03T03:20:43.4728466Z ok 676 - manglares/mapungubwe/918271: original terrain supports initial village and employee route
validate	Run npm test	2026-10-03T03:20:43.4729253Z   ---
validate	Run npm test	2026-10-03T03:20:43.4729823Z   duration_ms: 401.223401
validate	Run npm test	2026-10-03T03:20:43.4730239Z   ...
validate	Run npm test	2026-10-03T03:20:43.4731119Z # Subtest: manglares/saheliana/918271: original terrain supports initial village and employee route
validate	Run npm test	2026-10-03T03:20:43.4732734Z ok 677 - manglares/saheliana/918271: original terrain supports initial village and employee route
validate	Run npm test	2026-10-03T03:20:43.4733544Z   ---
validate	Run npm test	2026-10-03T03:20:43.4733882Z   duration_ms: 334.840448
validate	Run npm test	2026-10-03T03:20:43.4734303Z   ...
validate	Run npm test	2026-10-03T03:20:43.4735137Z # Subtest: manglares/suajili/918271: original terrain supports initial village and employee route
validate	Run npm test	2026-10-03T03:20:43.4736452Z ok 678 - manglares/suajili/918271: original terrain supports initial village and employee route
validate	Run npm test	2026-10-03T03:20:43.4737202Z   ---
validate	Run npm test	2026-10-03T03:20:43.4737555Z   duration_ms: 273.521782
validate	Run npm test	2026-10-03T03:20:43.4737874Z   ...
validate	Run npm test	2026-10-03T03:20:43.4738361Z # Subtest: manglares/musgum/918271: original terrain supports initial village and employee route
validate	Run npm test	2026-10-03T03:20:43.4739115Z ok 679 - manglares/musgum/918271: original terrain supports initial village and employee route
validate	Run npm test	2026-10-03T03:20:43.4739894Z   ---
validate	Run npm test	2026-10-03T03:20:43.4740244Z   duration_ms: 477.091803
validate	Run npm test	2026-10-03T03:20:43.4740635Z   ...
validate	Run npm test	2026-10-03T03:20:43.4741479Z # Subtest: manglares/etiope/918271: original terrain supports initial village and employee route
validate	Run npm test	2026-10-03T03:20:43.4742800Z ok 680 - manglares/etiope/918271: original terrain supports initial village and employee route
validate	Run npm test	2026-10-03T03:20:43.4743913Z   ---
validate	Run npm test	2026-10-03T03:20:43.4744250Z   duration_ms: 301.410397
validate	Run npm test	2026-10-03T03:20:43.4744662Z   ...
validate	Run npm test	2026-10-03T03:20:43.4745570Z # Subtest: volcanes/mapungubwe/918271: original terrain supports initial village and employee route
validate	Run npm test	2026-10-03T03:20:43.4747014Z ok 681 - volcanes/mapungubwe/918271: original terrain supports initial village and employee route
validate	Run npm test	2026-10-03T03:20:43.4747845Z   ---
validate	Run npm test	2026-10-03T03:20:43.4748195Z   duration_ms: 548.610491
validate	Run npm test	2026-10-03T03:20:43.4748600Z   ...
validate	Run npm test	2026-10-03T03:20:43.4749668Z # Subtest: volcanes/saheliana/918271: original terrain supports initial village and employee route
validate	Run npm test	2026-10-03T03:20:43.4751076Z ok 682 - volcanes/saheliana/918271: original terrain supports initial village and employee route
validate	Run npm test	2026-10-03T03:20:43.4751908Z   ---
validate	Run npm test	2026-10-03T03:20:43.4752227Z   duration_ms: 545.507321
validate	Run npm test	2026-10-03T03:20:43.4752565Z   ...
validate	Run npm test	2026-10-03T03:20:43.4753438Z # Subtest: volcanes/suajili/918271: original terrain supports initial village and employee route
validate	Run npm test	2026-10-03T03:20:43.4754768Z ok 683 - volcanes/suajili/918271: original terrain supports initial village and employee route
validate	Run npm test	2026-10-03T03:20:43.4755555Z   ---
validate	Run npm test	2026-10-03T03:20:43.4755916Z   duration_ms: 4998.437339
validate	Run npm test	2026-10-03T03:20:43.4756289Z   ...
validate	Run npm test	2026-10-03T03:20:43.4757125Z # Subtest: volcanes/musgum/918271: original terrain supports initial village and employee route
validate	Run npm test	2026-10-03T03:20:43.4758286Z ok 684 - volcanes/musgum/918271: original terrain supports initial village and employee route
validate	Run npm test	2026-10-03T03:20:43.4758965Z   ---
validate	Run npm test	2026-10-03T03:20:43.4759307Z   duration_ms: 797.677668
validate	Run npm test	2026-10-03T03:20:43.4759912Z   ...
validate	Run npm test	2026-10-03T03:20:43.4760798Z # Subtest: volcanes/etiope/918271: original terrain supports initial village and employee route
validate	Run npm test	2026-10-03T03:20:43.4762134Z ok 685 - volcanes/etiope/918271: original terrain supports initial village and employee route
validate	Run npm test	2026-10-03T03:20:43.4762929Z   ---
validate	Run npm test	2026-10-03T03:20:43.4763266Z   duration_ms: 2469.296895
validate	Run npm test	2026-10-03T03:20:43.4763675Z   ...
validate	Run npm test	2026-10-03T03:20:43.4764612Z # Subtest: gran-canon/mapungubwe/918271: original terrain supports initial village and employee route
validate	Run npm test	2026-10-03T03:20:43.4766168Z ok 686 - gran-canon/mapungubwe/918271: original terrain supports initial village and employee route
validate	Run npm test	2026-10-03T03:20:43.4767052Z   ---
validate	Run npm test	2026-10-03T03:20:43.4767450Z   duration_ms: 88.739645
validate	Run npm test	2026-10-03T03:20:43.4767878Z   ...
validate	Run npm test	2026-10-03T03:20:43.4768844Z # Subtest: gran-canon/saheliana/918271: original terrain supports initial village and employee route
validate	Run npm test	2026-10-03T03:20:43.4770597Z ok 687 - gran-canon/saheliana/918271: original terrain supports initial village and employee route
validate	Run npm test	2026-10-03T03:20:43.4771470Z   ---
validate	Run npm test	2026-10-03T03:20:43.4771854Z   duration_ms: 121.167525
validate	Run npm test	2026-10-03T03:20:43.4772579Z   ...
validate	Run npm test	2026-10-03T03:20:43.4773524Z # Subtest: gran-canon/suajili/918271: original terrain supports initial village and employee route
validate	Run npm test	2026-10-03T03:20:43.4774962Z ok 688 - gran-canon/suajili/918271: original terrain supports initial village and employee route
validate	Run npm test	2026-10-03T03:20:43.4775876Z   ---
validate	Run npm test	2026-10-03T03:20:43.4776258Z   duration_ms: 72.96917
validate	Run npm test	2026-10-03T03:20:43.4776668Z   ...
validate	Run npm test	2026-10-03T03:20:43.4777601Z # Subtest: gran-canon/musgum/918271: original terrain supports initial village and employee route
validate	Run npm test	2026-10-03T03:20:43.4779115Z ok 689 - gran-canon/musgum/918271: original terrain supports initial village and employee route
validate	Run npm test	2026-10-03T03:20:43.4780217Z   ---
validate	Run npm test	2026-10-03T03:20:43.4780587Z   duration_ms: 121.043774
validate	Run npm test	2026-10-03T03:20:43.4781016Z   ...
validate	Run npm test	2026-10-03T03:20:43.4781935Z # Subtest: gran-canon/etiope/918271: original terrain supports initial village and employee route
validate	Run npm test	2026-10-03T03:20:43.4783362Z ok 690 - gran-canon/etiope/918271: original terrain supports initial village and employee route
validate	Run npm test	2026-10-03T03:20:43.4784239Z   ---
validate	Run npm test	2026-10-03T03:20:43.4784600Z   duration_ms: 182.15908
validate	Run npm test	2026-10-03T03:20:43.4785005Z   ...
validate	Run npm test	2026-10-03T03:20:43.4785943Z # Subtest: desierto/mapungubwe/918271: original terrain supports initial village and employee route
validate	Run npm test	2026-10-03T03:20:43.4787695Z ok 691 - desierto/mapungubwe/918271: original terrain supports initial village and employee route
validate	Run npm test	2026-10-03T03:20:43.4788572Z   ---
validate	Run npm test	2026-10-03T03:20:43.4788953Z   duration_ms: 166.083241
validate	Run npm test	2026-10-03T03:20:43.4789388Z   ...
validate	Run npm test	2026-10-03T03:20:43.4790654Z # Subtest: desierto/saheliana/918271: original terrain supports initial village and employee route
validate	Run npm test	2026-10-03T03:20:43.4792148Z ok 692 - desierto/saheliana/918271: original terrain supports initial village and employee route
validate	Run npm test	2026-10-03T03:20:43.4793028Z   ---
validate	Run npm test	2026-10-03T03:20:43.4793408Z   duration_ms: 291.06791
validate	Run npm test	2026-10-03T03:20:43.4793843Z   ...
validate	Run npm test	2026-10-03T03:20:43.4794746Z # Subtest: desierto/suajili/918271: original terrain supports initial village and employee route
validate	Run npm test	2026-10-03T03:20:43.4796178Z ok 693 - desierto/suajili/918271: original terrain supports initial village and employee route
validate	Run npm test	2026-10-03T03:20:43.4797042Z   ---
validate	Run npm test	2026-10-03T03:20:43.4797427Z   duration_ms: 105.712015
validate	Run npm test	2026-10-03T03:20:43.4797846Z   ...
validate	Run npm test	2026-10-03T03:20:43.4798759Z # Subtest: desierto/musgum/918271: original terrain supports initial village and employee route
validate	Run npm test	2026-10-03T03:20:43.4800456Z ok 694 - desierto/musgum/918271: original terrain supports initial village and employee route
validate	Run npm test	2026-10-03T03:20:43.4801228Z   ---
validate	Run npm test	2026-10-03T03:20:43.4801564Z   duration_ms: 365.543731
validate	Run npm test	2026-10-03T03:20:43.4801950Z   ...
validate	Run npm test	2026-10-03T03:20:43.4802819Z # Subtest: desierto/etiope/918271: original terrain supports initial village and employee route
validate	Run npm test	2026-10-03T03:20:43.4804153Z ok 695 - desierto/etiope/918271: original terrain supports initial village and employee route
validate	Run npm test	2026-10-03T03:20:43.4804967Z   ---
validate	Run npm test	2026-10-03T03:20:43.4805335Z   duration_ms: 249.887482
validate	Run npm test	2026-10-03T03:20:43.4805744Z   ...
validate	Run npm test	2026-10-03T03:20:43.4920280Z 1..695
validate	Run npm test	2026-10-03T03:20:43.4920673Z # tests 695
validate	Run npm test	2026-10-03T03:20:43.4921018Z # suites 0
validate	Run npm test	2026-10-03T03:20:43.4921348Z # pass 690
validate	Run npm test	2026-10-03T03:20:43.4921665Z # fail 5
validate	Run npm test	2026-10-03T03:20:43.4921988Z # cancelled 0
validate	Run npm test	2026-10-03T03:20:43.4922335Z # skipped 0
validate	Run npm test	2026-10-03T03:20:43.4922665Z # todo 0
validate	Run npm test	2026-10-03T03:20:43.4926700Z # duration_ms 265262.378923
validate	Run npm test	2026-10-03T03:20:43.5034512Z ##[error]Process completed with exit code 1.
